{"type":"FeatureCollection","features":[{"type":"Feature","properties":{"name":"Babcock Blvd (Old Loop)","route":"200806"},"geometry":{"type":"MultiLineString","coordinates":[[[-79.99746,40.615],[-79.99571,40.61574],[-79.99527,40.61575],[-79.99516,40.61567],[-79.99506,40.61545],[-79.99487,40.61481],[-79.99425,40.61353],[-79.99364,40.61284],[-79.99239,40.61192],[-79.99233,40.61184],[-79.99231,40.61173],[-79.99234,40.61163],[-79.99296,40.61086]]]}},{"type":"Feature","properties":{"name":"Lodge","route":"5723SP"},"geometry":{"type":"MultiLineString","coordinates":[[[-80.0091,40.32365],[-80.00933,40.32343],[-80.00961,40.32343]]]}},{"type":"Feature","properties":{"name":"Flinn Fields","route":"2745HA"},"geometry":{"type":"MultiLineString","coordinates":[[[-79.92396,40.56894],[-79.92389,40.56911],[-79.92381,40.57022],[-79.92374,40.5706],[-79.92359,40.57069],[-79.92342,40.57072],[-79.92256,40.57069],[-79.92241,40.57064],[-79.92237,40.5705],[-79.9224,40.57018],[-79.92263,40.5688],[-79.9227,40.56863],[-79.92293,40.56842],[-79.92295,40.56808]]]}},{"type":"Feature","properties":{"name":"Linhart","route":"5771SP"},"geometry":{"type":"MultiLineString","coordinates":[[[-80.003,40.33438],[-80.00317,40.33374],[-80.00315,40.33308],[-80.00322,40.33275],[-80.00376,40.33197],[-80.00398,40.3315],[-80.00403,40.33131],[-80.00401,40.33117],[-80.00392,40.33105],[-80.00351,40.3308]]]}},{"type":"Feature","properties":{"name":"Latodomi Farm","route":"1746NP"},"geometry":{"type":"MultiLineString","coordinates":[[[-80.0338,40.62182],[-80.03274,40.62153],[-80.03172,40.62142],[-80.03115,40.62127],[-80.03043,40.62132],[-80.03012,40.62129],[-80.02989,40.62121],[-80.02968,40.62106],[-80.02965,40.62093],[-80.0297,40.62084],[-80.03006,40.62063],[-80.03091,40.62036],[-80.03159,40.62021],[-80.03169,40.62015]]]}},{"type":"Feature","properties":{"name":"Boat House","route":"1755NP"},"geometry":{"type":"MultiLineString","coordinates":[[[-80.00713,40.60516],[-80.00685,40.60514]],[[-80.00695,40.60527],[-80.00685,40.60514],[-80.00581,40.60508]]]}},{"type":"Feature","properties":{"name":"Tennis Court","route":"1763NP"},"geometry":{"type":"MultiLineString","coordinates":[[[-80.01572,40.60902],[-80.0156,40.60892],[-80.01521,40.60841],[-80.0151,40.60815],[-80.01512,40.60762],[-80.01505,40.60744],[-80.01362,40.60619],[-80.01343,40.60608],[-80.01321,40.606],[-80.01297,40.60596],[-80.01144,40.60579],[-80.01102,40.60579],[-80.01039,40.60585],[-80.01014,40.60583],[-80.00995,40.60576],[-80.00976,40.60565],[-80.00881,40.60497],[-80.0086,40.60488],[-80.00788,40.60471],[-80.00742,40.60501],[-80.00713,40.60516]]]}},{"type":"Feature","properties":{"name":"Rose Barn","route":"1745NP"},"geometry":{"type":"MultiLineString","coordinates":[[[-80.00537,40.60475],[-80.00466,40.60545],[-80.0045,40.60552],[-80.00424,40.60555],[-80.00292,40.60663],[-80.00278,40.60667]]]}},{"type":"Feature","properties":{"name":"Bullpen","route":"1756NP"},"geometry":{"type":"MultiLineString","coordinates":[[[-80.01362,40.60309],[-80.01275,40.60304],[-80.01168,40.60291],[-80.01121,40.60276],[-80.01078,40.60253],[-80.01059,40.60224],[-80.01053,40.60145],[-80.01028,40.60068],[-80.01,40.60005],[-80.00972,40.59957],[-80.00941,40.59926],[-80.00881,40.59894],[-80.00833,40.59863],[-80.00804,40.59851],[-80.00751,40.59839],[-80.00689,40.59818],[-80.00675,40.59817],[-80.0063,40.59832],[-80.0061,40.59834],[-80.00541,40.59824],[-80.00455,40.59806],[-80.00445,40.59799],[-80.00441,40.59787],[-80.00459,40.59768],[-80.00478,40.59758],[-80.005,40.59754],[-80.00519,40.59756],[-80.00569,40.59773],[-80.0066,40.59814],[-80.00675,40.59817]]]}},{"type":"Feature","properties":{"name":"Girl Scout","route":"1749NP"},"geometry":{"type":"MultiLineString","coordinates":[[[-80.01651,40.59656],[-80.01657,40.59659],[-80.01695,40.59657],[-80.01702,40.59653],[-80.01695,40.59613],[-80.01686,40.59591],[-80.01619,40.5952],[-80.01601,40.59486]]]}},{"type":"Feature","properties":{"name":"Chip Munk","route":"3738HH"},"geometry":{"type":"MultiLineString","coordinates":[[[-79.70326,40.65691],[-79.70353,40.65681],[-79.70369,40.65667],[-79.70381,40.65646],[-79.7039,40.65592],[-79.70391,40.65539],[-79.70385,40.65449]]]}},{"type":"Feature","properties":{"name":"Devil's Elbow","route":"2757NP"},"geometry":{"type":"MultiLineString","coordinates":[[[-79.99348,40.58718],[-79.99445,40.58586],[-79.99451,40.58564],[-79.99449,40.58543]],[[-79.99494,40.58569],[-79.99456,40.58578],[-79.99445,40.58586]],[[-79.99389,40.58709],[-79.99371,40.58687]]]}},{"type":"Feature","properties":{"name":"North Ridge","route":"1740NP"},"geometry":{"type":"MultiLineString","coordinates":[[[-80.02248,40.61594],[-80.02246,40.61622],[-80.0224,40.61643],[-80.02222,40.61671]],[[-80.02222,40.61671],[-80.02052,40.61763],[-80.01987,40.61821],[-80.01888,40.6194],[-80.01852,40.61967],[-80.01771,40.62013],[-80.01702,40.62077],[-80.01679,40.62086],[-80.01661,40.62086],[-80.01645,40.62081],[-80.01628,40.62061],[-80.01629,40.62043],[-80.01661,40.61915],[-80.01675,40.61896],[-80.01753,40.61817],[-80.01807,40.61751],[-80.01829,40.61713],[-80.01831,40.61688],[-80.01826,40.6167],[-80.01813,40.6165],[-80.0179,40.61632],[-80.01765,40.61622],[-80.01733,40.61617],[-80.017,40.6162],[-80.01671,40.61631],[-80.01655,40.61642],[-80.01645,40.6165],[-80.01588,40.61729],[-80.01471,40.61864],[-80.01457,40.619],[-80.0145,40.62056],[-80.01442,40.62071],[-80.01424,40.62088],[-80.01397,40.62102],[-80.01381,40.62105],[-80.01343,40.62103],[-80.01327,40.62096],[-80.0131,40.62082],[-80.01268,40.62031],[-80.01217,40.61985],[-80.01208,40.61958],[-80.01205,40.6192],[-80.01196,40.61905],[-80.01179,40.61891],[-80.01166,40.61886],[-80.01093,40.61871],[-80.00969,40.61857],[-80.00943,40.61844],[-80.0093,40.61827],[-80.00925,40.61808],[-80.00933,40.61783],[-80.00947,40.61764],[-80.00963,40.61749],[-80.01001,40.61725],[-80.01152,40.61655],[-80.01167,40.6164],[-80.01175,40.6162],[-80.01172,40.61596],[-80.01156,40.61576],[-80.01132,40.61563],[-80.01084,40.61554],[-80.01065,40.61547],[-80.01046,40.6153],[-80.01037,40.61509],[-80.01017,40.61411],[-80.01016,40.61373],[-80.01023,40.61335],[-80.01053,40.61242],[-80.01056,40.6122],[-80.01052,40.61198],[-80.0089,40.60938],[-80.00876,40.60922],[-80.0084,40.60896],[-80.00796,40.60879],[-80.00747,40.60871],[-80.0052,40.60879],[-80.00492,40.60875],[-80.00465,40.60866],[-80.0036,40.60816],[-80.00327,40.60788],[-80.00308,40.60754],[-80.00283,40.60679],[-80.00265,40.60643],[-80.00193,40.60542],[-80.00009,40.60249],[-80.00063,40.60214],[-80.00073,40.60202],[-80.00097,40.60101],[-80.00098,40.60052],[-80.00092,40.6002],[-80.00078,40.5999],[-80.00013,40.599],[-79.99978,40.59859]],[[-80.02309,40.61685],[-80.02272,40.61675],[-80.02222,40.61671]]]}},{"type":"Feature","properties":{"name":"Sleepy Hollow","route":"5776SP"},"geometry":{"type":"MultiLineString","coordinates":[[[-80.00704,40.30126],[-80.00662,40.30082],[-80.00567,40.30006],[-80.00531,40.2997],[-80.00489,40.29919],[-80.00481,40.29906],[-80.0048,40.29896],[-80.00486,40.29885],[-80.00497,40.29875],[-80.00498,40.29869],[-80.00461,40.29833],[-80.00451,40.29795],[-80.00455,40.29789]]]}},{"type":"Feature","properties":{"name":"Cottontail","route":"3736HH"},"geometry":{"type":"MultiLineString","coordinates":[[[-79.69373,40.65051],[-79.69434,40.65052],[-79.69457,40.65061],[-79.69482,40.65082],[-79.69506,40.65135],[-79.69532,40.65163],[-79.6988,40.65378],[-79.69906,40.65388],[-79.69927,40.6539],[-79.70048,40.65383],[-79.70115,40.65385],[-79.70267,40.65411],[-79.70324,40.65442],[-79.70352,40.65448],[-79.70498,40.65448],[-79.70519,40.65444],[-79.7054,40.65435],[-79.70562,40.65412],[-79.70566,40.65393],[-79.70562,40.65374],[-79.70541,40.65329],[-79.70543,40.65315],[-79.7055,40.65303],[-79.70567,40.65288],[-79.70592,40.65276],[-79.70613,40.65271],[-79.70646,40.65271]],[[-79.69344,40.65052],[-79.69373,40.65051],[-79.69349,40.65026],[-79.69329,40.65023],[-79.69318,40.65032],[-79.69318,40.65042],[-79.69327,40.6505],[-79.69344,40.65052]],[[-79.69356,40.65034],[-79.69353,40.65045],[-79.69344,40.65052]]]}},{"type":"Feature","properties":{"name":"Golf Club House","route":"1747NP"},"geometry":{"type":"MultiLineString","coordinates":[[[-80.02293,40.6049],[-80.02295,40.60523],[-80.02289,40.6056],[-80.02281,40.6058],[-80.02258,40.60611],[-80.02174,40.60673],[-80.02148,40.60683],[-80.02124,40.60685]],[[-80.02458,40.60575],[-80.02259,40.6061]]]}},{"type":"Feature","properties":{"name":"Lake Shore","route":"1743NP"},"geometry":{"type":"MultiLineString","coordinates":[[[-80.01303,40.59392],[-80.01275,40.59419],[-80.01249,40.59452],[-80.01208,40.59487],[-80.01172,40.5951],[-80.01128,40.59531],[-80.01078,40.59549],[-80.0074,40.59638],[-80.00695,40.59646],[-80.00657,40.59645],[-80.00623,40.59637],[-80.00594,40.59625],[-80.00569,40.5961],[-80.00549,40.59592],[-80.00534,40.59572],[-80.00514,40.59521],[-80.00491,40.59481],[-80.0047,40.59459],[-80.00434,40.59435],[-80.00395,40.5942],[-80.00344,40.59413],[-80.0028,40.59418],[-80.00236,40.59433],[-80.00109,40.59491],[-80.00075,40.5951],[-80.00051,40.59531],[-80.00026,40.59563],[-80.00017,40.59583],[-80.0001,40.59617],[-80.00014,40.59657],[-80.00033,40.59698],[-80.00059,40.59727],[-80.00477,40.60039],[-80.0051,40.60068],[-80.00531,40.60105],[-80.0054,40.60181],[-80.00552,40.60217],[-80.00575,40.60251],[-80.00607,40.60279],[-80.00627,40.60291],[-80.0067,40.6031],[-80.01203,40.60484],[-80.01291,40.60521],[-80.01372,40.60566],[-80.0141,40.60591],[-80.01461,40.60633],[-80.01604,40.6079]]]}},{"type":"Feature","properties":{"name":"Ranch House","route":"1750NP"},"geometry":{"type":"MultiLineString","coordinates":[[[-80.02303,40.60501],[-80.02346,40.60473],[-80.02394,40.60424]]]}},{"type":"Feature","properties":{"name":"Woodchuck","route":"3737HH"},"geometry":{"type":"MultiLineString","coordinates":[[[-79.69863,40.64911],[-79.69835,40.64887],[-79.69822,40.64885],[-79.69809,40.64889]],[[-79.69846,40.64895],[-79.69844,40.64905],[-79.69836,40.64913]],[[-79.70646,40.65271],[-79.70642,40.65254],[-79.70625,40.65245],[-79.70546,40.65245],[-79.70415,40.65227],[-79.70329,40.65228],[-79.70267,40.65207],[-79.70232,40.6519],[-79.70199,40.65168],[-79.70177,40.65135],[-79.70153,40.6511],[-79.70076,40.65071],[-79.70012,40.64958],[-79.69985,40.64932],[-79.69954,40.64918],[-79.69908,40.64909],[-79.69826,40.64913],[-79.69812,40.64908],[-79.69807,40.64898],[-79.69812,40.6488],[-79.69824,40.64841],[-79.69833,40.64832],[-79.69852,40.64831],[-79.69861,40.64835],[-79.69871,40.64896],[-79.69881,40.6491]]]}},{"type":"Feature","properties":{"name":"North Carolina","route":"1758NP"},"geometry":{"type":"MultiLineString","coordinates":[[[-80.00047,40.60224],[-80.00029,40.60204],[-80.00043,40.6015],[-80.00042,40.60109],[-80.00036,40.60085],[-80.00021,40.60062],[-79.99984,40.60034],[-79.99961,40.6001],[-79.99946,40.60003],[-79.99926,40.60004],[-79.99912,40.60012],[-79.99895,40.60035],[-79.99891,40.60057],[-79.99895,40.60079],[-80.00009,40.60249]],[[-79.99978,40.60202],[-80.00029,40.60204]]]}},{"type":"Feature","properties":{"name":"Service Group","route":"1760NP"},"geometry":{"type":"MultiLineString","coordinates":[[[-80.01541,40.61546],[-80.01559,40.61527],[-80.0163,40.61417],[-80.01659,40.61348],[-80.01681,40.61319],[-80.01726,40.61282],[-80.01839,40.61228],[-80.01848,40.6122]]]}},{"type":"Feature","properties":{"name":"Lodge","route":"1751NP"},"geometry":{"type":"MultiLineString","coordinates":[[[-80.01717,40.61744],[-80.01731,40.61746],[-80.01744,40.61759],[-80.01767,40.618]]]}},{"type":"Feature","properties":{"name":"Old Firehall","route":"1759NP"},"geometry":{"type":"MultiLineString","coordinates":[[[-80.01258,40.59566],[-80.01217,40.5956],[-80.01186,40.5955],[-80.01184,40.5953],[-80.01179,40.59519],[-80.0117,40.59511]]]}},{"type":"Feature","properties":{"name":"Skating Rink Loop","route":"1761NP"},"geometry":{"type":"MultiLineString","coordinates":[[[-80.02453,40.61601],[-80.02352,40.61621],[-80.0234,40.61626],[-80.02322,40.61641],[-80.02325,40.61654],[-80.02332,40.61657],[-80.02339,40.61658],[-80.02352,40.61649],[-80.02344,40.61624]]]}},{"type":"Feature","properties":{"name":"Service Rd","route":"2733HA"},"geometry":{"type":"MultiLineString","coordinates":[[[-79.90913,40.57055],[-79.90878,40.57051]]]}},{"type":"Feature","properties":{"name":"Babcock Blvd (Old Loop)","route":"200805"},"geometry":{"type":"MultiLineString","coordinates":[[[-79.99709,40.59034],[-79.99704,40.59037],[-79.99664,40.59116],[-79.99631,40.59158],[-79.99559,40.59207],[-79.99549,40.59218],[-79.99434,40.59463]]]}},{"type":"Feature","properties":{"name":"West Ridge","route":"1744NP"},"geometry":{"type":"MultiLineString","coordinates":[[[-80.01306,40.5881],[-80.0121,40.58826],[-80.01182,40.58824],[-80.01159,40.58814],[-80.01106,40.58774],[-80.01073,40.58762],[-80.01029,40.58759],[-80.00991,40.5872],[-80.00968,40.5871],[-80.00947,40.58707],[-80.00921,40.5871],[-80.00892,40.58723],[-80.0088,40.58734],[-80.00869,40.58793],[-80.00858,40.58808],[-80.00831,40.58823],[-80.00697,40.58854],[-80.0064,40.58881],[-80.00597,40.58917],[-80.0058,40.58927],[-80.00559,40.58931],[-80.00536,40.5893],[-80.00306,40.58896],[-80.00263,40.5888],[-80.00185,40.58806],[-80.00125,40.58765],[-80.00043,40.5875],[-80.00013,40.58749],[-79.99951,40.58722],[-79.99936,40.58719]]]}},{"type":"Feature","properties":{"name":"Service Rd","route":"2732HA"},"geometry":{"type":"MultiLineString","coordinates":[[[-79.91066,40.56871],[-79.91021,40.56915],[-79.90975,40.56984],[-79.90935,40.57006],[-79.90922,40.57021],[-79.90912,40.5706],[-79.90913,40.57068],[-79.90933,40.57095],[-79.90963,40.5712],[-79.90984,40.57126],[-79.91016,40.57127],[-79.91043,40.57119],[-79.91056,40.57108],[-79.91064,40.57087],[-79.91061,40.57064],[-79.91072,40.57],[-79.91087,40.56958],[-79.91106,40.5694]]]}},{"type":"Feature","properties":{"name":"Upper Lawrence Loop","route":"2730HA"},"geometry":{"type":"MultiLineString","coordinates":[[[-79.9107,40.56862],[-79.91066,40.56871],[-79.91071,40.56892],[-79.91094,40.56926],[-79.91123,40.56958],[-79.9117,40.56993],[-79.91199,40.57003],[-79.91274,40.57012],[-79.91445,40.57049],[-79.91489,40.57051],[-79.91645,40.57012],[-79.9184,40.56952],[-79.91891,40.56931],[-79.91941,40.56905],[-79.9197,40.56885],[-79.92004,40.56854],[-79.92042,40.56834],[-79.92137,40.56802],[-79.92199,40.56777],[-79.92273,40.56761]]]}},{"type":"Feature","properties":{"name":"Service Rd","route":"2750HA"},"geometry":{"type":"MultiLineString","coordinates":[[[-79.91262,40.56747],[-79.9128,40.56753],[-79.9129,40.56768],[-79.91285,40.56783],[-79.91267,40.56805],[-79.91273,40.56825],[-79.91271,40.56837],[-79.91256,40.56847],[-79.91189,40.56865],[-79.91171,40.5688],[-79.91165,40.569]]]}},{"type":"Feature","properties":{"name":"Service Rd","route":"2738HA"},"geometry":{"type":"MultiLineString","coordinates":[[[-79.90951,40.56804],[-79.90946,40.56819],[-79.90928,40.56843],[-79.90844,40.56847],[-79.90832,40.56844],[-79.90827,40.56837],[-79.90829,40.56803]]]}},{"type":"Feature","properties":{"name":"Service Rd","route":"2740HA"},"geometry":{"type":"MultiLineString","coordinates":[[[-79.91477,40.56783],[-79.91455,40.56785],[-79.9142,40.56796],[-79.91392,40.568],[-79.913,40.56803],[-79.91274,40.56795]]]}},{"type":"Feature","properties":{"name":"Lower lawrence Loop","route":"2731HA"},"geometry":{"type":"MultiLineString","coordinates":[[[-79.92039,40.56835],[-79.92025,40.56825],[-79.9202,40.56782],[-79.92007,40.56758],[-79.91993,40.56743],[-79.91963,40.56727],[-79.91896,40.56704],[-79.9183,40.56655],[-79.91773,40.56623],[-79.91748,40.56618],[-79.91728,40.56619],[-79.91705,40.56628],[-79.91609,40.56708],[-79.91499,40.56764],[-79.91451,40.56809],[-79.91324,40.56872],[-79.91233,40.56895],[-79.91149,40.56901],[-79.91127,40.56899],[-79.91106,40.56892],[-79.9107,40.56862]]]}},{"type":"Feature","properties":{"name":"Middle Rd Trail Loop","route":"2760HA"},"geometry":{"type":"MultiLineString","coordinates":[[[-79.92781,40.56577],[-79.92784,40.56645],[-79.92778,40.56899],[-79.9278,40.56936]],[[-79.92804,40.56934],[-79.92764,40.56938],[-79.92741,40.56937],[-79.92729,40.5693],[-79.92702,40.56898],[-79.92694,40.56895],[-79.92665,40.56899],[-79.92657,40.56906],[-79.92647,40.56925],[-79.92628,40.56932],[-79.92576,40.56921],[-79.92497,40.56922],[-79.92453,40.56914],[-79.92425,40.56901],[-79.92394,40.56893],[-79.92365,40.5686],[-79.9232,40.56829],[-79.92289,40.56804],[-79.92277,40.56787],[-79.92273,40.56761],[-79.92324,40.56753],[-79.92373,40.56733],[-79.92415,40.56726],[-79.92435,40.56717],[-79.9245,40.56707],[-79.92557,40.56614],[-79.92576,40.56604],[-79.92726,40.56569],[-79.9275,40.56569],[-79.92791,40.56579],[-79.92811,40.56579]]]}},{"type":"Feature","properties":{"name":"Meadow","route":"3727BP"},"geometry":{"type":"MultiLineString","coordinates":[[[-79.74844,40.46934],[-79.74869,40.46978],[-79.7493,40.47056],[-79.74948,40.47089],[-79.74954,40.47118],[-79.74946,40.47154]]]}},{"type":"Feature","properties":{"name":"Summit","route":"3735BP"},"geometry":{"type":"MultiLineString","coordinates":[[[-79.74946,40.47154],[-79.74979,40.47153],[-79.74999,40.47141],[-79.75016,40.4711],[-79.75028,40.47058],[-79.75015,40.4703],[-79.74968,40.46989],[-79.74956,40.46972],[-79.74938,40.46931],[-79.74928,40.46926],[-79.74921,40.46927],[-79.74915,40.46935],[-79.74919,40.46944],[-79.74952,40.46964]]]}},{"type":"Feature","properties":{"name":"Centerview","route":"3734BP"},"geometry":{"type":"MultiLineString","coordinates":[[[-79.74837,40.46411],[-79.7481,40.46417]],[[-79.74803,40.46387],[-79.74819,40.46396],[-79.74849,40.46424],[-79.74848,40.46434],[-79.74831,40.4646]],[[-79.74639,40.46166],[-79.74744,40.46198],[-79.74787,40.46218],[-79.74808,40.46235],[-79.74818,40.46253],[-79.74819,40.46267],[-79.74792,40.46332],[-79.74792,40.46354],[-79.74816,40.46439],[-79.74844,40.46479],[-79.74861,40.46494],[-79.74917,40.46521],[-79.74941,40.46527],[-79.75035,40.46536],[-79.75104,40.4656],[-79.75166,40.46592],[-79.75226,40.46628],[-79.75245,40.46641],[-79.75276,40.4667],[-79.7531,40.46722],[-79.75315,40.46747],[-79.75313,40.46769],[-79.75306,40.46787],[-79.7529,40.4681],[-79.75271,40.46826],[-79.75217,40.46854],[-79.75204,40.46868],[-79.75199,40.46909],[-79.75206,40.46969],[-79.7522,40.46992],[-79.75255,40.47018],[-79.75353,40.47049]],[[-79.74639,40.46166],[-79.74606,40.46157],[-79.74609,40.46145],[-79.74615,40.46139],[-79.74628,40.46137],[-79.74638,40.46142],[-79.74642,40.46152],[-79.74639,40.46166]]]}},{"type":"Feature","properties":{"name":"Teepee","route":"6773SC"},"geometry":{"type":"MultiLineString","coordinates":[[[-80.16264,40.43076],[-80.16231,40.43081],[-80.16164,40.43081],[-80.16117,40.43073],[-80.1608,40.43056],[-80.1603,40.43011]]]}},{"type":"Feature","properties":{"name":"Teepee","route":"6774SC"},"geometry":{"type":"MultiLineString","coordinates":[[[-80.1603,40.43011],[-80.15918,40.42892],[-80.15906,40.42872],[-80.1587,40.42773],[-80.1585,40.42743],[-80.15745,40.42628],[-80.15728,40.42596],[-80.15698,40.4252]],[[-80.15647,40.42452],[-80.15635,40.42454],[-80.15625,40.42462],[-80.1562,40.42474],[-80.15623,40.42483],[-80.15633,40.42492],[-80.15684,40.42511],[-80.15698,40.4252],[-80.15672,40.4246],[-80.15662,40.42454],[-80.15647,40.42452]]]}},{"type":"Feature","properties":{"name":"Sylvan","route":"4756WO"},"geometry":{"type":"MultiLineString","coordinates":[[[-79.80067,40.3384],[-79.80057,40.33859],[-79.80036,40.33873],[-79.79945,40.33886],[-79.79921,40.33896],[-79.79908,40.33908],[-79.79879,40.33957],[-79.79867,40.3397],[-79.79858,40.33975],[-79.79797,40.33994],[-79.79769,40.34],[-79.79737,40.33992],[-79.79716,40.33972],[-79.79709,40.33955],[-79.79719,40.33801],[-79.79724,40.33768],[-79.79744,40.33719],[-79.79762,40.33689],[-79.79785,40.3366],[-79.79878,40.33579],[-79.79926,40.33528],[-79.79947,40.33498],[-79.7997,40.33451],[-79.79973,40.33431],[-79.7997,40.33412],[-79.79957,40.33392],[-79.79939,40.33378],[-79.7992,40.3337],[-79.79892,40.33365],[-79.79866,40.33366],[-79.79842,40.33371],[-79.79797,40.33394],[-79.79717,40.33465],[-79.79655,40.33536],[-79.79568,40.3366],[-79.7955,40.33691],[-79.79535,40.3374],[-79.79526,40.33831],[-79.79501,40.33896],[-79.79477,40.33937],[-79.79432,40.33996],[-79.79421,40.3401],[-79.7939,40.34033],[-79.79351,40.34049],[-79.7933,40.34053],[-79.79287,40.34055],[-79.79258,40.3405],[-79.79219,40.34031],[-79.79203,40.34015],[-79.79194,40.33997],[-79.7919,40.33923],[-79.7917,40.33875],[-79.79159,40.33861],[-79.79112,40.33821],[-79.79087,40.33809],[-79.79059,40.33803],[-79.79045,40.33784]]]}},{"type":"Feature","properties":{"name":"Sumac","route":"4767WO"},"geometry":{"type":"MultiLineString","coordinates":[[[-79.79598,40.33619],[-79.79652,40.33643],[-79.79667,40.33659],[-79.79675,40.33684],[-79.79656,40.33755],[-79.79659,40.33772],[-79.7967,40.33789],[-79.79682,40.33797],[-79.79719,40.33807]]]}},{"type":"Feature","properties":{"name":"100 Acre Conn","route":"5702SP"},"geometry":{"type":"MultiLineString","coordinates":[[[-80.00873,40.32851],[-80.00794,40.3288]]]}},{"type":"Feature","properties":{"name":"Texas","route":"5716SP"},"geometry":{"type":"MultiLineString","coordinates":[[[-80.01,40.33086],[-80.01006,40.33076],[-80.01017,40.33002],[-80.0105,40.32834],[-80.01074,40.32736],[-80.01081,40.32686],[-80.01077,40.32668],[-80.01054,40.3262],[-80.01019,40.32556],[-80.01012,40.32523],[-80.01011,40.32491],[-80.01024,40.32468],[-80.01042,40.32455],[-80.01074,40.32449],[-80.01089,40.32436]]]}},{"type":"Feature","properties":{"name":"Lookout","route":"5701SP"},"geometry":{"type":"MultiLineString","coordinates":[[[-80.01284,40.32471],[-80.01266,40.32428],[-80.01259,40.3242],[-80.01179,40.32381],[-80.01153,40.32382],[-80.01124,40.32395],[-80.01089,40.32436]]]}},{"type":"Feature","properties":{"name":"Twin Hills Drive","route":"5774SP"},"geometry":{"type":"MultiLineString","coordinates":[[[-80.01689,40.3204],[-80.01677,40.32056],[-80.0166,40.32062],[-80.01318,40.32019]],[[-80.01288,40.32013],[-80.01318,40.32019],[-80.01298,40.3203],[-80.01286,40.3203],[-80.01279,40.32022],[-80.01288,40.32013]]]}},{"type":"Feature","properties":{"name":"SP Wave Pool","route":"5722SP"},"geometry":{"type":"MultiLineString","coordinates":[[[-80.01286,40.31171],[-80.01319,40.31187],[-80.01443,40.31169],[-80.01491,40.31175],[-80.01521,40.31185],[-80.01541,40.31196],[-80.01572,40.31224],[-80.01584,40.31244],[-80.01605,40.31317],[-80.01604,40.31355],[-80.0158,40.31448],[-80.01574,40.31492],[-80.01577,40.31511],[-80.01601,40.31577]],[[-80.01335,40.31185],[-80.01314,40.31175],[-80.01308,40.31156]],[[-80.01257,40.31204],[-80.01281,40.31193],[-80.01319,40.31187]]]}},{"type":"Feature","properties":{"name":"Backenridge","route":"5711SP"},"geometry":{"type":"MultiLineString","coordinates":[[[-80.00239,40.30185],[-80.00253,40.30203],[-80.00243,40.30224],[-80.00383,40.30247],[-80.00408,40.30262],[-80.00436,40.30309],[-80.00468,40.30353],[-80.00529,40.30462],[-80.00536,40.30511],[-80.00526,40.30564],[-80.00505,40.30595],[-80.00434,40.30665]]]}},{"type":"Feature","properties":{"name":"Hereford Dr","route":"4764RH"},"geometry":{"type":"MultiLineString","coordinates":[[[-79.85175,40.25174],[-79.85227,40.25141],[-79.85374,40.25007],[-79.85382,40.24996],[-79.85386,40.24981],[-79.85385,40.24968],[-79.85355,40.24914],[-79.85351,40.2489],[-79.85357,40.24869],[-79.85392,40.24812],[-79.85395,40.24772],[-79.85385,40.24729],[-79.85393,40.24712],[-79.85411,40.24703],[-79.85432,40.24703],[-79.85459,40.2471],[-79.8548,40.2472],[-79.85499,40.24735],[-79.85542,40.24785],[-79.85571,40.24797],[-79.85595,40.24797],[-79.85616,40.24791],[-79.85632,40.24777],[-79.85639,40.24762],[-79.85636,40.24737],[-79.85592,40.24609],[-79.85593,40.24534],[-79.85587,40.24497],[-79.85576,40.2448],[-79.85533,40.24445],[-79.85522,40.24425],[-79.85523,40.24347],[-79.85517,40.24326],[-79.85449,40.24222],[-79.85434,40.24207],[-79.85394,40.2418]]]}},{"type":"Feature","properties":{"name":"Entrance","route":"4725RH"},"geometry":{"type":"MultiLineString","coordinates":[[[-79.85422,40.24105],[-79.85425,40.24141],[-79.85394,40.2418]]]}},{"type":"Feature","properties":{"name":"Hemlock II","route":"2144NP"},"geometry":{"type":"MultiLineString","coordinates":[[[-79.98268,40.5821],[-79.98246,40.58217],[-79.98221,40.58209],[-79.98159,40.58175],[-79.98123,40.58161],[-79.98107,40.58149],[-79.98088,40.58127],[-79.98063,40.58114],[-79.98035,40.58108],[-79.97994,40.58114],[-79.97969,40.58112]]]}},{"type":"Feature","properties":{"name":"Main","route":"2729HA"},"geometry":{"type":"MultiLineString","coordinates":[[[-79.9107,40.56862],[-79.91046,40.56829],[-79.9103,40.56817],[-79.91011,40.5681],[-79.90901,40.56801],[-79.90804,40.56803],[-79.90768,40.56797],[-79.90714,40.56783],[-79.9068,40.56769],[-79.90594,40.56713],[-79.90584,40.56697],[-79.90582,40.56639],[-79.90587,40.56625],[-79.90599,40.56612],[-79.90615,40.56604],[-79.9067,40.56594],[-79.90677,40.56588],[-79.90679,40.56578],[-79.90673,40.56569],[-79.90537,40.56482],[-79.90513,40.56457],[-79.90513,40.5645]]]}},{"type":"Feature","properties":{"name":"Entrance","route":"3726HH"},"geometry":{"type":"MultiLineString","coordinates":[[[-79.70789,40.65311],[-79.70733,40.65305],[-79.7071,40.65299],[-79.70682,40.65283],[-79.70646,40.65271]]]}},{"type":"Feature","properties":{"name":"Crayfish","route":"3730DL"},"geometry":{"type":"MultiLineString","coordinates":[[[-79.8225,40.627],[-79.82215,40.62712],[-79.82178,40.62711],[-79.82151,40.62702],[-79.82103,40.62666],[-79.82062,40.62646],[-79.81969,40.62631],[-79.81925,40.62627],[-79.81899,40.6263],[-79.81859,40.62644],[-79.81763,40.62694],[-79.81737,40.62693],[-79.81716,40.62684],[-79.81702,40.62664],[-79.81706,40.62643],[-79.8176,40.62596],[-79.81798,40.62553],[-79.81852,40.62439],[-79.81853,40.62402],[-79.81842,40.6239]],[[-79.82273,40.62659],[-79.82263,40.62662],[-79.82257,40.62669],[-79.8225,40.627],[-79.8229,40.62679],[-79.8229,40.62666],[-79.82282,40.62661],[-79.82273,40.62659]]]}},{"type":"Feature","properties":{"name":"Cattail","route":"3731DL"},"geometry":{"type":"MultiLineString","coordinates":[[[-79.8223,40.6229],[-79.82191,40.62163],[-79.82179,40.62142],[-79.82158,40.62126],[-79.82119,40.62116],[-79.82024,40.62121],[-79.81998,40.6212],[-79.81976,40.62115],[-79.8195,40.62103],[-79.81905,40.62061],[-79.81871,40.62038],[-79.8179,40.62006],[-79.81769,40.61995],[-79.81751,40.6198],[-79.81713,40.61936],[-79.81679,40.61915],[-79.81648,40.61904],[-79.81618,40.619],[-79.81509,40.61901]]]}},{"type":"Feature","properties":{"name":"Papoose","route":"6772SC"},"geometry":{"type":"MultiLineString","coordinates":[[[-80.1603,40.43011],[-80.15915,40.43077],[-80.15891,40.43107],[-80.15885,40.43128],[-80.15887,40.4315],[-80.15904,40.43179],[-80.15982,40.43258],[-80.15993,40.43275],[-80.15999,40.43306],[-80.15995,40.43388],[-80.15991,40.43402],[-80.15981,40.43416],[-80.15952,40.43435],[-80.15934,40.43438],[-80.15717,40.43424],[-80.15688,40.4343],[-80.15644,40.43448]],[[-80.15631,40.43425],[-80.15639,40.43431],[-80.15666,40.43437],[-80.15659,40.43456],[-80.15663,40.4347]]]}},{"type":"Feature","properties":{"name":"Golf Course","route":"5718SP"},"geometry":{"type":"MultiLineString","coordinates":[[[-79.99998,40.32618],[-79.99987,40.32581],[-79.99969,40.32465],[-79.99963,40.32463],[-79.99931,40.32469],[-79.99918,40.32467],[-79.99897,40.32456],[-79.99885,40.3244],[-79.99883,40.32428],[-79.99887,40.32414],[-79.99916,40.32387]]]}},{"type":"Feature","properties":{"name":"Girl Scout Camp","route":"5705SP"},"geometry":{"type":"MultiLineString","coordinates":[[[-80.01106,40.31892],[-80.01082,40.31878],[-80.01058,40.31876],[-80.0098,40.319],[-80.00858,40.31945]]]}},{"type":"Feature","properties":{"name":"Stone Manse","route":"5704SP"},"geometry":{"type":"MultiLineString","coordinates":[[[-80.00799,40.31963],[-80.00631,40.32037],[-80.00607,40.32045],[-80.0049,40.3205],[-80.0036,40.3208],[-80.00269,40.32095],[-80.00251,40.32095],[-80.00235,40.3209],[-80.0022,40.32074],[-80.00218,40.32057],[-80.00225,40.32045],[-80.00264,40.32003],[-80.00292,40.31933],[-80.00316,40.31863],[-80.00309,40.31809],[-80.00313,40.3178],[-80.00306,40.31768],[-80.00291,40.31765],[-80.00248,40.31774],[-80.00207,40.31789],[-80.00165,40.31817],[-80.00149,40.31818],[-80.00135,40.31811],[-80.00127,40.318],[-80.00121,40.31765],[-80.00139,40.31695],[-80.00139,40.31627],[-80.00131,40.31602]]]}},{"type":"Feature","properties":{"name":"Wooded Gap","route":"5709SP"},"geometry":{"type":"MultiLineString","coordinates":[[[-79.99355,40.31273],[-79.99379,40.31338],[-79.99402,40.31442],[-79.99415,40.31464],[-79.99433,40.3148]],[[-79.9936,40.31234],[-79.9937,40.31237],[-79.99372,40.31244],[-79.99355,40.31273],[-79.9935,40.31248],[-79.99353,40.31237],[-79.9936,40.31234]]]}},{"type":"Feature","properties":{"name":"Sunny Slope","route":"5706SP"},"geometry":{"type":"MultiLineString","coordinates":[[[-79.9942,40.3149],[-79.9943,40.31483],[-79.99444,40.31467],[-79.99461,40.31421],[-79.99477,40.31393],[-79.99578,40.31297],[-79.99578,40.31288],[-79.9957,40.31272],[-79.99516,40.31169],[-79.99477,40.31079],[-79.99475,40.31063],[-79.99487,40.31041],[-79.99525,40.31004],[-79.99535,40.30988],[-79.9954,40.3097],[-79.99542,40.30929],[-79.9955,40.30917],[-79.99568,40.30852],[-79.99594,40.3082],[-79.99621,40.30802]]]}},{"type":"Feature","properties":{"name":"Game Preserve","route":"5721SP"},"geometry":{"type":"MultiLineString","coordinates":[[[-80.0023,40.30998],[-80.00252,40.30999],[-80.00288,40.31012],[-80.00307,40.31006],[-80.00343,40.30923],[-80.00441,40.30849],[-80.00442,40.30841],[-80.00437,40.30836],[-80.0041,40.30827]]]}},{"type":"Feature","properties":{"name":"Sunny Slope Extension","route":"5719SP"},"geometry":{"type":"MultiLineString","coordinates":[[[-79.99622,40.30695],[-79.99589,40.30699],[-79.99558,40.30707],[-79.99501,40.30749],[-79.99482,40.30774],[-79.9947,40.30801],[-79.99473,40.30835],[-79.9947,40.30847],[-79.99436,40.30885],[-79.99431,40.30905],[-79.99481,40.30909],[-79.99495,40.30927],[-79.99508,40.30933],[-79.99542,40.30929]]]}},{"type":"Feature","properties":{"name":"Farm Show","route":"5772SP"},"geometry":{"type":"MultiLineString","coordinates":[[[-79.99616,40.30386],[-79.99445,40.30438],[-79.99403,40.30448],[-79.99389,40.30445],[-79.99377,40.30438],[-79.99351,40.30413]]]}},{"type":"Feature","properties":{"name":"Buffalo","route":"5715SP"},"geometry":{"type":"MultiLineString","coordinates":[[[-79.99564,40.30402],[-79.99591,40.30556],[-79.996,40.30668],[-79.99622,40.30695],[-79.99644,40.30697]]]}},{"type":"Feature","properties":{"name":"Cherry","route":"3733BP"},"geometry":{"type":"MultiLineString","coordinates":[[[-79.75353,40.47049],[-79.75362,40.47056],[-79.75374,40.47072],[-79.75386,40.47109],[-79.75386,40.47143],[-79.75375,40.47176],[-79.75363,40.47192],[-79.7533,40.47219],[-79.75283,40.47243],[-79.75241,40.47259],[-79.75191,40.47265],[-79.75121,40.47268],[-79.75039,40.47263],[-79.75013,40.47257],[-79.74903,40.47214],[-79.74877,40.47198],[-79.74874,40.47177],[-79.74888,40.47161],[-79.74912,40.47153],[-79.74946,40.47154]]]}},{"type":"Feature","properties":{"name":"Entrance","route":"3728BP"},"geometry":{"type":"MultiLineString","coordinates":[[[-79.75475,40.47043],[-79.75467,40.47039],[-79.75429,40.47034],[-79.754,40.47034],[-79.75376,40.47037],[-79.75353,40.47049]]]}},{"type":"Feature","properties":{"name":"Twin Hills","route":"5713SP"},"geometry":{"type":"MultiLineString","coordinates":[[[-80.0253,40.32447],[-80.02503,40.32469],[-80.0243,40.32543],[-80.02402,40.32564],[-80.0237,40.32581],[-80.02334,40.32593],[-80.02296,40.32601],[-80.02154,40.32618],[-80.02132,40.32615],[-80.02109,40.32607],[-80.02081,40.32583],[-80.02072,40.32565],[-80.0207,40.32547],[-80.02074,40.32528],[-80.0212,40.32469],[-80.02121,40.32451],[-80.02105,40.32427],[-80.02039,40.32391],[-80.01985,40.32375],[-80.01943,40.32376],[-80.01889,40.32394]],[[-80.02082,40.3201],[-80.02055,40.32025],[-80.02043,40.32039],[-80.0204,40.32051],[-80.02043,40.32095],[-80.02037,40.32109],[-80.02026,40.32121],[-80.02006,40.32133],[-80.01984,40.32138],[-80.01965,40.32137],[-80.01517,40.31979],[-80.01444,40.31957],[-80.01387,40.31946],[-80.01309,40.31936],[-80.01224,40.31936],[-80.01184,40.31951],[-80.01168,40.31963],[-80.01149,40.31989],[-80.01144,40.32005],[-80.01145,40.32023],[-80.01153,40.32041],[-80.01165,40.32056],[-80.01498,40.32267],[-80.01531,40.32284],[-80.01644,40.32326],[-80.01751,40.32386],[-80.01785,40.32399],[-80.01823,40.32405],[-80.01842,40.32404],[-80.01863,40.32402],[-80.01889,40.32394]]]}},{"type":"Feature","properties":{"name":"Sesqui","route":"5710SP"},"geometry":{"type":"MultiLineString","coordinates":[[[-80.00167,40.30934],[-80.00263,40.30875],[-80.00303,40.30861],[-80.00395,40.30843],[-80.00407,40.30833],[-80.00411,40.30823],[-80.00409,40.30813],[-80.00401,40.30803]],[[-80.00401,40.30803],[-80.00376,40.30791],[-80.00255,40.30754],[-80.00189,40.30717],[-80.00146,40.30676],[-80.00118,40.30632],[-80.00108,40.30604],[-80.0012,40.30583],[-80.00135,40.30575],[-80.00152,40.30571],[-80.00241,40.30582],[-80.00285,40.30596],[-80.00447,40.3067],[-80.00638,40.30719],[-80.00665,40.3073],[-80.00698,40.30754],[-80.00714,40.30774],[-80.00806,40.30966],[-80.00843,40.31007],[-80.00889,40.31032],[-80.00943,40.31046],[-80.00981,40.31047],[-80.01111,40.31035],[-80.0115,40.31041],[-80.01167,40.31049],[-80.01188,40.31065],[-80.01241,40.3113],[-80.01286,40.31171]]]}},{"type":"Feature","properties":{"name":"One Hundred Acre","route":"5700SP"},"geometry":{"type":"MultiLineString","coordinates":[[[-80.01889,40.32394],[-80.01875,40.32404],[-80.01848,40.32438],[-80.01826,40.32452],[-80.01799,40.32458],[-80.01733,40.3246],[-80.01716,40.32464],[-80.01594,40.32543],[-80.0148,40.32625],[-80.01446,40.32661],[-80.01419,40.32707],[-80.01387,40.32826],[-80.01365,40.32844],[-80.01336,40.32851],[-80.0131,40.32848],[-80.01289,40.32839],[-80.01275,40.32825],[-80.01268,40.32809],[-80.01282,40.32676],[-80.01297,40.32639],[-80.01342,40.32578],[-80.0135,40.32555],[-80.01351,40.32538],[-80.01344,40.32516],[-80.01314,40.32486],[-80.01284,40.32471]],[[-80.01284,40.32471],[-80.0122,40.32442],[-80.01173,40.3243],[-80.01126,40.32429],[-80.01063,40.3244],[-80.01037,40.32437],[-80.01013,40.32429],[-80.00996,40.32418],[-80.00978,40.32396],[-80.00961,40.32342],[-80.00945,40.32264],[-80.00925,40.32227],[-80.00905,40.32208],[-80.00878,40.322],[-80.00856,40.32202],[-80.00831,40.32216],[-80.00799,40.32275],[-80.00789,40.32309],[-80.00776,40.32435],[-80.00786,40.32469],[-80.00829,40.3253],[-80.00841,40.32564],[-80.00843,40.32736],[-80.00854,40.32791],[-80.0087,40.32843],[-80.00902,40.32909],[-80.00973,40.3302],[-80.01001,40.33087],[-80.01012,40.33156],[-80.01024,40.33403],[-80.01018,40.33426],[-80.00997,40.33457],[-80.00968,40.33483],[-80.00932,40.33504],[-80.00808,40.33558],[-80.00783,40.33564],[-80.00753,40.33564],[-80.00731,40.3356],[-80.00708,40.33551]]]}},{"type":"Feature","properties":{"name":"Greer Rd","route":"6776SC"},"geometry":{"type":"MultiLineString","coordinates":[[[-80.16004,40.43996],[-80.16012,40.43948],[-80.16008,40.43931],[-80.16,40.43919],[-80.15952,40.43881],[-80.15944,40.43865],[-80.15945,40.43852],[-80.16011,40.43759],[-80.16082,40.43677],[-80.16089,40.4366],[-80.16096,40.43604],[-80.16113,40.4355],[-80.1614,40.43513],[-80.16163,40.43473],[-80.16188,40.43448],[-80.16195,40.43437],[-80.16203,40.4341],[-80.162,40.43382],[-80.16194,40.43367],[-80.16174,40.43338],[-80.16169,40.43319],[-80.16172,40.43291],[-80.16181,40.43264],[-80.16204,40.4324],[-80.16274,40.43191],[-80.16283,40.43179],[-80.16289,40.43151],[-80.16288,40.43121],[-80.16264,40.43076],[-80.16281,40.43065],[-80.16298,40.43049],[-80.16311,40.43007],[-80.1632,40.42951],[-80.16323,40.42894],[-80.16353,40.42703],[-80.16354,40.42647],[-80.1638,40.42486],[-80.16372,40.4246],[-80.16341,40.42433],[-80.16213,40.42353],[-80.16193,40.42337],[-80.16177,40.42318],[-80.16148,40.42252]]]}},{"type":"Feature","properties":{"name":"Swimming Pool Entrance","route":"626504"},"geometry":{"type":"MultiLineString","coordinates":[[[-80.15619,40.43423],[-80.15624,40.43435],[-80.15622,40.43447],[-80.15616,40.43453],[-80.15608,40.43455]],[[-80.15644,40.43448],[-80.15632,40.43453],[-80.15608,40.43455]],[[-80.15608,40.43455],[-80.15571,40.43455],[-80.15547,40.43447],[-80.1553,40.43436],[-80.15505,40.43402],[-80.15464,40.43314],[-80.15446,40.43302],[-80.15424,40.433]]]}},{"type":"Feature","properties":{"name":"Swimming Pool Entrance","route":"626503"},"geometry":{"type":"MultiLineString","coordinates":[[[-80.15267,40.43325],[-80.15263,40.43307]]]}},{"type":"Feature","properties":{"name":"Babcock","route":"200804"},"geometry":{"type":"MultiLineString","coordinates":[[[-80.00182,40.58579],[-80.00188,40.58589],[-80.00194,40.58617],[-80.00189,40.5865],[-80.00043,40.5875]]]}},{"type":"Feature","properties":{"name":"Graham","route":"313802"},"geometry":{"type":"MultiLineString","coordinates":[[[-79.8585,40.44517],[-79.85778,40.44248]]]}},{"type":"Feature","properties":{"name":"Pittsburgh & McKeesport","route":"525500"},"geometry":{"type":"MultiLineString","coordinates":[[[-79.90846,40.36507],[-79.90808,40.36485],[-79.90714,40.36371],[-79.90676,40.3632],[-79.90562,40.36153]],[[-79.90567,40.3612],[-79.90562,40.36153]],[[-79.90562,40.36153],[-79.9055,40.36141],[-79.90532,40.36131]]]}},{"type":"Feature","properties":{"name":"Steubenville Pike/Scott Sta","route":"629500"},"geometry":{"type":"MultiLineString","coordinates":[[[-80.17623,40.45717],[-80.17517,40.45526],[-80.1749,40.4549]]]}},{"type":"Feature","properties":{"name":"Greensburg","route":"313901"},"geometry":{"type":"MultiLineString","coordinates":[[[-79.83326,40.40648],[-79.83346,40.40679],[-79.83336,40.40784],[-79.83346,40.40821],[-79.83347,40.40867],[-79.83341,40.40891],[-79.83298,40.40969],[-79.83296,40.40989],[-79.83303,40.41008],[-79.8332,40.41028],[-79.83334,40.41037],[-79.83453,40.41076],[-79.83487,40.41094],[-79.83701,40.41295],[-79.83729,40.41332],[-79.83857,40.41538],[-79.84124,40.41986],[-79.84145,40.42018],[-79.84281,40.4218],[-79.84302,40.42212],[-79.84314,40.42252],[-79.84356,40.42442],[-79.8438,40.42481],[-79.84852,40.43009],[-79.84875,40.4304],[-79.84887,40.43072],[-79.84887,40.43106],[-79.8487,40.43177],[-79.84835,40.43282],[-79.8483,40.43317],[-79.84833,40.43344],[-79.84853,40.43378],[-79.853,40.4378],[-79.85765,40.44213]],[[-79.85765,40.44213],[-79.85764,40.44212]],[[-79.85798,40.44242],[-79.85765,40.44213]],[[-79.85778,40.44248],[-79.85773,40.44223],[-79.85765,40.44213]]]}},{"type":"Feature","properties":{"name":"Pangburn Hollow","route":"424302"},"geometry":{"type":"MultiLineString","coordinates":[[[-79.91743,40.23328],[-79.91792,40.23453],[-79.91793,40.235],[-79.9178,40.23533],[-79.91665,40.23741],[-79.91649,40.23789],[-79.91648,40.2384],[-79.91644,40.23857],[-79.91629,40.23875],[-79.91572,40.23906],[-79.91552,40.23922],[-79.91444,40.24041],[-79.91428,40.24072],[-79.91406,40.24173],[-79.91391,40.24224],[-79.91329,40.2437],[-79.91291,40.24412],[-79.91165,40.24482],[-79.91153,40.24493],[-79.91146,40.24512],[-79.91124,40.24599],[-79.91109,40.24631],[-79.91088,40.2466],[-79.91043,40.24703],[-79.91015,40.24749],[-79.91002,40.24781],[-79.90996,40.24815],[-79.90999,40.24849],[-79.91005,40.24869],[-79.9102,40.24901],[-79.91141,40.25048],[-79.9119,40.25091],[-79.91224,40.25114]],[[-79.91266,40.25113],[-79.91243,40.25116],[-79.91229,40.25115]]]}},{"type":"Feature","properties":{"name":"Steuben","route":"629100"},"geometry":{"type":"MultiLineString","coordinates":[[[-80.0624,40.43904],[-80.06186,40.43927],[-80.06151,40.43959],[-80.06134,40.43994],[-80.0612,40.44069],[-80.06092,40.44175],[-80.06084,40.44191],[-80.06051,40.44222],[-80.06013,40.44241],[-80.05981,40.44251],[-80.05537,40.44394]]]}},{"type":"Feature","properties":{"name":"Middletown-Coraopolis","route":"620500"},"geometry":{"type":"MultiLineString","coordinates":[[[-80.11129,40.49512],[-80.11174,40.49304],[-80.11176,40.49256],[-80.11171,40.49173],[-80.11156,40.49124],[-80.11135,40.49094],[-80.11111,40.49072],[-80.11074,40.49048],[-80.11055,40.49039],[-80.10928,40.48998],[-80.10881,40.48979],[-80.10826,40.48948],[-80.10794,40.48924],[-80.10767,40.48896],[-80.10734,40.48851],[-80.10664,40.48724],[-80.10652,40.48694],[-80.10647,40.48643],[-80.10727,40.483],[-80.10745,40.48161],[-80.10757,40.48149],[-80.10777,40.48146]]]}},{"type":"Feature","properties":{"name":"Old Kummer","route":"101900"},"geometry":{"type":"MultiLineString","coordinates":[[[-80.02236,40.60334],[-80.02243,40.60314],[-80.02235,40.60191],[-80.02192,40.60111],[-80.02153,40.60015],[-80.02132,40.59982],[-80.02077,40.59916],[-80.02014,40.59869],[-80.01983,40.59839],[-80.01906,40.59696],[-80.01873,40.59653],[-80.01831,40.59614],[-80.01773,40.59569],[-80.01697,40.59517],[-80.01594,40.5941],[-80.01497,40.59322],[-80.01477,40.5932]]]}},{"type":"Feature","properties":{"name":"Fleming Park Bridge S.Approach","route":"635400"},"geometry":{"type":"MultiLineString","coordinates":[[[-80.07984,40.49004],[-80.07982,40.48951]],[[-80.0798,40.48917],[-80.07982,40.48951]],[[-80.0802,40.48938],[-80.08001,40.48941],[-80.07982,40.48951]]]}},{"type":"Feature","properties":{"name":"Pittsburgh Homestead Hi-Level","route":"535302"},"geometry":{"type":"MultiLineString","coordinates":[[[-79.91719,40.40503],[-79.91632,40.40572],[-79.91427,40.40747]]]}},{"type":"Feature","properties":{"name":"New Ramp To Waterfront Park","route":"535303"},"geometry":{"type":"MultiLineString","coordinates":[[[-79.91412,40.40744],[-79.91258,40.40863],[-79.91242,40.4088],[-79.91219,40.40938],[-79.91246,40.40992],[-79.91338,40.41132]]]}},{"type":"Feature","properties":{"name":"New England","route":"423100"},"geometry":{"type":"MultiLineString","coordinates":[[[-79.89931,40.31854],[-79.9,40.31975],[-79.90032,40.32018],[-79.90159,40.32132],[-79.90179,40.32156],[-79.90195,40.32191],[-79.90233,40.32365],[-79.90254,40.32398],[-79.90279,40.32419],[-79.90324,40.3244],[-79.90371,40.32447],[-79.90435,40.32447],[-79.90467,40.32444],[-79.90598,40.32423],[-79.9063,40.32424],[-79.90832,40.32442],[-79.90867,40.32451],[-79.90901,40.32463],[-79.90981,40.32511],[-79.91054,40.32559],[-79.91076,40.32576],[-79.91097,40.326],[-79.91116,40.32634],[-79.91126,40.32689],[-79.9115,40.32723],[-79.9116,40.32731],[-79.912,40.32747],[-79.91243,40.32769],[-79.91319,40.32821],[-79.91416,40.32865],[-79.91537,40.3294],[-79.91588,40.32964],[-79.91655,40.32989],[-79.91687,40.33005],[-79.91724,40.33032],[-79.91739,40.33048],[-79.91753,40.33065],[-79.91787,40.33121],[-79.91801,40.33138],[-79.91824,40.33157],[-79.91848,40.33165],[-79.91927,40.33175],[-79.91977,40.33188],[-79.92065,40.33224],[-79.92131,40.3326],[-79.92208,40.33289],[-79.92249,40.33313],[-79.92281,40.33343],[-79.92318,40.3337],[-79.92469,40.33452],[-79.92514,40.33483],[-79.92532,40.33502],[-79.92569,40.33553],[-79.92621,40.33667],[-79.92644,40.33706],[-79.92647,40.33727],[-79.92641,40.33782],[-79.92646,40.33799],[-79.92785,40.33934],[-79.92864,40.33989],[-79.92884,40.34034],[-79.92897,40.34049],[-79.93114,40.34142],[-79.93133,40.34147],[-79.93148,40.34143],[-79.93196,40.34115],[-79.93218,40.34109],[-79.93341,40.3412],[-79.9337,40.34119],[-79.93514,40.3411],[-79.9363,40.34086],[-79.93678,40.3409],[-79.93802,40.34041],[-79.93826,40.34036]]]}},{"type":"Feature","properties":{"name":"Jacks Run","route":"116200"},"geometry":{"type":"MultiLineString","coordinates":[[[-80.03689,40.50816],[-80.03708,40.50743],[-80.03697,40.50611],[-80.03784,40.50552],[-80.03826,40.5051],[-80.03872,40.50405],[-80.03959,40.50174],[-80.03978,40.50096],[-80.04291,40.50106],[-80.04338,40.50104],[-80.04378,40.50088],[-80.04556,40.49993],[-80.04597,40.49956],[-80.04609,40.49936],[-80.04614,40.4992],[-80.04618,40.49853],[-80.04595,40.49717],[-80.04605,40.49663],[-80.04561,40.49568],[-80.04552,40.49519],[-80.0451,40.49423],[-80.04521,40.49364],[-80.04514,40.49315],[-80.04499,40.49284],[-80.04459,40.49223],[-80.04451,40.49205],[-80.04449,40.49189],[-80.04454,40.49155],[-80.04483,40.4912],[-80.04489,40.49107],[-80.0449,40.49092],[-80.04482,40.49057],[-80.04484,40.49044],[-80.04519,40.48993]]]}},{"type":"Feature","properties":{"name":"Bascom","route":"101600"},"geometry":{"type":"MultiLineString","coordinates":[[[-80.02781,40.49542],[-80.02822,40.49531],[-80.02853,40.49519],[-80.02948,40.49454],[-80.03015,40.49419],[-80.03099,40.49391],[-80.03139,40.49388],[-80.03179,40.49394],[-80.03311,40.49433],[-80.03367,40.49436],[-80.03436,40.49433],[-80.03481,40.49425],[-80.03585,40.49383],[-80.03627,40.4937],[-80.03672,40.49366],[-80.03769,40.49368],[-80.03798,40.49377],[-80.03815,40.49392],[-80.03822,40.49413],[-80.03814,40.49446],[-80.03817,40.49462],[-80.0383,40.49479],[-80.03853,40.49492],[-80.03995,40.49493],[-80.0404,40.49484],[-80.04125,40.49442],[-80.04203,40.49412],[-80.04217,40.49401],[-80.04226,40.49383],[-80.04221,40.49346],[-80.04214,40.49329],[-80.042,40.49315],[-80.04165,40.49299],[-80.0415,40.4928],[-80.04118,40.49179],[-80.04118,40.49168],[-80.04127,40.49151],[-80.04138,40.49141],[-80.04157,40.49131],[-80.04223,40.49107],[-80.04264,40.49087],[-80.04318,40.49046],[-80.04357,40.49],[-80.04364,40.48985]]]}},{"type":"Feature","properties":{"name":"Kittanning & Dorseyville","route":"216503"},"geometry":{"type":"MultiLineString","coordinates":[[[-79.89329,40.57185],[-79.89234,40.57184],[-79.8922,40.5718],[-79.89213,40.57169],[-79.89216,40.5716],[-79.89274,40.57113],[-79.89324,40.57062],[-79.89336,40.57034],[-79.89336,40.56969],[-79.89345,40.56959],[-79.89379,40.56937],[-79.89381,40.56928],[-79.89373,40.5692],[-79.89292,40.56879]]]}},{"type":"Feature","properties":{"name":"Armstrong","route":"300600"},"geometry":{"type":"MultiLineString","coordinates":[[[-79.98982,40.43449],[-79.99003,40.43485],[-79.99191,40.43711],[-79.992,40.43732],[-79.99207,40.43775],[-79.99205,40.43798]]]}},{"type":"Feature","properties":{"name":"Blackburn","route":"103103"},"geometry":{"type":"MultiLineString","coordinates":[[[-80.16521,40.55206],[-80.1653,40.55483],[-80.16519,40.55524],[-80.16486,40.55577],[-80.16476,40.55604],[-80.16453,40.55788]]]}},{"type":"Feature","properties":{"name":"Spring Run","route":"628801"},"geometry":{"type":"MultiLineString","coordinates":[[[-80.22086,40.55651],[-80.223,40.55548],[-80.22364,40.55535],[-80.22404,40.55519],[-80.22421,40.55505],[-80.22433,40.55489],[-80.22478,40.55412],[-80.22489,40.55399],[-80.22638,40.55283],[-80.22709,40.55248],[-80.22749,40.55238],[-80.22875,40.55222],[-80.23087,40.55209],[-80.23132,40.55213],[-80.23212,40.55241],[-80.23236,40.55245],[-80.23257,40.55245],[-80.23375,40.55234],[-80.23432,40.55214],[-80.23477,40.5518],[-80.23569,40.55088],[-80.23648,40.55033],[-80.23684,40.55017],[-80.23813,40.54985],[-80.23931,40.54935],[-80.23951,40.54921],[-80.23964,40.54905],[-80.24022,40.5478],[-80.24032,40.54732],[-80.24032,40.54632]]]}},{"type":"Feature","properties":{"name":"Scaife","route":"127500"},"geometry":{"type":"MultiLineString","coordinates":[[[-80.13957,40.55719],[-80.13838,40.55499],[-80.13806,40.5543],[-80.13748,40.55263],[-80.1373,40.55228],[-80.13704,40.55197],[-80.13697,40.55174],[-80.13704,40.55042],[-80.13711,40.54997],[-80.13822,40.54974],[-80.13934,40.54961],[-80.13938,40.54943],[-80.1394,40.54838],[-80.13942,40.54829],[-80.13956,40.54812],[-80.14143,40.54804],[-80.14583,40.54807],[-80.14906,40.54814],[-80.14915,40.5488],[-80.14963,40.55013]]]}},{"type":"Feature","properties":{"name":"Fox Chapel","route":"212800"},"geometry":{"type":"MultiLineString","coordinates":[[[-79.88289,40.48752],[-79.88309,40.48865],[-79.883,40.48921],[-79.88285,40.48956],[-79.88147,40.49208],[-79.88131,40.49223],[-79.88126,40.49276],[-79.88247,40.49663],[-79.88358,40.49885],[-79.88364,40.49912],[-79.88363,40.49933],[-79.8832,40.50159],[-79.88315,40.50205],[-79.88325,40.50251],[-79.88367,40.50349],[-79.88378,40.50386],[-79.88363,40.50433],[-79.88311,40.50543],[-79.8817,40.5073],[-79.88134,40.50756],[-79.88008,40.50799],[-79.87966,40.50819],[-79.87951,40.50832],[-79.87927,40.50862],[-79.87897,40.5091],[-79.8789,40.50929],[-79.87898,40.51212],[-79.87938,40.52168],[-79.87945,40.52231],[-79.87973,40.52299],[-79.87977,40.5232],[-79.87974,40.52342],[-79.87954,40.52397],[-79.87949,40.52434],[-79.8797,40.52783],[-79.87961,40.528],[-79.87939,40.52813],[-79.87666,40.52822],[-79.87637,40.52825],[-79.87613,40.52833],[-79.87591,40.52847],[-79.87577,40.52864],[-79.87571,40.52879],[-79.87568,40.52951],[-79.87551,40.52995],[-79.87493,40.53009],[-79.87369,40.53026],[-79.87346,40.53035],[-79.87335,40.5305],[-79.87371,40.53222],[-79.87415,40.53378],[-79.87393,40.53602],[-79.87412,40.53957],[-79.87421,40.53978],[-79.87435,40.53997],[-79.87683,40.54214],[-79.87699,40.5425],[-79.87699,40.54274],[-79.87648,40.54415],[-79.87643,40.54446],[-79.87653,40.54481],[-79.87691,40.54539],[-79.87703,40.54583],[-79.87716,40.54848],[-79.87742,40.55149],[-79.87741,40.55171],[-79.8773,40.55199]]]}},{"type":"Feature","properties":{"name":"Evergreen Extension","route":"112000"},"geometry":{"type":"MultiLineString","coordinates":[[[-80.03593,40.54463],[-80.03329,40.54433],[-80.03277,40.54433],[-80.03227,40.54444],[-80.03181,40.54464],[-80.03073,40.54529]]]}},{"type":"Feature","properties":{"name":"Herrington Hill","route":"614500"},"geometry":{"type":"MultiLineString","coordinates":[[[-80.07285,40.47572],[-80.0725,40.47602],[-80.07234,40.47611],[-80.07212,40.47616],[-80.07176,40.47613],[-80.07077,40.47587],[-80.07056,40.47588],[-80.06966,40.47647]]]}},{"type":"Feature","properties":{"name":"Mckees Rocks And Forrest Grv","route":"619703"},"geometry":{"type":"MultiLineString","coordinates":[[[-80.09736,40.47543],[-80.09602,40.47515],[-80.09553,40.47501],[-80.09496,40.47478],[-80.09417,40.47431],[-80.0939,40.47418],[-80.09359,40.4741],[-80.09322,40.47407],[-80.09286,40.47411],[-80.09252,40.47422],[-80.09145,40.47477],[-80.09116,40.47487],[-80.09056,40.47503],[-80.08992,40.4751],[-80.0896,40.4751],[-80.08859,40.47502],[-80.08822,40.47505],[-80.08486,40.47581],[-80.08454,40.47581],[-80.08431,40.47577],[-80.08351,40.47554],[-80.08315,40.47537],[-80.08262,40.47504],[-80.08212,40.47465],[-80.08186,40.47435],[-80.08166,40.47402],[-80.08091,40.47246],[-80.0808,40.4723],[-80.07961,40.47136],[-80.0787,40.47076],[-80.07866,40.47061],[-80.07878,40.47016],[-80.07857,40.47005],[-80.07833,40.47003],[-80.07815,40.47011],[-80.07776,40.47035],[-80.07746,40.47035],[-80.07726,40.4703],[-80.07707,40.47021],[-80.07646,40.46976]]]}},{"type":"Feature","properties":{"name":"Clever Road Extension","route":"607102"},"geometry":{"type":"MultiLineString","coordinates":[[[-80.09895,40.47571],[-80.09978,40.47403],[-80.1,40.47343],[-80.10011,40.47298],[-80.10025,40.47179],[-80.10006,40.47032],[-80.09997,40.46993]]]}},{"type":"Feature","properties":{"name":"Lincoln","route":"317901"},"geometry":{"type":"MultiLineString","coordinates":[[[-79.88781,40.47307],[-79.88756,40.4731],[-79.88655,40.47339],[-79.88623,40.47351],[-79.88565,40.47383],[-79.88517,40.47404],[-79.8848,40.47405],[-79.88394,40.47399],[-79.88342,40.47404],[-79.88105,40.47464],[-79.88057,40.47479],[-79.88016,40.47502],[-79.87945,40.47561],[-79.87924,40.47573],[-79.87806,40.47615],[-79.87792,40.47624],[-79.87782,40.47636],[-79.87777,40.47649],[-79.87782,40.47732],[-79.87774,40.47761],[-79.87753,40.47777],[-79.87701,40.47793],[-79.87683,40.47795],[-79.87654,40.47792],[-79.87627,40.47782],[-79.87588,40.47751],[-79.87574,40.47735],[-79.87544,40.47673],[-79.87489,40.47621],[-79.87464,40.47587],[-79.87434,40.47531],[-79.87402,40.47455],[-79.8738,40.47411],[-79.87367,40.47398],[-79.87351,40.47392],[-79.87318,40.47392],[-79.87298,40.47415],[-79.87252,40.47536],[-79.87248,40.47587],[-79.87237,40.4761],[-79.87181,40.47682],[-79.87155,40.47695],[-79.87125,40.47698],[-79.86852,40.4765],[-79.86707,40.47594],[-79.8663,40.47551],[-79.866,40.47552],[-79.86543,40.47567],[-79.86463,40.47573],[-79.86243,40.47527],[-79.86202,40.4751],[-79.86155,40.47495],[-79.86056,40.47479],[-79.85976,40.47484],[-79.85948,40.4748],[-79.85827,40.47433],[-79.85655,40.47373]]]}},{"type":"Feature","properties":{"name":"Clever","route":"607101"},"geometry":{"type":"MultiLineString","coordinates":[[[-80.13771,40.46596],[-80.13704,40.46602],[-80.13312,40.46595],[-80.13276,40.46599],[-80.13225,40.46611],[-80.13173,40.46631],[-80.12776,40.46849],[-80.12728,40.46867],[-80.1265,40.46884],[-80.12622,40.46887],[-80.12558,40.46883],[-80.12314,40.46838],[-80.12207,40.46829],[-80.12153,40.46829],[-80.11831,40.46855],[-80.1175,40.46858],[-80.11697,40.46853],[-80.11636,40.46839],[-80.11573,40.46815],[-80.11529,40.46793],[-80.11489,40.46765],[-80.11454,40.46734],[-80.11285,40.46566],[-80.11248,40.46537],[-80.11215,40.46518],[-80.11174,40.46503],[-80.11108,40.46489],[-80.11082,40.46487],[-80.11029,40.46488],[-80.10737,40.46548],[-80.10665,40.46573],[-80.10622,40.46596],[-80.10584,40.46625],[-80.10539,40.46675],[-80.10474,40.46789],[-80.10449,40.46824],[-80.10428,40.46846],[-80.1039,40.46874],[-80.10346,40.46896],[-80.10322,40.46905],[-80.10211,40.4693],[-80.10136,40.46951],[-80.10024,40.46996],[-80.09978,40.46993],[-80.09971,40.46986],[-80.09792,40.46892]]]}},{"type":"Feature","properties":{"name":"Nelson Run","route":"234800"},"geometry":{"type":"MultiLineString","coordinates":[[[-80.01431,40.49656],[-80.01272,40.49827],[-80.01236,40.4988],[-80.01226,40.4989]]]}},{"type":"Feature","properties":{"name":"Tyler","route":"357000"},"geometry":{"type":"MultiLineString","coordinates":[[[-79.87333,40.47391],[-79.8733,40.47373],[-79.87378,40.47299],[-79.8738,40.47288],[-79.87378,40.47276],[-79.87324,40.4717],[-79.87327,40.47155],[-79.87338,40.47144],[-79.87499,40.47104],[-79.87544,40.47096],[-79.87574,40.47094],[-79.8766,40.47112],[-79.87707,40.47116],[-79.87719,40.47088],[-79.8773,40.47035],[-79.87727,40.46977],[-79.8773,40.46951],[-79.87726,40.46941],[-79.87769,40.4693],[-79.87828,40.46925],[-79.87915,40.46908],[-79.87951,40.46887],[-79.87992,40.46841],[-79.88083,40.46806],[-79.88099,40.46804],[-79.88333,40.4681]]]}},{"type":"Feature","properties":{"name":"Imperial And Burgettstown","route":"615500"},"geometry":{"type":"MultiLineString","coordinates":[[[-80.28354,40.45891],[-80.28335,40.45864],[-80.28327,40.45844],[-80.28312,40.4577],[-80.28298,40.4576],[-80.28278,40.45754],[-80.28214,40.45756],[-80.27941,40.45817],[-80.27903,40.45818],[-80.27729,40.45806],[-80.27673,40.45796],[-80.2744,40.45716],[-80.27274,40.45674],[-80.2724,40.4566],[-80.27156,40.45615],[-80.27103,40.45598],[-80.2702,40.45592],[-80.26885,40.45604],[-80.26827,40.45604],[-80.26605,40.45544],[-80.26242,40.4548],[-80.26055,40.45453],[-80.25834,40.45431],[-80.25769,40.4543],[-80.25615,40.45444],[-80.25566,40.45455],[-80.25525,40.45475]]]}},{"type":"Feature","properties":{"name":"Laketon","route":"317200"},"geometry":{"type":"MultiLineString","coordinates":[[[-79.85711,40.45732],[-79.85686,40.45751],[-79.85585,40.45804],[-79.85553,40.45816],[-79.85504,40.45829],[-79.85445,40.45837],[-79.85385,40.45836],[-79.85325,40.45827],[-79.84977,40.45763],[-79.84921,40.4576],[-79.8483,40.45768],[-79.84744,40.45795],[-79.84382,40.4595],[-79.84349,40.45968],[-79.84267,40.46022]]]}},{"type":"Feature","properties":{"name":"McKees Rocks / Steubenville","route":"619903"},"geometry":{"type":"MultiLineString","coordinates":[[[-80.11932,40.44919],[-80.11939,40.45015],[-80.11923,40.45038],[-80.11845,40.45082],[-80.11809,40.45092],[-80.1179,40.45096],[-80.1161,40.45102],[-80.11589,40.45105],[-80.11575,40.4511],[-80.11563,40.45118],[-80.11521,40.45172],[-80.11453,40.45209],[-80.11407,40.45292],[-80.11393,40.45307],[-80.11265,40.45369],[-80.11248,40.45379],[-80.11229,40.454]]]}},{"type":"Feature","properties":{"name":"Ridge","route":"526201"},"geometry":{"type":"MultiLineString","coordinates":[[[-79.9918,40.30788],[-79.99168,40.30812],[-79.99149,40.30837],[-79.99052,40.30912],[-79.99024,40.30957],[-79.99015,40.3099],[-79.99014,40.31019],[-79.9902,40.31048],[-79.99136,40.31317],[-79.99173,40.31359],[-79.992,40.31379],[-79.99373,40.31462],[-79.99425,40.31494],[-79.995,40.31546],[-79.99583,40.3159]]]}},{"type":"Feature","properties":{"name":"McCaslin","route":"634601"},"geometry":{"type":"MultiLineString","coordinates":[[[-80.29058,40.49302],[-80.28763,40.49155],[-80.28653,40.49094]]]}},{"type":"Feature","properties":{"name":"Hemlock","route":"214401"},"geometry":{"type":"MultiLineString","coordinates":[[[-79.99936,40.58719],[-79.99902,40.58712],[-79.99656,40.58678]],[[-79.99891,40.58736],[-79.99886,40.58711]]]}},{"type":"Feature","properties":{"name":"Campbells Run Rd Connector","route":"607206"},"geometry":{"type":"MultiLineString","coordinates":[[[-80.09962,40.41668],[-80.09895,40.41657],[-80.09829,40.41637],[-80.0974,40.41587],[-80.0971,40.41544],[-80.09687,40.41492],[-80.09662,40.41407],[-80.09649,40.41379]]]}},{"type":"Feature","properties":{"name":"Troy Hill","route":"231201"},"geometry":{"type":"MultiLineString","coordinates":[[[-80.01793,40.49712],[-80.01784,40.49736],[-80.01723,40.49733],[-80.01659,40.49744],[-80.0163,40.49745],[-80.01607,40.49738],[-80.01443,40.49659],[-80.014,40.49649],[-80.01353,40.49653],[-80.01194,40.49679],[-80.01153,40.49678],[-80.01054,40.49668],[-80.00976,40.49665],[-80.00948,40.49662],[-80.00911,40.49651],[-80.00788,40.49605],[-80.00682,40.49604],[-80.00567,40.49577],[-80.00551,40.49577],[-80.00522,40.49585],[-80.00446,40.49624],[-80.00428,40.49628],[-80.00394,40.49629]]]}},{"type":"Feature","properties":{"name":"Painters Run","route":"624202"},"geometry":{"type":"MultiLineString","coordinates":[[[-80.06413,40.36176],[-80.06559,40.36242],[-80.06595,40.36252],[-80.06628,40.36255],[-80.06671,40.36254],[-80.06776,40.36238],[-80.06844,40.36214],[-80.06941,40.36187],[-80.0699,40.36169],[-80.07047,40.36125],[-80.07127,40.36055],[-80.07147,40.36043],[-80.07178,40.36031],[-80.07223,40.36021],[-80.07264,40.36005],[-80.07291,40.35986],[-80.07353,40.3593],[-80.07385,40.35912],[-80.0743,40.35896],[-80.07473,40.35892],[-80.07498,40.35893],[-80.07541,40.35903],[-80.07581,40.35921],[-80.07762,40.3604],[-80.07805,40.36065],[-80.07853,40.36076],[-80.08004,40.36075],[-80.08031,40.36082],[-80.08053,40.36092],[-80.08086,40.36113],[-80.08108,40.36132],[-80.08125,40.3616],[-80.0816,40.36246],[-80.08179,40.36265],[-80.08198,40.36276],[-80.08215,40.36282],[-80.08259,40.36286],[-80.08459,40.36293],[-80.08508,40.36301],[-80.08548,40.36325],[-80.08621,40.36384],[-80.08645,40.36396],[-80.08689,40.36411]]]}},{"type":"Feature","properties":{"name":"Babcock","route":"200801"},"geometry":{"type":"MultiLineString","coordinates":[[[-80.03034,40.54555],[-80.03073,40.54529],[-80.03045,40.54503]],[[-80.03034,40.54555],[-80.03046,40.54527],[-80.03044,40.54503],[-80.03025,40.54482],[-80.02929,40.54391],[-80.02792,40.54277],[-80.02708,40.54201],[-80.01997,40.5351],[-80.01954,40.53461],[-80.01926,40.53424],[-80.01898,40.53376],[-80.01874,40.5332],[-80.01815,40.53129],[-80.01808,40.53068],[-80.01813,40.52915],[-80.01804,40.52863],[-80.01768,40.52786],[-80.0171,40.52688],[-80.01553,40.52456],[-80.01516,40.52366],[-80.01435,40.52061],[-80.01418,40.52008],[-80.01384,40.51945],[-80.0136,40.51909]],[[-80.02205,40.55344],[-80.02408,40.55136],[-80.02438,40.55111],[-80.02685,40.54982],[-80.02721,40.54952],[-80.02814,40.54848],[-80.02902,40.5468],[-80.02926,40.54651],[-80.03034,40.54555]]]}},{"type":"Feature","properties":{"name":"Browns Hill","route":"304702"},"geometry":{"type":"MultiLineString","coordinates":[[[-79.92306,40.414],[-79.92301,40.41396]],[[-79.92301,40.41396],[-79.92068,40.41234]]]}},{"type":"Feature","properties":{"name":"Homeville","route":"514902"},"geometry":{"type":"MultiLineString","coordinates":[[[-79.87794,40.38293],[-79.87524,40.37621],[-79.87487,40.37547],[-79.87367,40.37352],[-79.87184,40.36759],[-79.87166,40.36714],[-79.87138,40.36663],[-79.87024,40.36516],[-79.86991,40.36486],[-79.86949,40.36459]]]}},{"type":"Feature","properties":{"name":"Turtle Creek & Moroeville","route":"331400"},"geometry":{"type":"MultiLineString","coordinates":[[[-79.8188,40.41043],[-79.81883,40.41129],[-79.81879,40.41176],[-79.81873,40.41199],[-79.81851,40.41243],[-79.81835,40.41264],[-79.81793,40.41302],[-79.81646,40.41395],[-79.81616,40.41428],[-79.81438,40.41707],[-79.81371,40.41823],[-79.81338,40.41856],[-79.81291,40.41883],[-79.8124,40.41899],[-79.81214,40.41903],[-79.81048,40.41911],[-79.80994,40.41921],[-79.80964,40.4193],[-79.80801,40.42029],[-79.80522,40.42166],[-79.80469,40.42186],[-79.80433,40.42193],[-79.80401,40.42194],[-79.80342,40.42188],[-79.80316,40.42181],[-79.80219,40.42141],[-79.80167,40.42126],[-79.80113,40.42117],[-79.80056,40.42113],[-79.79982,40.42119],[-79.79718,40.42185],[-79.79635,40.42219],[-79.79267,40.42426],[-79.79225,40.42441],[-79.7919,40.42446],[-79.79074,40.42446],[-79.79055,40.4245],[-79.79032,40.4246]]]}},{"type":"Feature","properties":{"name":"Turtle Creek & Moroeville","route":"331300"},"geometry":{"type":"MultiLineString","coordinates":[[[-79.81858,40.40539],[-79.8173,40.40528],[-79.81658,40.4053],[-79.81617,40.40539],[-79.81537,40.40566],[-79.81521,40.40577],[-79.81302,40.40826],[-79.81187,40.40971],[-79.81177,40.4099],[-79.81168,40.41027],[-79.81153,40.41061],[-79.81104,40.41127],[-79.80959,40.41225],[-79.80924,40.41281],[-79.80881,40.41316],[-79.80848,40.41351],[-79.80731,40.41379],[-79.80638,40.41379],[-79.80472,40.41397],[-79.80308,40.41424],[-79.80261,40.41435],[-79.80246,40.41443],[-79.80182,40.41499],[-79.79984,40.41596],[-79.79925,40.41613],[-79.79781,40.4164],[-79.79716,40.41666],[-79.79677,40.41689],[-79.79577,40.41773],[-79.79408,40.41944],[-79.79375,40.41972],[-79.79283,40.42035],[-79.79264,40.42052],[-79.79243,40.42106],[-79.79196,40.42256],[-79.7914,40.42361],[-79.7912,40.4239],[-79.79032,40.4246]]]}},{"type":"Feature","properties":{"name":"Thoms Run & Oakdale","route":"630602"},"geometry":{"type":"MultiLineString","coordinates":[[[-80.1819,40.39672],[-80.18113,40.39691],[-80.18032,40.39724],[-80.17973,40.39751],[-80.17948,40.39758],[-80.1792,40.39758],[-80.1787,40.3975],[-80.17712,40.39665],[-80.17624,40.39605],[-80.17559,40.39548],[-80.1752,40.39528],[-80.17315,40.39488],[-80.17243,40.3949],[-80.16984,40.39506],[-80.16943,40.39502],[-80.16892,40.39486],[-80.16684,40.39391],[-80.16645,40.39378],[-80.16608,40.39372],[-80.16559,40.39371],[-80.16511,40.39378],[-80.16156,40.39475],[-80.1613,40.39472],[-80.1611,40.39462],[-80.16093,40.39446],[-80.15991,40.39267],[-80.15947,40.39204],[-80.15909,40.39101],[-80.15854,40.39035],[-80.15829,40.38997],[-80.15692,40.38733],[-80.15656,40.38626],[-80.15636,40.38582],[-80.15633,40.38566],[-80.15633,40.38504],[-80.15614,40.38377],[-80.15565,40.38246],[-80.15549,40.38181],[-80.15533,40.38161],[-80.15507,40.38137],[-80.15361,40.38044],[-80.15111,40.37915]]]}},{"type":"Feature","properties":{"name":"Ivory","route":"231203"},"geometry":{"type":"MultiLineString","coordinates":[[[-80.02026,40.49823],[-80.02013,40.4983],[-80.01991,40.4983],[-80.01975,40.49825],[-80.01955,40.4981],[-80.01922,40.49768],[-80.01875,40.49739],[-80.01544,40.49637],[-80.0152,40.4963],[-80.01484,40.4963],[-80.01464,40.49635],[-80.01432,40.49651],[-80.01431,40.49656]]]}},{"type":"Feature","properties":{"name":"North Braddock & Forest Hills","route":"323701"},"geometry":{"type":"MultiLineString","coordinates":[[[-79.85713,40.40882],[-79.85646,40.40933],[-79.85623,40.40956],[-79.85613,40.40972],[-79.85607,40.40993],[-79.856,40.41153],[-79.8561,40.41187],[-79.85643,40.41251],[-79.85639,40.41277],[-79.8562,40.41297],[-79.85595,40.41308],[-79.85479,40.41334],[-79.85224,40.41359],[-79.85178,40.41366],[-79.85025,40.41411],[-79.84933,40.41427],[-79.84905,40.41438],[-79.84877,40.41461]]]}},{"type":"Feature","properties":{"name":"Natrona Heights","route":"322800"},"geometry":{"type":"MultiLineString","coordinates":[[[-79.73385,40.61752],[-79.73253,40.61598],[-79.73239,40.61567],[-79.73233,40.61541],[-79.73238,40.61497],[-79.73261,40.61445],[-79.73389,40.61279],[-79.73444,40.61177],[-79.73448,40.61138],[-79.7344,40.61106],[-79.73406,40.61018],[-79.73379,40.6097],[-79.73111,40.61035],[-79.72945,40.61112],[-79.72894,40.61146],[-79.72787,40.61234],[-79.72593,40.61404],[-79.72352,40.61577]]]}},{"type":"Feature","properties":{"name":"Old Ingomar","route":"115803"},"geometry":{"type":"MultiLineString","coordinates":[[[-80.00342,40.5923],[-80.00307,40.59205],[-80.00271,40.59186],[-80.00233,40.59171],[-80.00192,40.59163],[-80.00149,40.59162],[-79.99978,40.5917],[-79.99936,40.59176],[-79.99872,40.59195],[-79.99831,40.59202],[-79.99807,40.59199],[-79.99692,40.59165]]]}},{"type":"Feature","properties":{"name":"Reynolds","route":"126000"},"geometry":{"type":"MultiLineString","coordinates":[[[-80.03863,40.6237],[-80.03809,40.62392],[-80.03774,40.62425],[-80.03759,40.6245],[-80.03723,40.62548],[-80.03714,40.62563],[-80.037,40.62575],[-80.03591,40.62629],[-80.03523,40.62649],[-80.03451,40.62664],[-80.03421,40.62679]]]}},{"type":"Feature","properties":{"name":"Beaver Grade","route":"602200"},"geometry":{"type":"MultiLineString","coordinates":[[[-80.15532,40.46682],[-80.15502,40.46669],[-80.15436,40.4665],[-80.15367,40.46625],[-80.15293,40.46589],[-80.15258,40.46564],[-80.15215,40.46529],[-80.15218,40.4652],[-80.15237,40.46502]]]}},{"type":"Feature","properties":{"name":"Old Lebanon Church","route":"517303"},"geometry":{"type":"MultiLineString","coordinates":[[[-79.91729,40.35301],[-79.91719,40.35294],[-79.91707,40.35293],[-79.9156,40.35333],[-79.91508,40.35367],[-79.91504,40.35373],[-79.91507,40.35386]]]}},{"type":"Feature","properties":{"name":"Brighton","route":"104200"},"geometry":{"type":"MultiLineString","coordinates":[[[-80.04324,40.48956],[-80.04358,40.48983],[-80.04378,40.48988],[-80.04451,40.48971],[-80.04488,40.48974],[-80.04503,40.48981],[-80.04554,40.49017]]]}},{"type":"Feature","properties":{"name":"Walter","route":"532301"},"geometry":{"type":"MultiLineString","coordinates":[[[-79.98105,40.4078],[-79.98237,40.40929],[-79.98259,40.40941],[-79.98346,40.40969],[-79.98366,40.40978],[-79.9838,40.4099],[-79.98414,40.41043],[-79.9842,40.41125]]]}},{"type":"Feature","properties":{"name":"Walter / Wagner","route":"532302"},"geometry":{"type":"MultiLineString","coordinates":[[[-79.98105,40.4078],[-79.98048,40.40717],[-79.97925,40.40671],[-79.97862,40.40639],[-79.97826,40.40616],[-79.97797,40.40579],[-79.97788,40.40572],[-79.9759,40.40438]]]}},{"type":"Feature","properties":{"name":"Becks Run","route":"502402"},"geometry":{"type":"MultiLineString","coordinates":[[[-79.9838,40.38733],[-79.98361,40.38782],[-79.98311,40.38948],[-79.98247,40.39058],[-79.98239,40.39068],[-79.98152,40.39131],[-79.98118,40.39178],[-79.98055,40.39248],[-79.98006,40.39337],[-79.97943,40.39433],[-79.97921,40.39488],[-79.97892,40.39542],[-79.97865,40.39664],[-79.97869,40.39697]]]}},{"type":"Feature","properties":{"name":"Meridian","route":"220400"},"geometry":{"type":"MultiLineString","coordinates":[[[-79.96108,40.65764],[-79.96096,40.65535],[-79.96091,40.65504],[-79.95938,40.65226],[-79.9592,40.6518],[-79.95854,40.64931],[-79.95825,40.64889],[-79.95622,40.64682],[-79.95512,40.64509],[-79.95505,40.64488],[-79.955,40.64453],[-79.9549,40.64068],[-79.95487,40.64051],[-79.95475,40.64032],[-79.95459,40.64017],[-79.95381,40.63966],[-79.95346,40.63917],[-79.95306,40.6385],[-79.95302,40.6383],[-79.95304,40.63813],[-79.95315,40.63792],[-79.95449,40.63678],[-79.95469,40.63648],[-79.95471,40.63616],[-79.95459,40.63321]]]}},{"type":"Feature","properties":{"name":"Middle Extension","route":"230903"},"geometry":{"type":"MultiLineString","coordinates":[[[-79.89595,40.64995],[-79.89596,40.64968],[-79.89602,40.64935],[-79.89649,40.64854],[-79.89653,40.64835],[-79.89642,40.6471],[-79.89676,40.64667],[-79.89705,40.64638],[-79.8971,40.64625],[-79.897,40.64591],[-79.89677,40.64543],[-79.89667,40.6451],[-79.89655,40.64418],[-79.89671,40.64399],[-79.89708,40.64381],[-79.89798,40.64349],[-79.89813,40.64335],[-79.89817,40.64322],[-79.89815,40.64302],[-79.89797,40.64266],[-79.89777,40.64249],[-79.89731,40.64227],[-79.89722,40.64211],[-79.8973,40.64198],[-79.89747,40.64186],[-79.89834,40.64144],[-79.89843,40.64135],[-79.89847,40.64125],[-79.8985,40.63983],[-79.89829,40.63629],[-79.8982,40.63599],[-79.89781,40.63509],[-79.89767,40.63461],[-79.89767,40.6343],[-79.89772,40.63399],[-79.89799,40.63303],[-79.89828,40.63265],[-79.89844,40.63254],[-79.89939,40.63201],[-79.90118,40.63092],[-79.90254,40.63024],[-79.90279,40.63002],[-79.90286,40.62983],[-79.90344,40.62662],[-79.90359,40.62628],[-79.90446,40.62504],[-79.90471,40.62475],[-79.90483,40.62468],[-79.90603,40.62438],[-79.9062,40.62425],[-79.9063,40.62408],[-79.90628,40.62381],[-79.9061,40.62337],[-79.9061,40.62302],[-79.90597,40.62289],[-79.90566,40.62277],[-79.90559,40.62266],[-79.90561,40.62255],[-79.90599,40.62209],[-79.90601,40.62196],[-79.90596,40.62179],[-79.90509,40.62055],[-79.90494,40.62023],[-79.90493,40.62003],[-79.90501,40.61972],[-79.90502,40.61941],[-79.90483,40.61875],[-79.90484,40.61831]]]}},{"type":"Feature","properties":{"name":"Pearce Mill","route":"124500"},"geometry":{"type":"MultiLineString","coordinates":[[[-80.02492,40.62016],[-80.02466,40.61941],[-80.02434,40.61877],[-80.02263,40.61614],[-80.02222,40.61562],[-80.02185,40.61526],[-80.02014,40.61395],[-80.01939,40.61325],[-80.01819,40.61185],[-80.01471,40.6088],[-80.01428,40.6085],[-80.01376,40.60826],[-80.00895,40.60696],[-80.00814,40.60667],[-80.00763,40.60643],[-80.00716,40.60615],[-80.00542,40.60478],[-80.00327,40.6034],[-80.0027,40.60288],[-80.00226,40.60225],[-80.00205,40.60182],[-80.00179,40.60062],[-80.00161,40.60019],[-80.00134,40.59978],[-80.00099,40.59942],[-79.99904,40.5981],[-79.99863,40.59787],[-79.99793,40.59764],[-79.99698,40.59751]]]}},{"type":"Feature","properties":{"name":"Brandt School","route":"104000"},"geometry":{"type":"MultiLineString","coordinates":[[[-80.09329,40.616],[-80.09284,40.61533],[-80.09262,40.61507],[-80.09236,40.61484],[-80.09175,40.61447],[-80.09072,40.61398],[-80.0904,40.61379],[-80.09006,40.61354],[-80.08981,40.6133],[-80.08943,40.61276],[-80.08928,40.61242],[-80.0892,40.61174],[-80.08932,40.61113],[-80.08953,40.6105],[-80.08968,40.60987],[-80.08968,40.60926],[-80.0896,40.6089],[-80.08938,40.60841],[-80.08892,40.60782],[-80.08555,40.60448],[-80.08493,40.60397],[-80.08416,40.60357],[-80.08109,40.60225],[-80.07961,40.60177],[-80.07914,40.60159],[-80.07878,40.60137],[-80.0785,40.60111],[-80.07821,40.60063],[-80.07763,40.59925],[-80.07752,40.59885],[-80.07749,40.59858],[-80.07751,40.59818],[-80.07784,40.59717],[-80.07789,40.5963],[-80.07784,40.59548],[-80.07767,40.59497],[-80.07751,40.59465],[-80.0767,40.59348],[-80.0763,40.59306],[-80.07455,40.59185],[-80.07407,40.59147],[-80.07136,40.58896],[-80.07082,40.58831],[-80.06904,40.58559]]]}},{"type":"Feature","properties":{"name":"Drake","route":"510000"},"geometry":{"type":"MultiLineString","coordinates":[[[-80.0651,40.32647],[-80.06494,40.32633],[-80.06414,40.32519],[-80.0633,40.32479],[-80.06309,40.32466],[-80.06241,40.32399],[-80.06042,40.32218],[-80.06018,40.32202],[-80.0599,40.3219],[-80.05849,40.32152]],[[-80.05849,40.32152],[-80.05814,40.32141]],[[-80.05849,40.32152],[-80.05847,40.3213]]]}},{"type":"Feature","properties":{"name":"Spring Run","route":"628802"},"geometry":{"type":"MultiLineString","coordinates":[[[-80.26701,40.51878],[-80.26717,40.51891],[-80.26776,40.51961],[-80.26802,40.52008],[-80.26815,40.52103],[-80.2681,40.52195],[-80.2684,40.52263],[-80.2688,40.52334],[-80.26899,40.52358],[-80.26977,40.52422],[-80.27014,40.52457],[-80.27038,40.5249],[-80.2705,40.52517],[-80.27049,40.52541],[-80.2704,40.52557],[-80.26977,40.52604],[-80.26954,40.52641],[-80.26929,40.52726],[-80.26911,40.52822],[-80.26921,40.52872],[-80.26947,40.52934],[-80.26972,40.52966],[-80.2704,40.53038],[-80.27073,40.53083],[-80.27042,40.53103],[-80.26998,40.53139],[-80.26965,40.5318],[-80.26949,40.53228],[-80.26945,40.53318],[-80.26926,40.53365],[-80.26667,40.53656],[-80.26628,40.53693],[-80.26575,40.53732],[-80.26494,40.53774],[-80.26405,40.53812],[-80.26348,40.53847],[-80.26304,40.53892],[-80.2624,40.53993],[-80.26204,40.54027],[-80.26004,40.54131],[-80.25906,40.54191],[-80.25804,40.54262],[-80.25754,40.54285],[-80.257,40.54298],[-80.25656,40.54299],[-80.25258,40.54269],[-80.25024,40.54241],[-80.24991,40.54231],[-80.24909,40.54188],[-80.24871,40.5418],[-80.24535,40.54188],[-80.24507,40.54198],[-80.24486,40.54218],[-80.24477,40.54251],[-80.2447,40.54338],[-80.24461,40.54355],[-80.2444,40.54369],[-80.24353,40.54398],[-80.24334,40.54407],[-80.24314,40.54427],[-80.24307,40.54446],[-80.24286,40.54585],[-80.24271,40.54617],[-80.24247,40.54646],[-80.24214,40.54674],[-80.24174,40.54648],[-80.24139,40.54633],[-80.24079,40.54627],[-80.24032,40.54632]]]}},{"type":"Feature","properties":{"name":"Painters Run","route":"624201"},"geometry":{"type":"MultiLineString","coordinates":[[[-80.10527,40.35835],[-80.10465,40.35836],[-80.10435,40.35843],[-80.10299,40.35927],[-80.1018,40.3599],[-80.10105,40.36062],[-80.09985,40.3614],[-80.09934,40.36165],[-80.09892,40.36181],[-80.09806,40.36209],[-80.09746,40.36223],[-80.09677,40.3623],[-80.09606,40.36229],[-80.0956,40.36223],[-80.09364,40.36183],[-80.09201,40.36176],[-80.09014,40.36162],[-80.08894,40.36165],[-80.08847,40.36171],[-80.08803,40.36181],[-80.08756,40.36206],[-80.08736,40.36224],[-80.08724,40.36243],[-80.08717,40.36262],[-80.08706,40.3636],[-80.08689,40.36411]]]}},{"type":"Feature","properties":{"name":"Warrendale Bayne","route":"132500"},"geometry":{"type":"MultiLineString","coordinates":[[[-80.14373,40.61416],[-80.14089,40.61836],[-80.14057,40.61901],[-80.14031,40.61985],[-80.14007,40.62142],[-80.14004,40.62194],[-80.14005,40.62229],[-80.14015,40.62298],[-80.1404,40.62371],[-80.14065,40.6242],[-80.14229,40.62698],[-80.14247,40.62749],[-80.14253,40.62785],[-80.14252,40.62814],[-80.14246,40.62848],[-80.14234,40.62882],[-80.14152,40.63045],[-80.14132,40.63095],[-80.14119,40.63146],[-80.14086,40.63322],[-80.14066,40.6339],[-80.14038,40.63448],[-80.1388,40.63687],[-80.13855,40.63736],[-80.13842,40.63795],[-80.13835,40.63913],[-80.13813,40.63963],[-80.13777,40.64008],[-80.13728,40.64045],[-80.13346,40.64294],[-80.13291,40.64328],[-80.13254,40.64346],[-80.13174,40.64371],[-80.12762,40.64444],[-80.12718,40.64457],[-80.12658,40.64485],[-80.12607,40.64522],[-80.12578,40.6455],[-80.12378,40.64795],[-80.12337,40.64837],[-80.12291,40.64877],[-80.12222,40.64924],[-80.12165,40.64954],[-80.11835,40.65105],[-80.11778,40.65126],[-80.11711,40.65141],[-80.11665,40.65145],[-80.11624,40.65144],[-80.11345,40.65119],[-80.11278,40.65105],[-80.11239,40.65088],[-80.112,40.65065],[-80.11166,40.65017],[-80.11117,40.649]]]}},{"type":"Feature","properties":{"name":"Neville","route":"623001"},"geometry":{"type":"MultiLineString","coordinates":[[[-80.15096,40.51716],[-80.15067,40.51739],[-80.15028,40.51755],[-80.14984,40.5176],[-80.1494,40.51753],[-80.14481,40.51594],[-80.1394,40.51422],[-80.13687,40.51347],[-80.12979,40.51158],[-80.12914,40.51113],[-80.12863,40.51052],[-80.1283,40.50951],[-80.12801,40.50912],[-80.12759,40.50881],[-80.12707,40.5086],[-80.12255,40.50727],[-80.12206,40.50717],[-80.11748,40.50661],[-80.11592,40.50631],[-80.11348,40.50567],[-80.11199,40.50539],[-80.10758,40.50421],[-80.10615,40.50376],[-80.10476,40.50324],[-80.08991,40.49705],[-80.0803,40.49258]]]}},{"type":"Feature","properties":{"name":"Delafield","route":"209700"},"geometry":{"type":"MultiLineString","coordinates":[[[-79.89682,40.49301],[-79.89661,40.49371],[-79.89652,40.4939],[-79.89635,40.49406],[-79.893,40.49642],[-79.89052,40.49727],[-79.89013,40.49745],[-79.88901,40.49808],[-79.88757,40.49861],[-79.88714,40.49873],[-79.88596,40.49894],[-79.88537,40.49886],[-79.88509,40.49887],[-79.88399,40.49913],[-79.88364,40.49925]]]}},{"type":"Feature","properties":{"name":"North Braddock & Forest Hills","route":"323702"},"geometry":{"type":"MultiLineString","coordinates":[[[-79.84766,40.41574],[-79.84877,40.41461]]]}},{"type":"Feature","properties":{"name":"Unity & Trestle","route":"331600"},"geometry":{"type":"MultiLineString","coordinates":[[[-79.78504,40.49171],[-79.78493,40.4913],[-79.78477,40.49115],[-79.78342,40.49053],[-79.78236,40.49026],[-79.78158,40.48996],[-79.78014,40.48964],[-79.77943,40.48965],[-79.77899,40.48958],[-79.77799,40.48929],[-79.77628,40.48909],[-79.77518,40.489],[-79.77492,40.48896],[-79.77469,40.48886],[-79.77305,40.48765],[-79.77289,40.48749],[-79.77257,40.48703],[-79.77157,40.48637],[-79.77124,40.4862],[-79.76962,40.48568],[-79.76692,40.48427],[-79.76623,40.484],[-79.76602,40.48388],[-79.76587,40.48372],[-79.7649,40.48187],[-79.76446,40.48128],[-79.76389,40.48037],[-79.76265,40.47894],[-79.76212,40.47864],[-79.76117,40.47822],[-79.76076,40.4781],[-79.75913,40.47777]]]}},{"type":"Feature","properties":{"name":"Stroschein","route":"329802"},"geometry":{"type":"MultiLineString","coordinates":[[[-79.77289,40.42291],[-79.77302,40.42316],[-79.77306,40.42345],[-79.773,40.42369],[-79.77274,40.4242],[-79.7728,40.42449],[-79.77303,40.42468],[-79.77383,40.425],[-79.77446,40.42521],[-79.7746,40.4253],[-79.77506,40.42593],[-79.77587,40.42717],[-79.77601,40.4275],[-79.77609,40.42784],[-79.7763,40.43046],[-79.7765,40.43096],[-79.77691,40.43163],[-79.77709,40.43183],[-79.77699,40.43228],[-79.77573,40.43318],[-79.77469,40.43424],[-79.77325,40.43537],[-79.7724,40.43619]]]}},{"type":"Feature","properties":{"name":"Pitcairn","route":"325300"},"geometry":{"type":"MultiLineString","coordinates":[[[-79.77676,40.41731],[-79.77652,40.418],[-79.7761,40.4186],[-79.77576,40.41924],[-79.77511,40.42006],[-79.77454,40.42068],[-79.77406,40.42142],[-79.77325,40.42234],[-79.7726,40.42336],[-79.77223,40.42388],[-79.77197,40.42465],[-79.77186,40.42479],[-79.77036,40.42587],[-79.76966,40.42655],[-79.76949,40.42667],[-79.76858,40.42718],[-79.76807,40.42763],[-79.76773,40.42774],[-79.76603,40.4279],[-79.76553,40.42803],[-79.76525,40.42815],[-79.76353,40.42913],[-79.76236,40.43013],[-79.76197,40.4304],[-79.76166,40.43053],[-79.76143,40.43077],[-79.76123,40.43108],[-79.76088,40.43207],[-79.7603,40.43302],[-79.76024,40.43329]]]}},{"type":"Feature","properties":{"name":"Coulterville","route":"409001"},"geometry":{"type":"MultiLineString","coordinates":[[[-79.78804,40.32357],[-79.78756,40.32258],[-79.78736,40.32151],[-79.78711,40.32092],[-79.7867,40.31948],[-79.78649,40.31919],[-79.78554,40.31849],[-79.78541,40.31833],[-79.78464,40.31672],[-79.78398,40.31578]]]}},{"type":"Feature","properties":{"name":"Maple Springs","route":"519200"},"geometry":{"type":"MultiLineString","coordinates":[[[-80.00616,40.31539],[-80.00557,40.3156],[-80.00528,40.31559],[-80.0051,40.3155],[-80.0045,40.31504],[-80.0036,40.31454],[-80.00296,40.31427],[-80.0025,40.31426],[-80.00226,40.31432],[-80.00204,40.31442],[-80.00181,40.31465],[-80.00167,40.31496],[-80.00164,40.31567],[-80.00153,40.31585],[-80.00126,40.31605],[-80.00096,40.3161],[-80.00062,40.31608],[-80.00037,40.31602],[-79.99969,40.31575],[-79.9994,40.31566],[-79.99917,40.31563],[-79.9987,40.31563],[-79.99825,40.31574],[-79.99529,40.31691]],[[-79.99536,40.31651],[-79.99547,40.31669],[-79.99557,40.31672],[-79.99575,40.31672]]]}},{"type":"Feature","properties":{"name":"Buena Vista & Greenock","route":"405300"},"geometry":{"type":"MultiLineString","coordinates":[[[-79.81662,40.30008],[-79.81492,40.30036],[-79.81472,40.30044],[-79.81457,40.30059],[-79.8145,40.30071],[-79.81448,40.30086],[-79.81474,40.30177],[-79.81475,40.30193],[-79.81473,40.30209],[-79.81459,40.3024],[-79.81433,40.30265],[-79.81181,40.30443],[-79.81151,40.30467],[-79.81124,40.30496],[-79.81102,40.30525],[-79.81086,40.30556],[-79.80972,40.30836],[-79.80932,40.30912],[-79.80886,40.30987],[-79.80836,40.31061],[-79.80791,40.31117],[-79.80645,40.31238],[-79.80618,40.31246],[-79.80593,40.31247],[-79.80292,40.31228],[-79.80203,40.31245],[-79.80115,40.31131],[-79.80083,40.31107],[-79.80001,40.31068],[-79.79977,40.31052],[-79.79959,40.31033],[-79.79948,40.31018],[-79.79875,40.30841],[-79.79868,40.30833],[-79.79859,40.30831],[-79.79782,40.30845],[-79.79758,40.30853],[-79.7948,40.31075],[-79.79613,40.31166]]]}},{"type":"Feature","properties":{"name":"Coal Valley","route":"508104"},"geometry":{"type":"MultiLineString","coordinates":[[[-79.94981,40.31054],[-79.95011,40.31026],[-79.95045,40.31007],[-79.95074,40.30983],[-79.95107,40.3094],[-79.95152,40.30862],[-79.95181,40.30834],[-79.95293,40.30756],[-79.95346,40.30728],[-79.95452,40.30683],[-79.95469,40.30674],[-79.95497,40.3065],[-79.95517,40.3062],[-79.95554,40.30543],[-79.95555,40.30524],[-79.95547,40.30489],[-79.95554,40.30454],[-79.95553,40.30421],[-79.95558,40.30407],[-79.95571,40.30394],[-79.95627,40.30371],[-79.95672,40.30364],[-79.9578,40.30369],[-79.95891,40.3038],[-79.95915,40.30386],[-79.96004,40.30432],[-79.96041,40.30448],[-79.96082,40.30459],[-79.96102,40.30461],[-79.96126,40.30457],[-79.96166,40.30439],[-79.96196,40.30416],[-79.96236,40.30373],[-79.96251,40.30363],[-79.9627,40.3036],[-79.96324,40.30364]]]}},{"type":"Feature","properties":{"name":"Newton & Rodi","route":"323401"},"geometry":{"type":"MultiLineString","coordinates":[[[-79.82443,40.46471],[-79.8242,40.46482],[-79.82401,40.465],[-79.82303,40.46439],[-79.8227,40.46412],[-79.82185,40.46324],[-79.82133,40.46232],[-79.82104,40.46193],[-79.8206,40.46158],[-79.82014,40.46131],[-79.8194,40.46102]]]}},{"type":"Feature","properties":{"name":"Wall","route":"432100"},"geometry":{"type":"MultiLineString","coordinates":[[[-79.80689,40.39325],[-79.80648,40.39348],[-79.80511,40.39347],[-79.80486,40.39343],[-79.80401,40.39317],[-79.80362,40.3931],[-79.80099,40.39297],[-79.79935,40.39292],[-79.79849,40.39298],[-79.79643,40.39323],[-79.79313,40.39391],[-79.79285,40.39394],[-79.79261,40.39388],[-79.79193,40.39354],[-79.79161,40.39353],[-79.78865,40.39388],[-79.78602,40.39392],[-79.78436,40.39494],[-79.78405,40.39505],[-79.78027,40.39565],[-79.77915,40.39579],[-79.77854,40.39575],[-79.77768,40.39547],[-79.77742,40.39536],[-79.77718,40.39519],[-79.77701,40.395]]]}},{"type":"Feature","properties":{"name":"Coulterville","route":"409002"},"geometry":{"type":"MultiLineString","coordinates":[[[-79.79898,40.29584],[-79.79924,40.29608],[-79.79988,40.2965],[-79.80031,40.29693],[-79.80124,40.29833],[-79.80156,40.29908],[-79.80158,40.29921],[-79.80154,40.29928],[-79.8003,40.29986],[-79.79387,40.30262],[-79.7937,40.30274],[-79.79268,40.30379],[-79.79256,40.30386],[-79.79244,40.30389],[-79.79225,40.30388],[-79.79087,40.30371],[-79.79045,40.30371],[-79.78948,40.30397],[-79.78869,40.30424],[-79.78851,40.30435],[-79.78828,40.30459],[-79.78656,40.30682],[-79.78615,40.30748],[-79.78597,40.30787]]]}},{"type":"Feature","properties":{"name":"Brownsville & Library","route":"504900"},"geometry":{"type":"MultiLineString","coordinates":[[[-80.02289,40.28628],[-80.02226,40.28658],[-80.02172,40.28663],[-80.02007,40.28668],[-80.0196,40.28661],[-80.01821,40.28626],[-80.01717,40.28608],[-80.01644,40.28587],[-80.01486,40.28548],[-80.01439,40.28553],[-80.01412,40.28564],[-80.01392,40.28579],[-80.01317,40.28677],[-80.01302,40.28691],[-80.01168,40.28769],[-80.01127,40.28787],[-80.00955,40.28848],[-80.00871,40.28885],[-80.00826,40.28896],[-80.00802,40.28898],[-80.00763,40.28899],[-80.00675,40.28889],[-80.0063,40.28877],[-80.00565,40.28852],[-80.0052,40.28839],[-80.0045,40.28829],[-80.00427,40.28819],[-80.00335,40.28762],[-80.00302,40.28746],[-80.0024,40.28728],[-80.00197,40.28722],[-80.00153,40.28721],[-80.00084,40.28728],[-79.99855,40.28789],[-79.99739,40.28809]],[[-79.99686,40.28865],[-79.9969,40.28849],[-79.99702,40.28831],[-79.99721,40.28816],[-79.99739,40.28809]],[[-79.99739,40.28809],[-79.99704,40.28812],[-79.99666,40.28808]]]}},{"type":"Feature","properties":{"name":"Buena Vista & Lovedale","route":"405400"},"geometry":{"type":"MultiLineString","coordinates":[[[-79.83713,40.28338],[-79.83542,40.28404],[-79.8349,40.28412],[-79.83329,40.28422],[-79.83287,40.28431],[-79.83156,40.28475],[-79.83005,40.2855],[-79.829,40.28595],[-79.82859,40.28608],[-79.82813,40.28618],[-79.82787,40.28619],[-79.82762,40.28615],[-79.82653,40.28573],[-79.82611,40.28563],[-79.825,40.28553],[-79.82475,40.28548],[-79.82328,40.28498],[-79.82198,40.28432],[-79.82173,40.28425],[-79.82148,40.28424],[-79.82013,40.28433],[-79.81958,40.28442],[-79.81887,40.28474],[-79.81767,40.28557],[-79.81691,40.28596],[-79.8161,40.28624],[-79.81565,40.28635],[-79.81496,40.28645]]]}},{"type":"Feature","properties":{"name":"Scotia Hollow","route":"427700"},"geometry":{"type":"MultiLineString","coordinates":[[[-79.91117,40.28402],[-79.91133,40.28375],[-79.91138,40.28357],[-79.9114,40.28338],[-79.91134,40.28296],[-79.91108,40.28241],[-79.91071,40.28189],[-79.90976,40.28089],[-79.90952,40.28076],[-79.90854,40.28045],[-79.90843,40.28032],[-79.90848,40.28019],[-79.90882,40.2799],[-79.90886,40.27981],[-79.90885,40.27956],[-79.90875,40.27916],[-79.90885,40.27822],[-79.90893,40.27808],[-79.90933,40.27767],[-79.90948,40.27739],[-79.90935,40.27673],[-79.90917,40.27636],[-79.90901,40.27616],[-79.90883,40.27596],[-79.90852,40.27586],[-79.90763,40.27608],[-79.90725,40.2761],[-79.90677,40.27587],[-79.90584,40.27549],[-79.90568,40.27538],[-79.9056,40.27528],[-79.90547,40.2748],[-79.90526,40.27443],[-79.905,40.27408],[-79.90478,40.27392],[-79.90427,40.27373],[-79.90377,40.27362],[-79.90325,40.27356],[-79.90273,40.27339],[-79.90089,40.27218],[-79.90053,40.27199]]]}},{"type":"Feature","properties":{"name":"Rock Run","route":"426700"},"geometry":{"type":"MultiLineString","coordinates":[[[-79.838,40.27556],[-79.83741,40.27578],[-79.83705,40.27584],[-79.83554,40.27576],[-79.83504,40.2757],[-79.83228,40.27491],[-79.83015,40.27401],[-79.82987,40.27393],[-79.82704,40.27355],[-79.82377,40.27273],[-79.81971,40.27102],[-79.81927,40.2708],[-79.81851,40.27025],[-79.81749,40.26934],[-79.81724,40.26921],[-79.81671,40.26908],[-79.81439,40.26861],[-79.81414,40.26858],[-79.81383,40.26864],[-79.81357,40.26881],[-79.81299,40.26971],[-79.81273,40.27005],[-79.81181,40.27099],[-79.81148,40.27129],[-79.8111,40.27155],[-79.80904,40.27248],[-79.80765,40.27299],[-79.80717,40.2731],[-79.80641,40.27316],[-79.80539,40.27313],[-79.80316,40.27345],[-79.80273,40.27342],[-79.80214,40.27327],[-79.80174,40.27326],[-79.80155,40.27332],[-79.80139,40.27343],[-79.80108,40.27391],[-79.80071,40.27428],[-79.80053,40.2744],[-79.80023,40.27453],[-79.79936,40.27472],[-79.79919,40.27479]]]}},{"type":"Feature","properties":{"name":"Simpson Howell","route":"428400"},"geometry":{"type":"MultiLineString","coordinates":[[[-79.83725,40.27271],[-79.83571,40.26954],[-79.83567,40.26891],[-79.83639,40.26368],[-79.83741,40.25939],[-79.83747,40.2588],[-79.83736,40.25841],[-79.83718,40.2581],[-79.83577,40.2561],[-79.83544,40.25547],[-79.83536,40.25514],[-79.83526,40.2541],[-79.83495,40.25252],[-79.83492,40.25201],[-79.83501,40.25151],[-79.83532,40.25069],[-79.83554,40.25037],[-79.83588,40.25012],[-79.83682,40.24967],[-79.83818,40.24869],[-79.83902,40.24804],[-79.83918,40.24785],[-79.83936,40.24755],[-79.83948,40.24714],[-79.83944,40.2467],[-79.83933,40.24643],[-79.83851,40.24511],[-79.83836,40.24457],[-79.83835,40.24421],[-79.83843,40.24367],[-79.83863,40.24314],[-79.83883,40.24281],[-79.83936,40.24219],[-79.83946,40.24199],[-79.8395,40.24179],[-79.83948,40.24134]]]}},{"type":"Feature","properties":{"name":"Monongahela & Elizabeth","route":"421500"},"geometry":{"type":"MultiLineString","coordinates":[[[-79.89777,40.21857],[-79.8976,40.21898],[-79.89746,40.21967],[-79.89742,40.22],[-79.89743,40.22151],[-79.89751,40.22176],[-79.89794,40.22212],[-79.89809,40.22227],[-79.89818,40.22245],[-79.89841,40.22425],[-79.89861,40.22523],[-79.89862,40.22545],[-79.89886,40.22642],[-79.89889,40.22675],[-79.89881,40.22757],[-79.89855,40.22871],[-79.89851,40.22903],[-79.89858,40.22985],[-79.89851,40.23325],[-79.89849,40.23344],[-79.89837,40.23375],[-79.89784,40.23446],[-79.89778,40.23464],[-79.89791,40.23584],[-79.89786,40.23607],[-79.89692,40.23681],[-79.8967,40.23707],[-79.89662,40.23722],[-79.89655,40.23762],[-79.89666,40.23897],[-79.89662,40.23929],[-79.89649,40.23959],[-79.8961,40.2403],[-79.89589,40.24057],[-79.89559,40.24085],[-79.8955,40.24115],[-79.89532,40.2421],[-79.89522,40.24233],[-79.89501,40.24249],[-79.89474,40.24251],[-79.88957,40.24253],[-79.88913,40.24257],[-79.88829,40.24278],[-79.88807,40.24281],[-79.88651,40.24276],[-79.88467,40.24256],[-79.88448,40.24247],[-79.88427,40.2422],[-79.88409,40.24207],[-79.88372,40.24189],[-79.88319,40.24176],[-79.88182,40.24156]]]}},{"type":"Feature","properties":{"name":"Mowery Gill Hall&Cochran Mill","route":"522600"},"geometry":{"type":"MultiLineString","coordinates":[[[-79.96104,40.29162],[-79.96121,40.29169],[-79.96144,40.29189],[-79.96292,40.29334],[-79.96314,40.29366],[-79.96331,40.29419],[-79.96332,40.29454],[-79.96326,40.29493],[-79.96312,40.29528],[-79.96246,40.29631],[-79.96231,40.29665],[-79.96221,40.29701],[-79.96217,40.29751],[-79.96237,40.29886],[-79.9624,40.29922],[-79.96233,40.29976],[-79.96192,40.30136],[-79.9619,40.30172],[-79.96204,40.30225],[-79.96223,40.30258],[-79.96249,40.30288],[-79.96313,40.3035],[-79.96345,40.30399],[-79.96365,40.30451],[-79.96435,40.307],[-79.96465,40.30775],[-79.96498,40.30828],[-79.96585,40.30945],[-79.96606,40.30997],[-79.96615,40.31056],[-79.96613,40.311],[-79.96574,40.31205],[-79.96564,40.31259],[-79.9657,40.31443],[-79.96567,40.31473],[-79.96555,40.31507],[-79.96534,40.31539],[-79.96504,40.31567],[-79.96486,40.31578],[-79.96446,40.31597],[-79.96357,40.3162],[-79.96314,40.31635],[-79.96287,40.31649],[-79.96257,40.31674],[-79.96232,40.31706],[-79.96182,40.31808],[-79.96149,40.31856],[-79.9612,40.31884],[-79.96088,40.3191],[-79.95977,40.31979],[-79.95938,40.32008],[-79.95695,40.32277],[-79.95653,40.32311]]]}},{"type":"Feature","properties":{"name":"Catfish Run","route":"506500"},"geometry":{"type":"MultiLineString","coordinates":[[[-80.02202,40.33058],[-80.02161,40.33017]],[[-80.02191,40.33084],[-80.02182,40.33055],[-80.02161,40.33017]],[[-80.02192,40.33007],[-80.0218,40.33016],[-80.02161,40.33017]],[[-80.02161,40.33017],[-80.01786,40.32647],[-80.01726,40.32597],[-80.01654,40.32549],[-80.01053,40.322],[-80.00989,40.32159],[-80.0096,40.32137],[-80.0091,40.32086],[-80.0087,40.3203],[-80.0084,40.31975]],[[-80.0084,40.31975],[-80.0085,40.3197],[-80.00857,40.31961],[-80.00857,40.31944],[-80.0085,40.31936],[-80.00839,40.3193],[-80.00816,40.31931]],[[-80.0084,40.31975],[-80.00816,40.31975],[-80.00805,40.3197],[-80.00798,40.31961],[-80.00798,40.31944],[-80.00816,40.31931]],[[-80.00816,40.31931],[-80.00544,40.31401],[-80.0051,40.31345],[-80.00224,40.30991],[-80.00178,40.30944],[-80.00103,40.30876],[-79.99978,40.30772],[-79.99924,40.30736],[-79.9988,40.30714],[-79.99828,40.30695],[-79.99786,40.30683],[-79.9971,40.30671],[-79.99645,40.30669]]]}},{"type":"Feature","properties":{"name":"Brownsville","route":"505003"},"geometry":{"type":"MultiLineString","coordinates":[[[-79.99541,40.30235],[-79.99626,40.30408],[-79.99634,40.30428],[-79.99641,40.30473],[-79.99646,40.3065],[-79.99639,40.30745],[-79.99635,40.30767],[-79.99599,40.30864],[-79.99597,40.30895],[-79.99661,40.31074],[-79.99682,40.31112],[-79.99711,40.31153],[-79.99719,40.31173],[-79.99748,40.31319],[-79.99744,40.31359],[-79.99735,40.31378],[-79.9962,40.31541],[-79.99536,40.31651],[-79.99529,40.31675],[-79.99529,40.31691]]]}},{"type":"Feature","properties":{"name":"Old Freeport","route":"234500"},"geometry":{"type":"MultiLineString","coordinates":[[[-79.88289,40.48752],[-79.88286,40.48746],[-79.88274,40.48734],[-79.88248,40.48732],[-79.87924,40.4876],[-79.87882,40.48767],[-79.87784,40.488],[-79.87701,40.48818],[-79.87593,40.48836],[-79.87267,40.4888],[-79.87184,40.48905],[-79.87167,40.48914],[-79.87075,40.48982],[-79.87041,40.49001],[-79.8701,40.4901],[-79.8698,40.49032]]]}},{"type":"Feature","properties":{"name":"Cliff Mine / Coraopolis Hgts","route":"607502"},"geometry":{"type":"MultiLineString","coordinates":[[[-80.21569,40.47751],[-80.21464,40.47702],[-80.21428,40.47681],[-80.21404,40.4765],[-80.21373,40.47577],[-80.2136,40.47561],[-80.21347,40.47553],[-80.21232,40.4753],[-80.21032,40.47387],[-80.2097,40.47332],[-80.20935,40.47307],[-80.20809,40.4723],[-80.20779,40.47203],[-80.20746,40.47158],[-80.20725,40.4714],[-80.20703,40.47129],[-80.2062,40.47102]]]}},{"type":"Feature","properties":{"name":"Lincoln Ave & Wildwood","route":"317902"},"geometry":{"type":"MultiLineString","coordinates":[[[-79.8762,40.48152],[-79.876,40.4811],[-79.87532,40.48042],[-79.87463,40.48015],[-79.87239,40.47912],[-79.87215,40.47905],[-79.87135,40.47893],[-79.86975,40.47825],[-79.86878,40.4779],[-79.86852,40.47773],[-79.86806,40.47723],[-79.86766,40.47694],[-79.86727,40.47678],[-79.86644,40.4766],[-79.86578,40.47627],[-79.86524,40.47614],[-79.86487,40.47593],[-79.86463,40.47573]]]}},{"type":"Feature","properties":{"name":"Pierson Run","route":"325200"},"geometry":{"type":"MultiLineString","coordinates":[[[-79.75985,40.477],[-79.75942,40.47677],[-79.75872,40.47631],[-79.75782,40.47594],[-79.75728,40.47576],[-79.75594,40.4754],[-79.75551,40.47541],[-79.75442,40.47557],[-79.75274,40.47577],[-79.75238,40.47574],[-79.75201,40.4756],[-79.7516,40.47513],[-79.75107,40.47442],[-79.75036,40.47398],[-79.74984,40.47357],[-79.74922,40.47296],[-79.74876,40.47269],[-79.74841,40.47236],[-79.7481,40.47189],[-79.7477,40.4708],[-79.74703,40.46964],[-79.74656,40.469],[-79.74554,40.46782],[-79.74517,40.46751],[-79.74442,40.46705],[-79.74362,40.46626],[-79.74292,40.4658],[-79.74246,40.46536],[-79.74228,40.46512],[-79.74155,40.46382],[-79.74138,40.46342],[-79.74124,40.4623],[-79.74116,40.46099],[-79.7409,40.46066],[-79.74059,40.46039],[-79.74037,40.46027],[-79.73854,40.45969],[-79.73666,40.4589],[-79.73626,40.4587],[-79.73574,40.45834],[-79.73545,40.45805],[-79.73521,40.45774],[-79.7341,40.4557],[-79.73327,40.45441]]]}},{"type":"Feature","properties":{"name":"Spring Miller","route":"328700"},"geometry":{"type":"MultiLineString","coordinates":[[[-79.74369,40.45689],[-79.74369,40.45703],[-79.74348,40.45756],[-79.74339,40.45826],[-79.74332,40.45842],[-79.74316,40.45867],[-79.74302,40.45879],[-79.74214,40.45919],[-79.74187,40.45938],[-79.74165,40.4596],[-79.74136,40.45997],[-79.74122,40.46022],[-79.74117,40.4605],[-79.74116,40.46099]],[[-79.74116,40.46059],[-79.74105,40.46066],[-79.7409,40.46066]]]}},{"type":"Feature","properties":{"name":"Lindsey","route":"318100"},"geometry":{"type":"MultiLineString","coordinates":[[[-79.72416,40.46043],[-79.72546,40.45938],[-79.72585,40.45899],[-79.72605,40.45865],[-79.72633,40.45841],[-79.72666,40.45823],[-79.72752,40.45801],[-79.72959,40.45658],[-79.73034,40.45518],[-79.73062,40.45474],[-79.73097,40.45398],[-79.73141,40.45335]]]}},{"type":"Feature","properties":{"name":"Braddock & Ardmore","route":"303600"},"geometry":{"type":"MultiLineString","coordinates":[[[-79.87027,40.41367],[-79.869,40.41407],[-79.86716,40.41423],[-79.86672,40.4143],[-79.86629,40.41446],[-79.86584,40.41475],[-79.86502,40.41514],[-79.86478,40.41533],[-79.86456,40.41572],[-79.86457,40.41603],[-79.86496,40.41661],[-79.86533,40.41694],[-79.86549,40.4172],[-79.86514,40.41782],[-79.86435,40.41817],[-79.8642,40.41834],[-79.86398,40.42032],[-79.86439,40.42064],[-79.86447,40.4209],[-79.86448,40.42109],[-79.86396,40.42257],[-79.86381,40.42272],[-79.86352,40.42285],[-79.86278,40.4226],[-79.86256,40.4226],[-79.86236,40.42266],[-79.8621,40.42284],[-79.86106,40.42408],[-79.86088,40.42417],[-79.85965,40.42448],[-79.85947,40.4246]]]}},{"type":"Feature","properties":{"name":"Greensburg","route":"413902"},"geometry":{"type":"MultiLineString","coordinates":[[[-79.82519,40.40444],[-79.82518,40.40415],[-79.82502,40.40356],[-79.82414,40.40234],[-79.82118,40.39975],[-79.82094,40.39942],[-79.82084,40.39905],[-79.82085,40.39884],[-79.82126,40.39668],[-79.82126,40.39647],[-79.82121,40.39627],[-79.82095,40.39556],[-79.82006,40.39424],[-79.81993,40.39411],[-79.81922,40.39373],[-79.81905,40.39353],[-79.81902,40.39342],[-79.81945,40.39123],[-79.81971,40.39086],[-79.82116,40.38914],[-79.82206,40.38835],[-79.82219,40.38819],[-79.82228,40.38797],[-79.82239,40.38749],[-79.82144,40.38634],[-79.82122,40.38617],[-79.82045,40.38583],[-79.82017,40.38564],[-79.81945,40.3839],[-79.8185,40.38249],[-79.81778,40.3815],[-79.81755,40.38133],[-79.81719,40.38117],[-79.81682,40.38106],[-79.81555,40.38078]]]}},{"type":"Feature","properties":{"name":"Elwyn","route":"511600"},"geometry":{"type":"MultiLineString","coordinates":[[[-80.02783,40.39161],[-80.02867,40.39125],[-80.02858,40.39099],[-80.02855,40.38956],[-80.02844,40.38891],[-80.0274,40.3867],[-80.02682,40.38558],[-80.02641,40.38513],[-80.02592,40.3848],[-80.024,40.38395],[-80.0232,40.38368],[-80.02258,40.38352],[-80.02147,40.38336],[-80.02018,40.38332],[-80.01576,40.3833],[-80.01513,40.38334],[-80.01386,40.38348],[-80.01333,40.38349],[-80.01263,40.38343],[-80.01097,40.38317],[-80.01055,40.38301],[-80.00966,40.38251],[-80.00892,40.38207],[-80.00823,40.38159],[-80.00736,40.38091],[-80.00521,40.37898],[-80.00423,40.37821],[-80.00376,40.37789]]]}},{"type":"Feature","properties":{"name":"Sussex","route":"530000"},"geometry":{"type":"MultiLineString","coordinates":[[[-80.01709,40.38628],[-80.01696,40.38603],[-80.01688,40.38598],[-80.01678,40.38572],[-80.01539,40.38345],[-80.01537,40.38332]]]}},{"type":"Feature","properties":{"name":"Vanadium","route":"631803"},"geometry":{"type":"MultiLineString","coordinates":[[[-80.09444,40.3748],[-80.09275,40.37447],[-80.09234,40.3743],[-80.09215,40.37419],[-80.09183,40.37393],[-80.09121,40.37331],[-80.09056,40.37279],[-80.08414,40.36833]]]}},{"type":"Feature","properties":{"name":"Vandium","route":"631801"},"geometry":{"type":"MultiLineString","coordinates":[[[-80.1008,40.37024],[-80.10049,40.37014],[-80.09939,40.36994],[-80.09914,40.36992],[-80.09878,40.36995],[-80.09799,40.37019],[-80.09748,40.3704],[-80.09717,40.37061],[-80.09687,40.37097]]]}},{"type":"Feature","properties":{"name":"Whitehall","route":"533301"},"geometry":{"type":"MultiLineString","coordinates":[[[-79.97517,40.37047],[-79.97213,40.36959],[-79.97172,40.36941],[-79.97112,40.36905]]]}},{"type":"Feature","properties":{"name":"Crooked Run","route":"409400"},"geometry":{"type":"MultiLineString","coordinates":[[[-79.81644,40.36837],[-79.81621,40.36838],[-79.81575,40.36858],[-79.81449,40.36935],[-79.81388,40.3698],[-79.81292,40.37017],[-79.81066,40.37094],[-79.80723,40.37254],[-79.80698,40.37261],[-79.80613,40.37252],[-79.80582,40.37252],[-79.8045,40.3727],[-79.80343,40.37276],[-79.80182,40.37309],[-79.80152,40.37312],[-79.80094,40.3731],[-79.80041,40.37303],[-79.80011,40.37295],[-79.79982,40.3728]]]}},{"type":"Feature","properties":{"name":"Whitehall","route":"533302"},"geometry":{"type":"MultiLineString","coordinates":[[[-79.97112,40.36905],[-79.97092,40.3689],[-79.97085,40.3688],[-79.97084,40.36855],[-79.9711,40.36818],[-79.97181,40.36746],[-79.97188,40.36727],[-79.97185,40.36707],[-79.97132,40.36644],[-79.97108,40.36593],[-79.97064,40.36544],[-79.97042,40.36525],[-79.96859,40.36405],[-79.9682,40.36369],[-79.96812,40.36349],[-79.96776,40.3634],[-79.96655,40.36327]],[[-79.96645,40.36326],[-79.96438,40.36306],[-79.9638,40.36295],[-79.96287,40.36189],[-79.96219,40.36132]]]}},{"type":"Feature","properties":{"name":"McKees Rocks / Steubenville","route":"619901"},"geometry":{"type":"MultiLineString","coordinates":[[[-80.10877,40.45122],[-80.1088,40.4513],[-80.10873,40.45165],[-80.10929,40.4526],[-80.10986,40.45452],[-80.1103,40.45529],[-80.1104,40.45568],[-80.1104,40.45609],[-80.11007,40.45777],[-80.11,40.45858],[-80.10991,40.4588],[-80.10906,40.46007],[-80.10888,40.46026],[-80.10864,40.46041],[-80.10744,40.4608],[-80.10626,40.46134],[-80.10605,40.46151],[-80.1056,40.46233],[-80.10536,40.46246],[-80.10477,40.46271],[-80.10448,40.46279],[-80.10419,40.46282],[-80.10368,40.46275],[-80.10272,40.46242],[-80.10237,40.4624],[-80.10187,40.46258],[-80.10087,40.46321],[-80.1007,40.46335],[-80.1005,40.46367],[-80.10036,40.46405],[-80.10021,40.46477],[-80.1001,40.46512],[-80.09852,40.46822],[-80.09816,40.46869],[-80.09795,40.4689],[-80.09749,40.46916],[-80.0967,40.46948],[-80.09525,40.46989],[-80.09504,40.47001],[-80.09458,40.47037],[-80.0944,40.47047],[-80.094,40.4706],[-80.09328,40.47072],[-80.09137,40.47068],[-80.09111,40.4706],[-80.09067,40.47038],[-80.08972,40.4699],[-80.08948,40.46974],[-80.08926,40.46955],[-80.08878,40.46895],[-80.08822,40.46799],[-80.08741,40.46742],[-80.08726,40.46735],[-80.08683,40.4673],[-80.08648,40.46735],[-80.08627,40.46743],[-80.08611,40.46753],[-80.08564,40.46802],[-80.08532,40.46827],[-80.08488,40.46815],[-80.08092,40.46676],[-80.08011,40.4667],[-80.07788,40.46666],[-80.07736,40.46658]]]}},{"type":"Feature","properties":{"name":"Homestead - Duquesne","route":"514704"},"geometry":{"type":"MultiLineString","coordinates":[[[-79.85773,40.36936],[-79.85851,40.36913],[-79.85907,40.36892],[-79.86041,40.36826],[-79.86133,40.36785]]]}},{"type":"Feature","properties":{"name":"Homestead - Duquesne","route":"514703"},"geometry":{"type":"MultiLineString","coordinates":[[[-79.86133,40.36785],[-79.86277,40.3671],[-79.86387,40.36665],[-79.86468,40.3661],[-79.86603,40.36536],[-79.8671,40.36429],[-79.86739,40.36371],[-79.86806,40.36328],[-79.86824,40.36326],[-79.86868,40.3634],[-79.86883,40.36348],[-79.86918,40.36429],[-79.86934,40.36449],[-79.86949,40.36459]]]}},{"type":"Feature","properties":{"name":"Fairhaven & Provost","route":"512300"},"geometry":{"type":"MultiLineString","coordinates":[[[-79.99401,40.37588],[-79.99395,40.37533],[-79.99402,40.37508],[-79.9941,40.37494],[-79.99452,40.37455],[-79.9946,40.37434],[-79.99477,40.37176],[-79.99475,40.37143],[-79.99445,40.37012],[-79.99433,40.36906],[-79.99401,40.36787],[-79.99387,40.36755],[-79.99347,40.36695],[-79.9922,40.36536],[-79.99215,40.36514],[-79.99223,40.3629],[-79.99218,40.3627],[-79.992,40.36237],[-79.99109,40.36127],[-79.99099,40.36108]]]}},{"type":"Feature","properties":{"name":"Bower Hill","route":"603400"},"geometry":{"type":"MultiLineString","coordinates":[[[-80.05344,40.38494],[-80.05543,40.38448],[-80.05568,40.38436],[-80.05583,40.38426],[-80.05603,40.384],[-80.05673,40.38279],[-80.05704,40.38245],[-80.05744,40.38224],[-80.05978,40.38123],[-80.06285,40.38004],[-80.06321,40.37978],[-80.06369,40.37894],[-80.06403,40.37867],[-80.06773,40.37629],[-80.06887,40.37566],[-80.06935,40.37548],[-80.0723,40.37483],[-80.07467,40.37396],[-80.07508,40.37375],[-80.07631,40.37265],[-80.07662,40.37243],[-80.07714,40.37223],[-80.07961,40.37152],[-80.08005,40.3714],[-80.08032,40.37139],[-80.08054,40.37141],[-80.08101,40.37153],[-80.08164,40.37178],[-80.08204,40.37183],[-80.08256,40.37177],[-80.08293,40.3716],[-80.08322,40.37137],[-80.08343,40.37105],[-80.08422,40.36807],[-80.08444,40.36777],[-80.08481,40.36749],[-80.08569,40.36712],[-80.08619,40.36686],[-80.08658,40.3664],[-80.08666,40.36617],[-80.08666,40.366],[-80.08648,40.36549],[-80.08647,40.36521],[-80.08689,40.36411]]]}},{"type":"Feature","properties":{"name":"Homestead - Duquesne","route":"514701"},"geometry":{"type":"MultiLineString","coordinates":[[[-79.9051,40.40008],[-79.90276,40.3974],[-79.90268,40.39734],[-79.90176,40.39782],[-79.89983,40.39613],[-79.89964,40.3955]]]}},{"type":"Feature","properties":{"name":"Dravosburg Bridge Ramp","route":"510305"},"geometry":{"type":"MultiLineString","coordinates":[[[-79.89412,40.35008],[-79.89321,40.34978],[-79.89255,40.34948],[-79.89195,40.34892],[-79.89119,40.3481],[-79.89068,40.34769],[-79.88914,40.34682],[-79.88852,40.34655]]]}},{"type":"Feature","properties":{"name":"Stroschein","route":"329801"},"geometry":{"type":"MultiLineString","coordinates":[[[-79.7724,40.43619],[-79.77141,40.43687],[-79.76963,40.43789],[-79.76942,40.43808],[-79.76897,40.43875]]]}},{"type":"Feature","properties":{"name":"Mccoy","route":"619601"},"geometry":{"type":"MultiLineString","coordinates":[[[-80.09736,40.47543],[-80.09684,40.47661],[-80.09671,40.4768],[-80.09653,40.47698],[-80.09613,40.4772],[-80.09284,40.47852],[-80.09245,40.47872],[-80.09221,40.48018],[-80.09212,40.48033],[-80.09196,40.4804],[-80.08928,40.48047],[-80.08816,40.48035],[-80.08414,40.47979],[-80.08389,40.47976],[-80.08352,40.47978],[-80.08336,40.47983],[-80.08204,40.48056],[-80.08006,40.48134],[-80.07978,40.48139],[-80.0796,40.48133],[-80.07942,40.48114],[-80.07855,40.47959]]]}},{"type":"Feature","properties":{"name":"Bethel Rd, Hillcrest","route":"502805"},"geometry":{"type":"MultiLineString","coordinates":[[[-80.02969,40.34512],[-80.02976,40.34541],[-80.02973,40.34561],[-80.02963,40.34579],[-80.02939,40.346],[-80.02936,40.34613],[-80.02944,40.34628],[-80.02969,40.34645]]]}},{"type":"Feature","properties":{"name":"Mount Troy","route":"235100"},"geometry":{"type":"MultiLineString","coordinates":[[[-80.00704,40.49606],[-80.00689,40.49625],[-80.00678,40.49647],[-80.00646,40.49743],[-80.00638,40.49757],[-80.00615,40.49786],[-80.00561,40.49827],[-80.00502,40.49863],[-80.00415,40.49898],[-80.00275,40.49918],[-80.00253,40.49931],[-80.00199,40.49997],[-80.00172,40.50021],[-80.00078,40.5007],[-80.0005,40.50073],[-80.00034,40.50061],[-80.00012,40.50018],[-79.99995,40.50002],[-79.9981,40.49899],[-79.99802,40.49892],[-79.99799,40.49882],[-79.99822,40.49823],[-79.99828,40.49817],[-79.99842,40.49814],[-79.99917,40.4982],[-80.00049,40.49573]]]}},{"type":"Feature","properties":{"name":"Campbells Run","route":"607209"},"geometry":{"type":"MultiLineString","coordinates":[[[-80.08903,40.4073],[-80.08927,40.40751],[-80.08941,40.40759],[-80.09042,40.40801],[-80.09082,40.40822],[-80.09109,40.4085],[-80.09132,40.40881],[-80.09173,40.40914],[-80.09251,40.40995],[-80.09308,40.41045],[-80.09339,40.41089],[-80.09444,40.41276],[-80.0947,40.41306],[-80.09492,40.41319],[-80.09568,40.41351],[-80.09647,40.41377],[-80.09677,40.41392],[-80.09691,40.41403],[-80.09786,40.41509]]]}},{"type":"Feature","properties":{"name":"Universal","route":"331700"},"geometry":{"type":"MultiLineString","coordinates":[[[-79.78313,40.49045],[-79.78382,40.48888],[-79.78393,40.48851],[-79.78394,40.48813],[-79.78381,40.48737],[-79.78354,40.48682],[-79.7832,40.48647],[-79.78131,40.48496],[-79.78105,40.48466],[-79.78083,40.48415],[-79.78065,40.48349],[-79.78049,40.48232],[-79.78052,40.48193],[-79.78069,40.48163],[-79.78085,40.48145],[-79.78166,40.48078],[-79.78212,40.48032],[-79.783,40.47916],[-79.78348,40.47887],[-79.78408,40.47863],[-79.78432,40.47849],[-79.78467,40.47818],[-79.78512,40.47768],[-79.7863,40.47585],[-79.78745,40.47423],[-79.78754,40.47404],[-79.78763,40.47365],[-79.78771,40.47199],[-79.78778,40.47185],[-79.7898,40.4699],[-79.79131,40.46836],[-79.79167,40.46807],[-79.79267,40.46769],[-79.79297,40.46767],[-79.79321,40.46769],[-79.79361,40.46793],[-79.79376,40.46813],[-79.79403,40.46871],[-79.79441,40.46926],[-79.79463,40.46948],[-79.79484,40.46957],[-79.79504,40.4696],[-79.79569,40.46939],[-79.7958,40.46864],[-79.79589,40.4684],[-79.79605,40.46816],[-79.79696,40.46818],[-79.79757,40.46815],[-79.798,40.46808],[-79.79827,40.4679],[-79.79852,40.46734],[-79.79897,40.46654],[-79.79901,40.46633],[-79.79902,40.4659],[-79.79913,40.46548],[-79.79934,40.46508],[-79.79977,40.46463],[-79.80022,40.4643],[-79.80069,40.46405],[-79.8019,40.46359],[-79.80317,40.46294],[-79.80378,40.46275],[-79.80398,40.46264],[-79.80413,40.4625],[-79.80422,40.46232],[-79.80435,40.46186],[-79.80446,40.46106],[-79.80458,40.46084],[-79.80484,40.46061],[-79.80499,40.46053],[-79.80527,40.46044],[-79.80557,40.46041],[-79.80716,40.46038],[-79.80822,40.46031],[-79.80953,40.46017],[-79.81031,40.46021],[-79.81097,40.46037],[-79.8113,40.46049],[-79.81152,40.46064],[-79.8124,40.4611],[-79.81329,40.4614],[-79.81373,40.46161],[-79.81574,40.46293],[-79.81635,40.46342],[-79.81672,40.46363],[-79.81921,40.46403],[-79.81967,40.4642],[-79.82008,40.46447],[-79.82033,40.4647],[-79.82081,40.46539],[-79.82098,40.46557],[-79.82179,40.46605],[-79.82206,40.46613],[-79.82306,40.4663],[-79.82336,40.46632],[-79.824,40.46617],[-79.82451,40.46601],[-79.82465,40.46589],[-79.82473,40.46571],[-79.82471,40.46556],[-79.82456,40.46535],[-79.82401,40.465]],[[-79.82473,40.46571],[-79.82491,40.46561],[-79.82516,40.46557]]]}},{"type":"Feature","properties":{"name":"Millers Grove & Clairton","route":"421102"},"geometry":{"type":"MultiLineString","coordinates":[[[-79.94981,40.31054],[-79.94664,40.30752],[-79.94635,40.30729],[-79.94513,40.30672],[-79.9449,40.30664],[-79.94383,40.3064],[-79.94314,40.30618],[-79.94287,40.30603],[-79.94253,40.30574],[-79.94229,40.30541],[-79.94211,40.30502],[-79.94216,40.30441],[-79.94211,40.30412],[-79.94189,40.3038],[-79.94121,40.3032],[-79.94067,40.30256],[-79.9403,40.30185],[-79.93989,40.30043],[-79.93976,40.30023],[-79.93958,40.30005],[-79.93936,40.29991],[-79.9391,40.29981],[-79.93794,40.29942],[-79.93687,40.29892],[-79.93663,40.29874],[-79.93596,40.29792],[-79.93565,40.29762],[-79.93515,40.2973],[-79.93404,40.29667],[-79.93301,40.29593],[-79.93283,40.29588],[-79.93255,40.29589],[-79.93156,40.29603],[-79.93109,40.29612],[-79.92988,40.29648],[-79.92953,40.29655],[-79.9288,40.29658],[-79.92713,40.29679],[-79.92685,40.2968],[-79.92634,40.29671],[-79.92542,40.29648],[-79.92518,40.29646],[-79.92438,40.29648],[-79.92416,40.29643],[-79.92368,40.29623],[-79.92296,40.29612],[-79.92196,40.29604],[-79.92174,40.29598],[-79.92151,40.29582],[-79.92136,40.29558],[-79.92138,40.29523],[-79.92126,40.29512],[-79.9207,40.29506],[-79.91985,40.2946],[-79.91892,40.29439],[-79.91868,40.29435],[-79.9185,40.29435],[-79.91798,40.29455]]]}},{"type":"Feature","properties":{"name":"Coal Valley","route":"408101"},"geometry":{"type":"MultiLineString","coordinates":[[[-79.89931,40.31854],[-79.90158,40.31814],[-79.90251,40.31808],[-79.90571,40.31792],[-79.90739,40.3182],[-79.9077,40.31822],[-79.90785,40.31821],[-79.90901,40.31792],[-79.90928,40.31789],[-79.91123,40.31779],[-79.91182,40.3177],[-79.91218,40.31776],[-79.91379,40.31821],[-79.91448,40.31855],[-79.91472,40.31877],[-79.91533,40.31973],[-79.9155,40.31994],[-79.91635,40.32055],[-79.91717,40.321],[-79.91757,40.3213],[-79.91807,40.32181],[-79.91862,40.32229],[-79.9188,40.3225],[-79.91901,40.32289],[-79.9192,40.32309],[-79.91993,40.32374],[-79.92004,40.32381],[-79.92059,40.32399],[-79.92104,40.32429],[-79.92122,40.32436],[-79.92143,40.32437],[-79.92169,40.32433],[-79.92225,40.32417],[-79.92308,40.32399],[-79.92332,40.3239],[-79.92447,40.32329],[-79.92526,40.32269],[-79.92604,40.32224]]]}},{"type":"Feature","properties":{"name":"Lebanon Church","route":"517301"},"geometry":{"type":"MultiLineString","coordinates":[[[-79.91442,40.3541],[-79.91387,40.35421],[-79.91323,40.35428],[-79.91273,40.35428],[-79.91196,40.35416],[-79.9114,40.35396],[-79.90991,40.35333],[-79.90951,40.35303],[-79.90899,40.35227],[-79.90884,40.35213],[-79.90867,40.35203],[-79.90845,40.35197],[-79.90813,40.35196],[-79.90692,40.35234],[-79.90596,40.3525],[-79.90567,40.35251],[-79.90423,40.35226],[-79.90375,40.35224],[-79.90252,40.3525],[-79.90227,40.3526],[-79.90206,40.35274],[-79.90192,40.35292],[-79.90139,40.35385],[-79.89996,40.35574],[-79.89977,40.3559],[-79.89947,40.35606]]]}},{"type":"Feature","properties":{"name":"Coal Valley","route":"408102"},"geometry":{"type":"MultiLineString","coordinates":[[[-79.92639,40.32263],[-79.9285,40.32241],[-79.92884,40.32252],[-79.93013,40.32308],[-79.93036,40.3231],[-79.93056,40.32301],[-79.93135,40.32194],[-79.93141,40.32172],[-79.93141,40.32154],[-79.9313,40.32101],[-79.93133,40.32089],[-79.93143,40.32077],[-79.93157,40.32068],[-79.93318,40.32011],[-79.93352,40.31991],[-79.9369,40.31737],[-79.93728,40.31714],[-79.93771,40.31698],[-79.9381,40.31679],[-79.93843,40.31655],[-79.9387,40.31627],[-79.9388,40.31608],[-79.93883,40.31594],[-79.93883,40.31548],[-79.93875,40.31485],[-79.93863,40.31463],[-79.93803,40.31397],[-79.93795,40.31375],[-79.93799,40.31361],[-79.93807,40.31352],[-79.93846,40.31331],[-79.9387,40.31325]]]}},{"type":"Feature","properties":{"name":"Coal Valley","route":"408103"},"geometry":{"type":"MultiLineString","coordinates":[[[-79.94981,40.31054],[-79.94832,40.31144],[-79.94761,40.31168],[-79.94755,40.31177],[-79.94758,40.31183],[-79.94794,40.31198],[-79.94803,40.31208],[-79.94802,40.31216],[-79.94795,40.31224],[-79.94778,40.31231],[-79.94702,40.31252],[-79.94593,40.31235],[-79.94497,40.31214],[-79.94265,40.31137],[-79.94236,40.31136],[-79.94209,40.31142],[-79.94188,40.31151],[-79.94165,40.31169],[-79.94149,40.31175],[-79.94042,40.31181],[-79.94023,40.31189],[-79.94018,40.31204],[-79.94056,40.3133],[-79.93973,40.31383],[-79.93956,40.31387],[-79.93934,40.31382],[-79.93901,40.31331],[-79.93887,40.31324],[-79.9387,40.31325]]]}},{"type":"Feature","properties":{"name":"Cliff Mine / Coraopolis Hgts","route":"607501"},"geometry":{"type":"MultiLineString","coordinates":[[[-80.19028,40.45868],[-80.19081,40.45833],[-80.1923,40.45771],[-80.19279,40.45747],[-80.19338,40.45693],[-80.1941,40.45602],[-80.19462,40.45517],[-80.19487,40.45486],[-80.19527,40.45459],[-80.19752,40.45341],[-80.1981,40.45306],[-80.19835,40.45285],[-80.19905,40.45201]]]}},{"type":"Feature","properties":{"name":"Steubenville Pike / Enlow","route":"629301"},"geometry":{"type":"MultiLineString","coordinates":[[[-80.19905,40.45201],[-80.19945,40.4519],[-80.19992,40.45188],[-80.2004,40.45193],[-80.2016,40.45221],[-80.20258,40.45221],[-80.20306,40.45218],[-80.20354,40.45211],[-80.20426,40.45192],[-80.20473,40.45183],[-80.20519,40.45179],[-80.20536,40.4518],[-80.20584,40.45194],[-80.2061,40.45212],[-80.2063,40.45233],[-80.20662,40.45259],[-80.20694,40.45272],[-80.20741,40.45278],[-80.20838,40.45273],[-80.20886,40.45275],[-80.20936,40.45285],[-80.21105,40.45334],[-80.21133,40.45335],[-80.21208,40.45326],[-80.21333,40.45337],[-80.21378,40.45348],[-80.21421,40.45366],[-80.21463,40.45389],[-80.21498,40.45414],[-80.2153,40.45426],[-80.21655,40.4544],[-80.22095,40.45515],[-80.22122,40.45515],[-80.22144,40.45511],[-80.22294,40.45464],[-80.2239,40.45453],[-80.2244,40.45452],[-80.22458,40.45458],[-80.22469,40.45467],[-80.22515,40.45529],[-80.22547,40.45595],[-80.22559,40.45605],[-80.22574,40.4561],[-80.22807,40.4561],[-80.22853,40.45605],[-80.22896,40.45593],[-80.22915,40.45583],[-80.23025,40.45517],[-80.23075,40.4548],[-80.23119,40.45463],[-80.23161,40.45456],[-80.23262,40.45454],[-80.23285,40.45455],[-80.23348,40.45465]]]}},{"type":"Feature","properties":{"name":"Creighton Russelton","route":"309300"},"geometry":{"type":"MultiLineString","coordinates":[[[-79.81877,40.60975],[-79.81839,40.61002],[-79.81791,40.61021],[-79.81768,40.61034],[-79.81736,40.6106],[-79.81708,40.61075],[-79.81572,40.61125],[-79.81513,40.6116],[-79.81461,40.61203],[-79.81441,40.6121],[-79.81247,40.61211],[-79.81173,40.61207],[-79.81146,40.61201],[-79.81076,40.61176],[-79.81064,40.61167],[-79.81049,40.61146],[-79.80896,40.61075],[-79.80842,40.61036],[-79.80818,40.61024],[-79.80792,40.61017],[-79.80716,40.61006],[-79.80687,40.61005],[-79.80566,40.61021],[-79.80497,40.6104],[-79.80446,40.61049],[-79.80403,40.61067],[-79.80325,40.61124],[-79.80297,40.61124],[-79.80268,40.61113],[-79.80229,40.61086],[-79.80212,40.61069],[-79.80151,40.60966],[-79.80104,40.609],[-79.80076,40.60869],[-79.80021,40.60827],[-79.79999,40.60821],[-79.7994,40.60817],[-79.79896,40.60796],[-79.79855,40.60756],[-79.79815,40.60694],[-79.79791,40.60666],[-79.79775,40.60656],[-79.79716,40.60631],[-79.79682,40.60609],[-79.79587,40.60535],[-79.79549,40.60487],[-79.79405,40.60378],[-79.79285,40.60325],[-79.79251,40.60302],[-79.79166,40.60237],[-79.79094,40.60196],[-79.79033,40.60174],[-79.78946,40.60157],[-79.78905,40.60143],[-79.78668,40.60043],[-79.78542,40.59971],[-79.78511,40.59946],[-79.7842,40.5983],[-79.78317,40.59751],[-79.78299,40.59723],[-79.78276,40.59675],[-79.78254,40.59651],[-79.78231,40.59645],[-79.78142,40.59642],[-79.78096,40.59632],[-79.77971,40.59594],[-79.77852,40.59548],[-79.77771,40.59526],[-79.77753,40.59516],[-79.77742,40.5949],[-79.77743,40.59425],[-79.77734,40.59406],[-79.77701,40.59362],[-79.7769,40.59326],[-79.77677,40.59102],[-79.77654,40.59007],[-79.77657,40.58956],[-79.77677,40.58881],[-79.77678,40.5884],[-79.77674,40.588],[-79.77668,40.5877],[-79.77663,40.5876],[-79.77628,40.58743]]]}},{"type":"Feature","properties":{"name":"Old Campbells Run","route":"607207"},"geometry":{"type":"MultiLineString","coordinates":[[[-80.1644,40.44621],[-80.16213,40.44504],[-80.16083,40.44469],[-80.15989,40.44439],[-80.15959,40.44422],[-80.15943,40.44408],[-80.15931,40.44376],[-80.15904,40.4438]]]}},{"type":"Feature","properties":{"name":"Campbells Run","route":"607203"},"geometry":{"type":"MultiLineString","coordinates":[[[-80.15904,40.4438],[-80.15882,40.44385],[-80.1586,40.44345],[-80.15837,40.44318],[-80.15739,40.44234],[-80.15589,40.44153],[-80.15472,40.44075],[-80.15432,40.44053],[-80.154,40.44038],[-80.15151,40.43947],[-80.15089,40.43918],[-80.14847,40.43789],[-80.14804,40.43758],[-80.14744,40.43697],[-80.14691,40.43651],[-80.1465,40.43627],[-80.14608,40.4361],[-80.14395,40.43543],[-80.14371,40.43533],[-80.13918,40.43277],[-80.13705,40.43197],[-80.13535,40.43111],[-80.13451,40.43075],[-80.13096,40.42973],[-80.13063,40.42953],[-80.12938,40.42863],[-80.12892,40.42839],[-80.12841,40.42823],[-80.12643,40.42777],[-80.1254,40.42713],[-80.12422,40.42659],[-80.12379,40.42648],[-80.12265,40.42631],[-80.12065,40.42576],[-80.11977,40.42563],[-80.11894,40.42561],[-80.11812,40.42569],[-80.11639,40.42612],[-80.11551,40.42619],[-80.11475,40.42612],[-80.11141,40.4255],[-80.11061,40.42541],[-80.10776,40.42559],[-80.10703,40.42556],[-80.10643,40.42548],[-80.10572,40.42532],[-80.10518,40.42514],[-80.10452,40.42485],[-80.10409,40.42459],[-80.1035,40.42413],[-80.10308,40.42369],[-80.10282,40.42333],[-80.10257,40.42286]],[[-80.10254,40.42277],[-80.10222,40.42185]],[[-80.10222,40.42185],[-80.102,40.42119]]]}},{"type":"Feature","properties":{"name":"McKees Rocks / Steubenville","route":"619902"},"geometry":{"type":"MultiLineString","coordinates":[[[-80.09668,40.47528],[-80.09322,40.47265],[-80.09261,40.47225],[-80.09157,40.47166],[-80.09134,40.47126],[-80.09125,40.47064]]]}},{"type":"Feature","properties":{"name":"Duff City - Camp Meeting","route":"110400"},"geometry":{"type":"MultiLineString","coordinates":[[[-80.17065,40.58716],[-80.17027,40.5878],[-80.16931,40.58903],[-80.16706,40.59215],[-80.16692,40.59246],[-80.16685,40.59302],[-80.16658,40.59307],[-80.16367,40.59318],[-80.16349,40.59314],[-80.16331,40.593],[-80.16317,40.59266],[-80.16304,40.59248],[-80.16237,40.59203],[-80.16134,40.59151],[-80.1611,40.59141],[-80.16078,40.59136],[-80.16022,40.59132],[-80.16005,40.59126],[-80.15933,40.59054],[-80.1587,40.5901],[-80.15754,40.5895],[-80.15704,40.58931],[-80.15678,40.58924],[-80.15436,40.58896],[-80.15412,40.58896],[-80.15329,40.58907],[-80.15302,40.58907],[-80.15247,40.58896],[-80.1521,40.58894],[-80.15098,40.589],[-80.15081,40.58905],[-80.1507,40.58913],[-80.15055,40.58943],[-80.15056,40.58969],[-80.15071,40.59001],[-80.15067,40.59014],[-80.15047,40.59017],[-80.14985,40.59002],[-80.14907,40.59018]]]}},{"type":"Feature","properties":{"name":"East Pittsburgh & McKeesport","route":"411100"},"geometry":{"type":"MultiLineString","coordinates":[[[-79.83059,40.3622],[-79.8303,40.3624],[-79.82994,40.36255],[-79.82943,40.36269],[-79.82919,40.36281],[-79.82893,40.36309],[-79.82884,40.36342],[-79.82886,40.3636],[-79.82912,40.36421],[-79.83033,40.36615],[-79.83048,40.36647],[-79.83088,40.36815],[-79.83084,40.36855],[-79.83062,40.3692],[-79.83015,40.36985],[-79.82985,40.37001],[-79.82891,40.37028]]]}},{"type":"Feature","properties":{"name":"Ridge","route":"526202"},"geometry":{"type":"MultiLineString","coordinates":[[[-79.99263,40.30508],[-79.99237,40.30564],[-79.9918,40.30788]]]}},{"type":"Feature","properties":{"name":"Graham","route":"313801"},"geometry":{"type":"MultiLineString","coordinates":[[[-79.86305,40.46142],[-79.8631,40.46011],[-79.86264,40.45917],[-79.86252,40.45873]]]}},{"type":"Feature","properties":{"name":"Tarentum And Culmerville","route":"330100"},"geometry":{"type":"MultiLineString","coordinates":[[[-79.83685,40.65043],[-79.83307,40.64707],[-79.83276,40.64673],[-79.83255,40.6464],[-79.83242,40.64606],[-79.83218,40.64459],[-79.83205,40.64425],[-79.83185,40.64392],[-79.83158,40.64362],[-79.83107,40.64324],[-79.82703,40.64157],[-79.82668,40.64133],[-79.82496,40.63983],[-79.8246,40.6396],[-79.82419,40.63943],[-79.82012,40.63839],[-79.81966,40.63832],[-79.81895,40.63831],[-79.81644,40.63871],[-79.81582,40.63875],[-79.81535,40.63871],[-79.81489,40.63861],[-79.8133,40.63815],[-79.81289,40.63797],[-79.81226,40.63757],[-79.8119,40.63731],[-79.8121,40.63513],[-79.81203,40.63459],[-79.81183,40.63407],[-79.81162,40.63375],[-79.8105,40.63236],[-79.81007,40.63194],[-79.80972,40.6317],[-79.80933,40.63149],[-79.8089,40.63131],[-79.80839,40.63118],[-79.80251,40.63024],[-79.8019,40.63009],[-79.80142,40.62991],[-79.80091,40.62962],[-79.79944,40.62857],[-79.79836,40.6279],[-79.79802,40.62774],[-79.79761,40.62759],[-79.79567,40.62703],[-79.79438,40.62667],[-79.79281,40.6263],[-79.79217,40.62608],[-79.79162,40.62577],[-79.78825,40.62349],[-79.78794,40.62323],[-79.78768,40.62295],[-79.78746,40.62264],[-79.78723,40.62215],[-79.78645,40.61906],[-79.78616,40.61859],[-79.78587,40.61833],[-79.78554,40.61813],[-79.78311,40.61714],[-79.78258,40.61703],[-79.78115,40.61697],[-79.78047,40.61683],[-79.78004,40.61668],[-79.77859,40.61605],[-79.77604,40.61541],[-79.77579,40.61532],[-79.7754,40.61512],[-79.77508,40.61486],[-79.77494,40.61471],[-79.77475,40.61438],[-79.77465,40.61403],[-79.77445,40.61219],[-79.77438,40.60959],[-79.77423,40.60887],[-79.77371,40.60732],[-79.77328,40.60654],[-79.77295,40.60626],[-79.77247,40.60606],[-79.77197,40.60602],[-79.76938,40.60644],[-79.76892,40.60642],[-79.768,40.6063],[-79.76773,40.60632],[-79.76724,40.60647],[-79.76587,40.60724],[-79.76469,40.60768],[-79.76442,40.60775],[-79.76417,40.60778],[-79.76388,40.60775],[-79.76362,40.60768],[-79.7615,40.60706],[-79.76101,40.60687],[-79.76087,40.60673],[-79.76086,40.6066],[-79.76178,40.6037],[-79.76174,40.60332]]]}},{"type":"Feature","properties":{"name":"Monroeville Trestle","route":"322001"},"geometry":{"type":"MultiLineString","coordinates":[[[-79.76509,40.44559],[-79.76484,40.44585],[-79.76456,40.44627],[-79.76429,40.44711],[-79.76417,40.44731],[-79.76217,40.44926],[-79.76178,40.44971],[-79.76164,40.45013],[-79.76143,40.452],[-79.76136,40.4522],[-79.76058,40.45366],[-79.76041,40.45405],[-79.76031,40.45445],[-79.76024,40.45541],[-79.76011,40.45581],[-79.76001,40.45599],[-79.75987,40.45617],[-79.75952,40.45647],[-79.7584,40.45716],[-79.75816,40.45741],[-79.75792,40.45777],[-79.75782,40.45806],[-79.75778,40.45837],[-79.7578,40.45856],[-79.75792,40.4589],[-79.75964,40.46126],[-79.75978,40.46176],[-79.75973,40.46226],[-79.75903,40.46385],[-79.75835,40.46526],[-79.75808,40.46564],[-79.75741,40.46645],[-79.75697,40.46725],[-79.75547,40.46863],[-79.75527,40.46902],[-79.75475,40.47043],[-79.75551,40.47082],[-79.75576,40.47099],[-79.756,40.47134],[-79.75617,40.47175],[-79.75637,40.47241],[-79.75659,40.47353],[-79.75677,40.474],[-79.7569,40.47412],[-79.75726,40.4743],[-79.75744,40.47443],[-79.75773,40.47487],[-79.75783,40.47495],[-79.75866,40.47535],[-79.7603,40.47641]]]}},{"type":"Feature","properties":{"name":"Crawford Run","route":"309202"},"geometry":{"type":"MultiLineString","coordinates":[[[-79.80792,40.59944],[-79.80751,40.59941],[-79.80721,40.59932],[-79.80703,40.59922],[-79.80606,40.59838],[-79.80556,40.59801],[-79.80465,40.59747],[-79.80424,40.59732],[-79.80359,40.59713],[-79.80312,40.59702],[-79.8024,40.59692],[-79.80215,40.59682],[-79.80194,40.59661],[-79.8015,40.596],[-79.80123,40.59571],[-79.80058,40.59522],[-79.7999,40.59477],[-79.79978,40.59466],[-79.79941,40.594],[-79.79919,40.59376],[-79.79899,40.59363],[-79.79881,40.59356],[-79.79765,40.59338],[-79.79634,40.59306],[-79.79538,40.59295],[-79.79452,40.5926],[-79.79354,40.59233],[-79.79329,40.59223],[-79.79314,40.5921],[-79.79284,40.59168],[-79.79223,40.5911],[-79.79145,40.59066],[-79.79052,40.58989],[-79.78926,40.58896],[-79.78881,40.58846],[-79.78815,40.58789],[-79.78604,40.58583],[-79.78588,40.58556],[-79.78568,40.58497],[-79.78549,40.58474],[-79.78504,40.58458],[-79.78311,40.58421],[-79.78276,40.58411],[-79.78158,40.58327],[-79.7808,40.58255],[-79.78041,40.58236],[-79.7801,40.5823],[-79.7784,40.5824]]]}},{"type":"Feature","properties":{"name":"Kittanning & Dorseyville","route":"216502"},"geometry":{"type":"MultiLineString","coordinates":[[[-79.89292,40.56879],[-79.89356,40.56774],[-79.89357,40.5671],[-79.89366,40.56678],[-79.89431,40.566],[-79.89446,40.56572],[-79.89458,40.56514],[-79.89453,40.56444],[-79.89455,40.56402],[-79.89481,40.56335],[-79.89497,40.5631],[-79.89512,40.56298],[-79.89623,40.56238],[-79.89638,40.56223],[-79.89651,40.56197],[-79.89661,40.56156],[-79.89662,40.56128],[-79.8964,40.56061],[-79.89641,40.56005],[-79.89645,40.5597],[-79.89676,40.55865],[-79.89691,40.55777],[-79.89717,40.55699],[-79.8972,40.55674],[-79.89708,40.55625],[-79.89709,40.55603],[-79.89715,40.55585],[-79.89769,40.5551],[-79.89789,40.55445],[-79.89799,40.55427],[-79.89844,40.55388],[-79.89917,40.55347],[-79.89945,40.55318],[-79.89952,40.553],[-79.89955,40.55281],[-79.89956,40.55215],[-79.89988,40.55107]]]}},{"type":"Feature","properties":{"name":"Kittanning & Dorseyville","route":"216501"},"geometry":{"type":"MultiLineString","coordinates":[[[-79.92047,40.51918],[-79.91939,40.51914],[-79.91774,40.51928],[-79.91541,40.51962],[-79.91307,40.51992],[-79.91272,40.52003],[-79.91241,40.52019],[-79.91167,40.52066],[-79.91138,40.52091],[-79.91126,40.52111],[-79.91112,40.52156],[-79.91108,40.52178],[-79.9111,40.52199],[-79.91199,40.52412],[-79.91239,40.52446],[-79.91261,40.52456],[-79.91351,40.52472],[-79.91378,40.52486],[-79.91508,40.52644],[-79.91529,40.52672],[-79.91536,40.52691],[-79.91536,40.52699],[-79.91513,40.52764],[-79.91507,40.52975],[-79.91503,40.52999],[-79.91455,40.53089],[-79.91434,40.53138],[-79.91404,40.53228],[-79.91326,40.53579],[-79.91313,40.53611],[-79.9129,40.53647],[-79.9125,40.53688],[-79.91086,40.53789],[-79.91036,40.53823],[-79.90971,40.53877],[-79.90858,40.53984],[-79.90827,40.54009],[-79.90725,40.54055],[-79.90701,40.54061],[-79.90634,40.54064],[-79.90614,40.54068],[-79.90573,40.5408],[-79.90546,40.54093],[-79.90532,40.54111],[-79.90526,40.54132],[-79.90544,40.54229],[-79.90541,40.54244],[-79.90531,40.54258],[-79.9048,40.54312],[-79.90405,40.54371],[-79.90245,40.54524],[-79.90214,40.54545],[-79.90151,40.54572],[-79.90132,40.54593]]]}},{"type":"Feature","properties":{"name":"Bellevue","route":"102500"},"geometry":{"type":"MultiLineString","coordinates":[[[-80.0301,40.51387],[-80.03034,40.514],[-80.03058,40.51402],[-80.03124,40.51384],[-80.03256,40.51336],[-80.03359,40.51288],[-80.03509,40.51193],[-80.0354,40.51163],[-80.03578,40.511],[-80.03629,40.51051],[-80.03644,40.50966],[-80.03689,40.50816],[-80.03704,40.50817],[-80.0386,40.50769],[-80.03884,40.50756],[-80.03955,40.50702],[-80.03984,40.50693],[-80.04357,40.50619],[-80.04408,40.50614],[-80.04648,40.5065],[-80.04672,40.50659],[-80.04758,40.50712],[-80.04784,40.50709],[-80.04856,40.50685],[-80.04876,40.50668],[-80.04902,40.50616],[-80.04888,40.50534],[-80.04893,40.5051],[-80.05015,40.50382],[-80.05042,40.50314]]]}},{"type":"Feature","properties":{"name":"Thompson Run Extension","route":"230400"},"geometry":{"type":"MultiLineString","coordinates":[[[-79.98829,40.52699],[-79.98783,40.52716],[-79.98641,40.52786],[-79.9857,40.52807],[-79.98548,40.52817],[-79.98447,40.52876],[-79.98311,40.52928],[-79.98208,40.52988],[-79.98159,40.53006],[-79.98062,40.53027],[-79.98018,40.53046],[-79.97989,40.53063],[-79.97958,40.53094],[-79.97922,40.53147],[-79.97865,40.53212],[-79.97858,40.53284],[-79.97848,40.53325],[-79.97851,40.53338],[-79.97867,40.53368],[-79.97862,40.5339],[-79.97794,40.53443],[-79.97787,40.53455],[-79.97784,40.53485],[-79.97776,40.53507],[-79.97761,40.53526],[-79.97735,40.53548],[-79.97055,40.53569]]]}},{"type":"Feature","properties":{"name":"Cornell","route":"108900"},"geometry":{"type":"MultiLineString","coordinates":[[[-80.04554,40.51356],[-80.04557,40.51338],[-80.04554,40.51303],[-80.04522,40.51199],[-80.04521,40.51163],[-80.04529,40.51129],[-80.04543,40.51097],[-80.04758,40.50712]]]}},{"type":"Feature","properties":{"name":"Cemetery","route":"106600"},"geometry":{"type":"MultiLineString","coordinates":[[[-80.00976,40.51576],[-80.01043,40.51534],[-80.01151,40.51478],[-80.01236,40.51453],[-80.01261,40.51441],[-80.01322,40.51404],[-80.01425,40.51332],[-80.01432,40.51329],[-80.01508,40.51323],[-80.01536,40.51314],[-80.01637,40.51276],[-80.01667,40.51258],[-80.01687,40.5124],[-80.017,40.51216],[-80.01704,40.51174],[-80.01716,40.51132],[-80.01714,40.51119],[-80.01706,40.51107],[-80.01628,40.51041],[-80.01604,40.51011],[-80.01615,40.50985],[-80.01635,40.50956],[-80.01736,40.50907],[-80.01751,40.50894],[-80.01764,40.50876],[-80.0178,40.5082],[-80.01786,40.50714],[-80.01804,40.50635],[-80.01814,40.50616],[-80.0184,40.50587],[-80.01853,40.50578],[-80.01883,40.50564],[-80.01989,40.50527],[-80.02081,40.50517],[-80.02154,40.50502],[-80.02183,40.50488],[-80.02297,40.50418],[-80.02327,40.50405],[-80.02514,40.5034]]]}},{"type":"Feature","properties":{"name":"Evergreen","route":"211904"},"geometry":{"type":"MultiLineString","coordinates":[[[-79.97619,40.49539],[-79.97625,40.49619],[-79.97853,40.49938],[-79.97871,40.49947],[-79.98016,40.49975]]]}},{"type":"Feature","properties":{"name":"Renton","route":"325800"},"geometry":{"type":"MultiLineString","coordinates":[[[-79.74757,40.49438],[-79.74744,40.49454],[-79.7461,40.49529],[-79.74559,40.49561],[-79.74436,40.49655],[-79.74384,40.49686],[-79.7401,40.49865],[-79.73784,40.49967],[-79.7376,40.49972],[-79.73735,40.49972],[-79.73585,40.4995],[-79.73564,40.49949],[-79.73539,40.49953],[-79.7323,40.50026],[-79.73179,40.50027],[-79.73074,40.50004],[-79.73035,40.5],[-79.73004,40.50002],[-79.72923,40.50016],[-79.72885,40.50026]]]}},{"type":"Feature","properties":{"name":"Spring Garden","route":"228600"},"geometry":{"type":"MultiLineString","coordinates":[[[-79.99386,40.47741],[-79.99432,40.47754],[-79.99445,40.47764],[-79.9955,40.4793],[-79.99569,40.47971],[-79.99621,40.48121],[-79.99647,40.48269],[-79.99662,40.4844],[-79.99654,40.48525],[-79.99657,40.48562],[-79.99734,40.48726],[-79.99734,40.48746],[-79.997,40.48845],[-79.99598,40.48943],[-79.99587,40.48964],[-79.9958,40.49032],[-79.99609,40.49182],[-79.99616,40.49235],[-79.99617,40.49342],[-79.99607,40.49364],[-79.9954,40.49429]]]}},{"type":"Feature","properties":{"name":"Hoffman","route":"214600"},"geometry":{"type":"MultiLineString","coordinates":[[[-79.99204,40.49072],[-79.99165,40.49073],[-79.99143,40.49082],[-79.99125,40.49102],[-79.99109,40.49145],[-79.99101,40.49155],[-79.99072,40.4917],[-79.99026,40.49187],[-79.9898,40.49192],[-79.98767,40.49195],[-79.98745,40.49183],[-79.9872,40.49163],[-79.98747,40.49116],[-79.98753,40.49096],[-79.98752,40.4907],[-79.98731,40.48989],[-79.98741,40.48948],[-79.9874,40.48923],[-79.98732,40.48901],[-79.987,40.48849],[-79.9868,40.48835],[-79.98638,40.48823],[-79.98629,40.48815],[-79.98624,40.48803],[-79.9863,40.48787],[-79.98682,40.4875],[-79.98691,40.48741],[-79.98692,40.48725],[-79.98677,40.48688],[-79.98669,40.4867],[-79.98638,40.48628],[-79.98607,40.48555],[-79.98583,40.48522],[-79.98528,40.48483],[-79.98424,40.48428],[-79.98392,40.48397],[-79.98318,40.48275],[-79.98307,40.48237],[-79.98285,40.48199]]]}},{"type":"Feature","properties":{"name":"Friday","route":"213100"},"geometry":{"type":"MultiLineString","coordinates":[[[-79.96997,40.48524],[-79.96904,40.48526],[-79.96806,40.48553],[-79.96655,40.48606],[-79.96457,40.4867],[-79.96375,40.48708],[-79.96248,40.48753],[-79.96117,40.4881],[-79.96024,40.48855],[-79.95969,40.48894],[-79.95826,40.49007],[-79.95719,40.49104],[-79.95574,40.49174]]]}},{"type":"Feature","properties":{"name":"Haymaker","route":"314203"},"geometry":{"type":"MultiLineString","coordinates":[[[-79.75291,40.41104],[-79.7533,40.41122]]]}},{"type":"Feature","properties":{"name":"Wall","route":"422300"},"geometry":{"type":"MultiLineString","coordinates":[[[-79.77701,40.395],[-79.7762,40.39392],[-79.77586,40.39366],[-79.77543,40.39345]]]}},{"type":"Feature","properties":{"name":"Mckees Rocks And Forest Grv","route":"619701"},"geometry":{"type":"MultiLineString","coordinates":[[[-80.13189,40.48129],[-80.12615,40.48211],[-80.12518,40.48228],[-80.12495,40.48231],[-80.12468,40.48229],[-80.12399,40.48205],[-80.12371,40.48192],[-80.12356,40.48179],[-80.12328,40.48147],[-80.12257,40.4804],[-80.12241,40.48027],[-80.1222,40.48017],[-80.12185,40.48013],[-80.12161,40.48015],[-80.11992,40.48066],[-80.11711,40.48168],[-80.11667,40.48181],[-80.1162,40.4819],[-80.11494,40.48202],[-80.11288,40.48216],[-80.11243,40.48214],[-80.10886,40.48174],[-80.10734,40.48136]]]}},{"type":"Feature","properties":{"name":"Mckees Rocks And Forrest Grv","route":"619702"},"geometry":{"type":"MultiLineString","coordinates":[[[-80.10734,40.48136],[-80.10603,40.481],[-80.10566,40.48088],[-80.10531,40.48071],[-80.10471,40.48031],[-80.10419,40.4797],[-80.10298,40.47804],[-80.10174,40.47684],[-80.10117,40.47639],[-80.10049,40.47606],[-80.10003,40.4759],[-80.09794,40.47556],[-80.09736,40.47543]]]}},{"type":"Feature","properties":{"name":"Babcock Blvd","route":"200802"},"geometry":{"type":"MultiLineString","coordinates":[[[-80.02205,40.55344],[-80.02195,40.55378],[-80.02193,40.55403],[-80.02233,40.55525],[-80.02239,40.55606],[-80.02237,40.55641]]]}},{"type":"Feature","properties":{"name":"Mattern","route":"619300"},"geometry":{"type":"MultiLineString","coordinates":[[[-80.04436,40.39964],[-80.04557,40.40022],[-80.0459,40.40033],[-80.04937,40.40116],[-80.04988,40.40132],[-80.05118,40.40193]],[[-80.05571,40.40442],[-80.05558,40.40424],[-80.05535,40.40338],[-80.05521,40.40302],[-80.05482,40.40253],[-80.05446,40.40228],[-80.05395,40.40206],[-80.05344,40.40196],[-80.05258,40.40196],[-80.05179,40.40205],[-80.05151,40.40203],[-80.0512,40.40195]]]}},{"type":"Feature","properties":{"name":"Hope Hollow","route":"615000"},"geometry":{"type":"MultiLineString","coordinates":[[[-80.08667,40.3957],[-80.08624,40.39541],[-80.08583,40.39524],[-80.08412,40.39487],[-80.08391,40.39479],[-80.0837,40.39466],[-80.08316,40.39421],[-80.08259,40.39384],[-80.08233,40.39374],[-80.08153,40.39363],[-80.08032,40.39298],[-80.07991,40.39281],[-80.079,40.39264],[-80.07835,40.39244],[-80.07797,40.39223],[-80.07745,40.39184],[-80.07707,40.39163],[-80.07642,40.39144],[-80.07456,40.39109],[-80.07413,40.39093],[-80.07417,40.39074]]]}},{"type":"Feature","properties":{"name":"Mckinney","route":"120102"},"geometry":{"type":"MultiLineString","coordinates":[[[-80.01848,40.6122],[-80.01865,40.61202],[-80.0187,40.61189],[-80.01853,40.61138],[-80.01854,40.61128],[-80.01877,40.61118],[-80.01917,40.61113],[-80.01943,40.6112],[-80.02102,40.61218],[-80.02123,40.61229],[-80.02143,40.61236],[-80.02172,40.61239],[-80.02282,40.61228],[-80.02384,40.61182],[-80.02402,40.6118],[-80.02421,40.61186],[-80.02453,40.61212],[-80.02489,40.61233],[-80.02604,40.61281]]]}},{"type":"Feature","properties":{"name":"Mckinney","route":"120101"},"geometry":{"type":"MultiLineString","coordinates":[[[-80.02853,40.61383],[-80.02863,40.61397],[-80.02898,40.61414],[-80.02992,40.61447]]]}},{"type":"Feature","properties":{"name":"Millers Grove & Clairton","route":"421103"},"geometry":{"type":"MultiLineString","coordinates":[[[-79.90013,40.29381],[-79.90035,40.29383],[-79.90067,40.29382],[-79.90283,40.29362],[-79.90304,40.29369],[-79.90382,40.29427],[-79.90406,40.29441],[-79.90422,40.29446],[-79.90632,40.29466],[-79.90658,40.29466],[-79.90739,40.29455],[-79.90798,40.29462],[-79.90815,40.29461],[-79.90835,40.29451],[-79.90853,40.29429],[-79.9094,40.29284],[-79.91052,40.29173],[-79.91086,40.29144],[-79.91134,40.2911],[-79.91181,40.29091],[-79.91246,40.29079],[-79.91291,40.29075]]]}},{"type":"Feature","properties":{"name":"Brackenridge & Natrona","route":"303500"},"geometry":{"type":"MultiLineString","coordinates":[[[-79.73376,40.60464],[-79.73363,40.6046],[-79.73243,40.60497],[-79.73174,40.60536],[-79.7313,40.60549],[-79.73002,40.60583],[-79.72808,40.60629],[-79.72658,40.60674],[-79.72577,40.60706],[-79.725,40.60742],[-79.72408,40.60791],[-79.72334,40.60838],[-79.72243,40.60911],[-79.72228,40.60942],[-79.72221,40.61014],[-79.72216,40.61029],[-79.72074,40.61258],[-79.71993,40.61365],[-79.71968,40.61418]]]}},{"type":"Feature","properties":{"name":"Wilmerding","route":"434100"},"geometry":{"type":"MultiLineString","coordinates":[[[-79.81303,40.38159],[-79.81348,40.38225],[-79.81485,40.38171],[-79.81504,40.38172],[-79.81542,40.38188],[-79.81583,40.38308],[-79.8158,40.3833],[-79.8154,40.38432],[-79.81524,40.38451],[-79.81452,40.38508],[-79.81437,40.38528],[-79.81388,40.38668],[-79.81329,40.38779],[-79.81311,40.38796],[-79.81281,40.3881]]]}},{"type":"Feature","properties":{"name":"Painters Run","route":"624204"},"geometry":{"type":"MultiLineString","coordinates":[[[-80.07376,40.35917],[-80.07392,40.35924],[-80.07427,40.35927],[-80.07457,40.35918],[-80.07476,40.35916]]]}},{"type":"Feature","properties":{"name":"McCorkle","route":"519501"},"geometry":{"type":"MultiLineString","coordinates":[[[-79.99541,40.30235],[-79.99514,40.30257],[-79.99312,40.30451],[-79.99263,40.30508]]]}},{"type":"Feature","properties":{"name":"Becks Run","route":"502401"},"geometry":{"type":"MultiLineString","coordinates":[[[-79.97869,40.39697],[-79.97905,40.39774],[-79.97945,40.39883],[-79.97987,40.39975],[-79.98,40.40022],[-79.98004,40.40073],[-79.97981,40.4013],[-79.97958,40.40164],[-79.9793,40.40195],[-79.9759,40.40438],[-79.97552,40.40456],[-79.97493,40.40474],[-79.96969,40.40559],[-79.96905,40.4058],[-79.96615,40.40745],[-79.96374,40.40915],[-79.96345,40.40931],[-79.96294,40.40951],[-79.96244,40.40965],[-79.95949,40.41013],[-79.95742,40.41056],[-79.95553,40.41103]]]}},{"type":"Feature","properties":{"name":"Dravosburg Bridge Ramp","route":"510302"},"geometry":{"type":"MultiLineString","coordinates":[[[-79.89136,40.34755],[-79.89116,40.34745],[-79.89041,40.34729],[-79.88978,40.34704],[-79.88936,40.34695]]]}},{"type":"Feature","properties":{"name":"Beatty","route":"301800"},"geometry":{"type":"MultiLineString","coordinates":[[[-79.76461,40.4462],[-79.76449,40.44616],[-79.76388,40.44629],[-79.76335,40.44644],[-79.76309,40.44656],[-79.76179,40.44776],[-79.76129,40.44832],[-79.76048,40.44882],[-79.75964,40.44941],[-79.75895,40.4498],[-79.75774,40.45037],[-79.75678,40.45089],[-79.75633,40.45116],[-79.75571,40.4516],[-79.75548,40.45172],[-79.75517,40.45185],[-79.75368,40.45209],[-79.75282,40.4522],[-79.75251,40.4522],[-79.75218,40.45065],[-79.7516,40.44925],[-79.75147,40.44903],[-79.75132,40.44886],[-79.75054,40.44826],[-79.75037,40.44809],[-79.75025,40.44791],[-79.74977,40.44696],[-79.74959,40.4467],[-79.74926,40.4465],[-79.74808,40.44596],[-79.74757,40.44582],[-79.74634,40.44566],[-79.74602,40.44558],[-79.74586,40.44545],[-79.74448,40.44333],[-79.74377,40.44252],[-79.74283,40.4417],[-79.74223,40.44054],[-79.74212,40.44022]]]}},{"type":"Feature","properties":{"name":"Elizabeth","route":"411200"},"geometry":{"type":"MultiLineString","coordinates":[[[-79.87712,40.24895],[-79.87774,40.24887],[-79.8775,40.24814],[-79.87751,40.24793],[-79.87766,40.24759],[-79.87788,40.24728],[-79.87866,40.24638],[-79.87923,40.24555],[-79.88146,40.24198],[-79.88263,40.2406],[-79.88284,40.24028],[-79.88324,40.2394],[-79.88323,40.23824],[-79.88326,40.23807],[-79.88361,40.23726],[-79.88362,40.23705],[-79.88346,40.23634],[-79.88341,40.2358],[-79.88334,40.2356],[-79.88293,40.23495],[-79.88287,40.23474],[-79.88274,40.23345],[-79.8829,40.23219],[-79.8829,40.23183],[-79.88288,40.23163],[-79.88267,40.23126],[-79.88037,40.22939],[-79.87978,40.229],[-79.87886,40.22866],[-79.87686,40.22804],[-79.8764,40.22797],[-79.87569,40.22794],[-79.87494,40.22785]]]}},{"type":"Feature","properties":{"name":"Pangburn Hollow","route":"424301"},"geometry":{"type":"MultiLineString","coordinates":[[[-79.91743,40.23328],[-79.91624,40.231],[-79.91598,40.23011],[-79.91584,40.22983],[-79.91317,40.22596],[-79.913,40.22566],[-79.9125,40.22451],[-79.91239,40.22391],[-79.91179,40.22262],[-79.91104,40.22042],[-79.91087,40.22015],[-79.91054,40.21977],[-79.91021,40.21957],[-79.9096,40.21936],[-79.90927,40.21919],[-79.90795,40.21817],[-79.90727,40.21785],[-79.90634,40.21755],[-79.90449,40.21687],[-79.90391,40.21675],[-79.90252,40.21656],[-79.90207,40.21661],[-79.90152,40.21679],[-79.89871,40.21858],[-79.89844,40.21864],[-79.89823,40.21865],[-79.89777,40.21857]]]}},{"type":"Feature","properties":{"name":"State","route":"429000"},"geometry":{"type":"MultiLineString","coordinates":[[[-79.85581,40.23245],[-79.85352,40.23212],[-79.84902,40.23136],[-79.84836,40.23131],[-79.84748,40.23139],[-79.84701,40.23137],[-79.84468,40.2308],[-79.84325,40.23],[-79.84296,40.22975],[-79.84262,40.22931],[-79.84242,40.22889],[-79.84233,40.2278],[-79.84225,40.2275],[-79.84167,40.22628],[-79.84157,40.22615],[-79.84141,40.22603],[-79.84012,40.22557],[-79.83975,40.22547],[-79.83879,40.2253],[-79.83801,40.22522],[-79.83762,40.22514],[-79.8336,40.22393],[-79.83327,40.22394],[-79.83276,40.22404],[-79.83215,40.22422],[-79.83089,40.22451],[-79.82861,40.22514],[-79.82832,40.2253],[-79.82775,40.22601],[-79.82728,40.22635],[-79.82706,40.22645],[-79.8262,40.22667],[-79.82544,40.22701],[-79.82504,40.22714],[-79.82217,40.22762],[-79.82176,40.22782],[-79.82146,40.22809]]]}},{"type":"Feature","properties":{"name":"Camp Meeting","route":"106200"},"geometry":{"type":"MultiLineString","coordinates":[[[-80.15942,40.60871],[-80.15933,40.60841],[-80.15939,40.608],[-80.15914,40.60742],[-80.15914,40.60722],[-80.15918,40.60661],[-80.15925,40.60651],[-80.15953,40.6063],[-80.15957,40.60611],[-80.15955,40.60537],[-80.15941,40.60464],[-80.15945,40.6045],[-80.15963,40.60438],[-80.16022,40.60428],[-80.16048,40.6042],[-80.16086,40.60398],[-80.16123,40.60371],[-80.1628,40.60207],[-80.16293,40.60187],[-80.16307,40.60133],[-80.16325,40.60099],[-80.16338,40.60084],[-80.1644,40.60001],[-80.1655,40.59902],[-80.16583,40.59869],[-80.16713,40.59709],[-80.16691,40.59673],[-80.16679,40.59623],[-80.16679,40.59488],[-80.16688,40.59353],[-80.16685,40.59302]]]}},{"type":"Feature","properties":{"name":"Ingomar","route":"115802"},"geometry":{"type":"MultiLineString","coordinates":[[[-80.06299,40.58229],[-80.06204,40.58189],[-80.06136,40.58136],[-80.05973,40.58051],[-80.05913,40.58014],[-80.05779,40.57898],[-80.05749,40.57866],[-80.05705,40.57768],[-80.05682,40.57728],[-80.0567,40.57714],[-80.05654,40.57704],[-80.05609,40.57692],[-80.05548,40.57677],[-80.05472,40.57667],[-80.05455,40.5766],[-80.0544,40.57646],[-80.05435,40.57625],[-80.05465,40.5756],[-80.05384,40.57537],[-80.0534,40.57521],[-80.05301,40.57498],[-80.0527,40.57469],[-80.05166,40.57333],[-80.05003,40.57179],[-80.04967,40.5713],[-80.04951,40.57095],[-80.04944,40.57039],[-80.04965,40.56838],[-80.04956,40.56804],[-80.04946,40.56785],[-80.04916,40.56753],[-80.04879,40.56731],[-80.04858,40.56723],[-80.04719,40.56688],[-80.04673,40.56679],[-80.04554,40.56672],[-80.04436,40.56677],[-80.04409,40.56673],[-80.04385,40.56664],[-80.04364,40.5665],[-80.04348,40.56633],[-80.04172,40.56429],[-80.04144,40.56389]]]}},{"type":"Feature","properties":{"name":"Blackburn","route":"103102"},"geometry":{"type":"MultiLineString","coordinates":[[[-80.1245,40.55649],[-80.12476,40.55697],[-80.1248,40.55766],[-80.12493,40.55823],[-80.12472,40.55906],[-80.12468,40.55951],[-80.12505,40.56023],[-80.12511,40.56048],[-80.12503,40.56072],[-80.12471,40.56122],[-80.12328,40.5632],[-80.12312,40.56359],[-80.12291,40.56485],[-80.12296,40.56512],[-80.12332,40.5659],[-80.12339,40.56778]]]}},{"type":"Feature","properties":{"name":"Wilmerding And Monroeville","route":"333900"},"geometry":{"type":"MultiLineString","coordinates":[[[-79.80452,40.39689],[-79.80401,40.40053],[-79.80407,40.4008],[-79.80452,40.40133],[-79.80469,40.40203],[-79.80462,40.4025],[-79.80431,40.40321],[-79.8041,40.40387],[-79.80411,40.40412],[-79.80433,40.40506],[-79.80433,40.40534],[-79.80306,40.40719],[-79.80182,40.40875],[-79.80127,40.40955],[-79.80119,40.40973],[-79.80117,40.40995],[-79.80122,40.41017],[-79.80178,40.41126],[-79.80183,40.41139],[-79.80184,40.4116],[-79.80109,40.41296],[-79.80061,40.41446],[-79.79988,40.41587],[-79.79978,40.41597]]]}},{"type":"Feature","properties":{"name":"Crawford Run","route":"309201"},"geometry":{"type":"MultiLineString","coordinates":[[[-79.82765,40.58936],[-79.82688,40.58925],[-79.82619,40.58922],[-79.82584,40.58924],[-79.82564,40.58932],[-79.82476,40.58997],[-79.82452,40.59005],[-79.82362,40.5902],[-79.82279,40.59052],[-79.82214,40.5907],[-79.82198,40.59078],[-79.8219,40.59085],[-79.82174,40.59117],[-79.82156,40.59195],[-79.82139,40.59211],[-79.82066,40.59263],[-79.82047,40.59311],[-79.82014,40.59357],[-79.81975,40.5944],[-79.81953,40.59472],[-79.818,40.59605],[-79.81767,40.5963],[-79.81731,40.59652],[-79.81666,40.59677],[-79.81285,40.59788],[-79.8127,40.598],[-79.8124,40.59847],[-79.81218,40.59869],[-79.81109,40.5991],[-79.81012,40.59968],[-79.80983,40.59974],[-79.80936,40.59971],[-79.80792,40.59944]]]}},{"type":"Feature","properties":{"name":"Camp Meeting","route":"106100"},"geometry":{"type":"MultiLineString","coordinates":[[[-80.2055,40.56391],[-80.20476,40.56467],[-80.20467,40.5649],[-80.2046,40.56526],[-80.20464,40.56554],[-80.20502,40.56624],[-80.20524,40.56647],[-80.20552,40.56664],[-80.20618,40.5668],[-80.20672,40.56703],[-80.20687,40.5672],[-80.20689,40.56743],[-80.20679,40.56759],[-80.20652,40.56772],[-80.20628,40.56773],[-80.2057,40.56763],[-80.20549,40.56766],[-80.20533,40.56774],[-80.20523,40.56783],[-80.20469,40.56875],[-80.20454,40.56896],[-80.20442,40.56903],[-80.20416,40.56907],[-80.20349,40.56896],[-80.20309,40.56899],[-80.20192,40.56948],[-80.2018,40.56956],[-80.20168,40.56972],[-80.20161,40.56998],[-80.2017,40.57024],[-80.20224,40.57117],[-80.20232,40.57139],[-80.20228,40.57157],[-80.20148,40.57184],[-80.20136,40.57193],[-80.20123,40.57219],[-80.20121,40.57246],[-80.20145,40.57446],[-80.20144,40.57482],[-80.20124,40.57635],[-80.20134,40.57781],[-80.20132,40.57811],[-80.20107,40.5788],[-80.20091,40.57899],[-80.19915,40.58049],[-80.1988,40.58074],[-80.19627,40.58224],[-80.19473,40.58359],[-80.19429,40.58378],[-80.1936,40.58387],[-80.19339,40.58385],[-80.19074,40.58263],[-80.19038,40.58251],[-80.19019,40.58252],[-80.18932,40.58276],[-80.18815,40.58291],[-80.18745,40.58293],[-80.18669,40.58302],[-80.18652,40.583],[-80.18632,40.58292],[-80.18553,40.58248],[-80.18481,40.58224],[-80.18433,40.58214],[-80.18334,40.58221],[-80.18046,40.58259],[-80.17995,40.58274],[-80.17876,40.58318],[-80.17831,40.5833],[-80.17759,40.58342],[-80.17572,40.58358],[-80.17505,40.58375],[-80.17464,40.58392],[-80.17357,40.58461],[-80.17274,40.585],[-80.17246,40.58503],[-80.1722,40.58498],[-80.17126,40.58469],[-80.1709,40.58472],[-80.17097,40.58576],[-80.17095,40.58612],[-80.1708,40.58683],[-80.17065,40.58716]]]}},{"type":"Feature","properties":{"name":"McIntyre","route":"257300"},"geometry":{"type":"MultiLineString","coordinates":[[[-80.01843,40.54971],[-80.01808,40.54981],[-80.01748,40.55003],[-80.01725,40.55015],[-80.01677,40.55062],[-80.01608,40.55123],[-80.01509,40.55196],[-80.01466,40.55216],[-80.01345,40.55259],[-80.01303,40.55269],[-80.01281,40.55268],[-80.01261,40.5526],[-80.01213,40.5522],[-80.0116,40.55184],[-80.0113,40.55145],[-80.0108,40.55127],[-80.01054,40.55112],[-80.00991,40.55008],[-80.00971,40.5494],[-80.00953,40.54925],[-80.00925,40.54918],[-80.00837,40.5492],[-80.00748,40.54929],[-80.00659,40.54946],[-80.00596,40.54963],[-80.00535,40.54984],[-80.00362,40.55057],[-80.00237,40.55101],[-79.99978,40.55204],[-79.9992,40.55224],[-79.99835,40.55247]]]}},{"type":"Feature","properties":{"name":"Babcock","route":"200803"},"geometry":{"type":"MultiLineString","coordinates":[[[-80.01649,40.56717],[-80.01643,40.56634],[-80.01645,40.56604],[-80.01656,40.56577],[-80.01671,40.56558],[-80.0171,40.56529],[-80.01954,40.56394],[-80.02009,40.56355],[-80.02022,40.56338],[-80.02026,40.56326],[-80.0204,40.56243],[-80.0205,40.56225],[-80.02067,40.5621],[-80.02081,40.56201],[-80.02123,40.56188],[-80.02194,40.56181],[-80.02233,40.56165],[-80.02256,40.56148],[-80.02279,40.5612],[-80.02351,40.55998],[-80.0237,40.5596]]]}},{"type":"Feature","properties":{"name":"Brush Creek","route":"105200"},"geometry":{"type":"MultiLineString","coordinates":[[[-80.09669,40.64916],[-80.09669,40.64927],[-80.09627,40.65019],[-80.09604,40.65054],[-80.09529,40.65143],[-80.09497,40.65196],[-80.09474,40.65251],[-80.09343,40.65625],[-80.09335,40.65663],[-80.09339,40.65708],[-80.09346,40.65727],[-80.09367,40.65761],[-80.09399,40.65791],[-80.09549,40.65896],[-80.09763,40.66066],[-80.09872,40.66147],[-80.10034,40.66256],[-80.10055,40.66273],[-80.10066,40.66289],[-80.10075,40.66313],[-80.10096,40.66539],[-80.10111,40.66564],[-80.10172,40.66622],[-80.1019,40.66643],[-80.10205,40.66672],[-80.10215,40.66716]]]}},{"type":"Feature","properties":{"name":"Baldwin","route":"601402"},"geometry":{"type":"MultiLineString","coordinates":[[[-80.10047,40.42544],[-80.10236,40.42464],[-80.10342,40.42406]]]}},{"type":"Feature","properties":{"name":"Campbells Run","route":"607201"},"geometry":{"type":"MultiLineString","coordinates":[[[-80.102,40.42119],[-80.10136,40.41939]],[[-80.10136,40.41938],[-80.10106,40.41844],[-80.10078,40.41787],[-80.10055,40.41756],[-80.09965,40.41668]],[[-80.09962,40.41668],[-80.09786,40.41509],[-80.09793,40.41517]]]}},{"type":"Feature","properties":{"name":"Old Neville","route":"623002"},"geometry":{"type":"MultiLineString","coordinates":[[[-80.12979,40.51158],[-80.12697,40.51072],[-80.12297,40.50961],[-80.1221,40.50945],[-80.11783,40.50887],[-80.11525,40.50847],[-80.11114,40.50777],[-80.11043,40.50761],[-80.10997,40.50746],[-80.10188,40.50409],[-80.10148,40.50388],[-80.1014,40.50375],[-80.10141,40.50363],[-80.10214,40.50215]]]}},{"type":"Feature","properties":{"name":"Brownsville","route":"505001"},"geometry":{"type":"MultiLineString","coordinates":[[[-79.98498,40.33284],[-79.98502,40.33315]],[[-79.98502,40.33315],[-79.9848,40.33299]],[[-79.98502,40.33315],[-79.98466,40.33312]],[[-79.98812,40.36233],[-79.98976,40.36172],[-79.99031,40.36144],[-79.99085,40.36113],[-79.99079,40.36077],[-79.99077,40.35952],[-79.99063,40.35829],[-79.99065,40.35801],[-79.99109,40.35659],[-79.9911,40.35631],[-79.99104,40.35604],[-79.99083,40.35563],[-79.98965,40.35365],[-79.98767,40.34991],[-79.98715,40.34885],[-79.98645,40.34769],[-79.98635,40.3474],[-79.98634,40.34685],[-79.9866,40.34621],[-79.98662,40.34591],[-79.98657,40.34576],[-79.98644,40.34556],[-79.98628,40.34542],[-79.98539,40.34478],[-79.98524,40.3446],[-79.98516,40.34438],[-79.98515,40.34397],[-79.98528,40.34275],[-79.9852,40.34196],[-79.98495,40.34113],[-79.98416,40.33935],[-79.9841,40.33914],[-79.98411,40.33891],[-79.98424,40.33835],[-79.98427,40.33795],[-79.9847,40.3366],[-79.98528,40.33383],[-79.9853,40.33369],[-79.98526,40.33346],[-79.98502,40.33315]]]}},{"type":"Feature","properties":{"name":"Lincoln & Versailles","route":"418000"},"geometry":{"type":"MultiLineString","coordinates":[[[-79.8364,40.3448],[-79.83586,40.34475],[-79.83573,40.3448],[-79.83568,40.34487],[-79.83571,40.34545],[-79.83589,40.34621],[-79.83564,40.3465],[-79.83452,40.34703],[-79.83384,40.34729],[-79.83272,40.34758],[-79.83123,40.3478],[-79.83102,40.34789],[-79.83081,40.34807],[-79.83065,40.34835],[-79.83029,40.34922],[-79.8302,40.3496],[-79.83012,40.35077],[-79.83007,40.35099],[-79.82988,40.35125],[-79.82974,40.35132],[-79.82942,40.35142],[-79.82792,40.35179],[-79.82759,40.35179],[-79.82714,40.35174],[-79.82687,40.35176],[-79.82661,40.35183],[-79.82632,40.35207],[-79.8244,40.35418]]]}},{"type":"Feature","properties":{"name":"Dravosburg Bridge Ramp","route":"510304"},"geometry":{"type":"MultiLineString","coordinates":[[[-79.8922,40.3471],[-79.89226,40.34721],[-79.89234,40.34757],[-79.89236,40.34807],[-79.89224,40.34904],[-79.89219,40.34915]]]}},{"type":"Feature","properties":{"name":"Dravosburg Bridge Ramp","route":"510301"},"geometry":{"type":"MultiLineString","coordinates":[[[-79.8922,40.3471],[-79.89193,40.34669],[-79.89096,40.34557],[-79.89091,40.34545],[-79.89092,40.34528],[-79.89143,40.34421],[-79.89209,40.34336],[-79.89152,40.3431]]]}},{"type":"Feature","properties":{"name":"Bethel Rd, Washington Branch","route":"502802"},"geometry":{"type":"MultiLineString","coordinates":[[[-80.05203,40.33984],[-80.05233,40.34056],[-80.05382,40.3452],[-80.05402,40.34569],[-80.05487,40.34698],[-80.05498,40.34707]]]}},{"type":"Feature","properties":{"name":"Eden Park","route":"457200"},"geometry":{"type":"MultiLineString","coordinates":[[[-79.83525,40.35518],[-79.83463,40.35462],[-79.83394,40.35251],[-79.83396,40.35224],[-79.83444,40.35032],[-79.83431,40.3499],[-79.83026,40.34468],[-79.82665,40.33989],[-79.82635,40.3393],[-79.82618,40.33869],[-79.82616,40.33806],[-79.82627,40.33701],[-79.82646,40.33619],[-79.82673,40.33551],[-79.82694,40.33512],[-79.82745,40.33439],[-79.82791,40.33387],[-79.82844,40.33338],[-79.82882,40.33308],[-79.83311,40.32989],[-79.83348,40.32948],[-79.83414,40.32862],[-79.83454,40.32837],[-79.83526,40.32812],[-79.83705,40.32813],[-79.83782,40.32807],[-79.83852,40.32791],[-79.84024,40.32737]]]}},{"type":"Feature","properties":{"name":"McConkey","route":"519400"},"geometry":{"type":"MultiLineString","coordinates":[[[-80.01551,40.31007],[-80.01527,40.31003],[-80.01508,40.31009]],[[-80.01514,40.30975],[-80.01518,40.30993],[-80.01508,40.31009]],[[-80.01508,40.31009],[-80.01364,40.31111],[-80.01279,40.31176],[-80.01263,40.31193],[-80.0124,40.31236],[-80.01214,40.31311],[-80.01195,40.31347],[-80.0114,40.31412],[-80.01122,40.31426],[-80.01086,40.31443],[-80.01037,40.31454],[-80.00669,40.31526],[-80.00616,40.31539]]]}},{"type":"Feature","properties":{"name":"Old Ridge","route":"526100"},"geometry":{"type":"MultiLineString","coordinates":[[[-79.9918,40.30788],[-79.99041,40.30722]]]}},{"type":"Feature","properties":{"name":"Fifth","route":"534700"},"geometry":{"type":"MultiLineString","coordinates":[[[-79.89169,40.35147],[-79.89397,40.35021],[-79.89412,40.35008]]]}},{"type":"Feature","properties":{"name":"Brightwood","route":"504300"},"geometry":{"type":"MultiLineString","coordinates":[[[-80.02697,40.31956],[-80.02846,40.32068],[-80.02861,40.32082],[-80.02974,40.32322],[-80.02992,40.32368],[-80.0301,40.32431],[-80.03022,40.32511],[-80.0303,40.3261],[-80.0305,40.32916],[-80.03095,40.33445],[-80.03112,40.33718],[-80.0311,40.33758],[-80.03095,40.33816],[-80.03078,40.33854],[-80.03067,40.33868],[-80.03055,40.33875],[-80.02911,40.33882],[-80.02725,40.33851],[-80.02674,40.33849],[-80.02607,40.33855]]]}},{"type":"Feature","properties":{"name":"Millers Grove & Old Clairton","route":"521101"},"geometry":{"type":"MultiLineString","coordinates":[[[-79.96449,40.34068],[-79.96474,40.3405],[-79.96477,40.34031],[-79.96412,40.33909],[-79.96365,40.3383],[-79.96344,40.33807],[-79.96305,40.33777],[-79.96157,40.33702],[-79.96139,40.33685],[-79.96128,40.33665],[-79.96126,40.3363],[-79.96177,40.33316],[-79.96178,40.33296],[-79.96169,40.33255],[-79.96156,40.33234],[-79.96127,40.33201],[-79.96036,40.33128],[-79.96021,40.33113],[-79.9589,40.32916],[-79.9566,40.32597],[-79.95654,40.32575],[-79.95658,40.32553],[-79.95671,40.32532],[-79.95726,40.32462],[-79.95734,40.32435],[-79.95721,40.32407],[-79.95659,40.3232],[-79.95633,40.32264],[-79.95633,40.32251],[-79.9564,40.3223],[-79.9567,40.32188],[-79.95684,40.32159],[-79.95692,40.32127],[-79.95693,40.32096],[-79.95684,40.31929],[-79.95641,40.31789],[-79.95623,40.31744],[-79.95596,40.317],[-79.95568,40.3167],[-79.95509,40.31622],[-79.95412,40.31557],[-79.95394,40.31541],[-79.95374,40.31514],[-79.95348,40.31454],[-79.95329,40.31425],[-79.9529,40.31388],[-79.9521,40.31338],[-79.9519,40.31319],[-79.95093,40.31191],[-79.94981,40.31054]]]}},{"type":"Feature","properties":{"name":"Glen","route":"213702"},"geometry":{"type":"MultiLineString","coordinates":[[[-79.95011,40.52617],[-79.95023,40.52642],[-79.9519,40.5287],[-79.95211,40.52885],[-79.95268,40.52912]]]}},{"type":"Feature","properties":{"name":"Browns Hill","route":"304701"},"geometry":{"type":"MultiLineString","coordinates":[[[-79.92715,40.41962],[-79.92706,40.41936],[-79.92682,40.41897],[-79.92621,40.41825],[-79.92605,40.41794],[-79.92595,40.4176],[-79.92587,40.41692],[-79.9258,40.41665],[-79.92566,40.41636],[-79.92491,40.41546],[-79.92455,40.41508],[-79.92306,40.414]]]}},{"type":"Feature","properties":{"name":"Campbells Run","route":"607208"},"geometry":{"type":"MultiLineString","coordinates":[[[-80.15799,40.44845],[-80.15892,40.44514],[-80.15896,40.4446],[-80.15894,40.44433],[-80.15881,40.44385]]]}},{"type":"Feature","properties":{"name":"West Run","route":"533202"},"geometry":{"type":"MultiLineString","coordinates":[[[-79.90934,40.3769],[-79.90992,40.37716],[-79.91009,40.37729],[-79.91051,40.37846],[-79.91069,40.37874],[-79.91124,40.37931],[-79.91154,40.37982],[-79.91166,40.38016],[-79.91172,40.38095],[-79.91284,40.38301],[-79.91306,40.38351],[-79.91317,40.38443],[-79.91332,40.38506],[-79.91326,40.38541],[-79.91313,40.38577],[-79.91305,40.38594],[-79.91283,40.38626],[-79.91164,40.38741],[-79.91099,40.38795],[-79.91062,40.38817],[-79.90976,40.38847],[-79.90879,40.38854],[-79.90809,40.38867],[-79.90756,40.38882],[-79.90714,40.389],[-79.90638,40.38945],[-79.90543,40.38987],[-79.90486,40.39021],[-79.90446,40.3904],[-79.9042,40.39047],[-79.90326,40.39059],[-79.90295,40.3907],[-79.90283,40.39079],[-79.90266,40.39099],[-79.90258,40.39119],[-79.90255,40.39138],[-79.90259,40.39159],[-79.90325,40.39263],[-79.90331,40.3928],[-79.90332,40.39316],[-79.90322,40.39351],[-79.90312,40.39368],[-79.90287,40.39398],[-79.90236,40.39448]]]}},{"type":"Feature","properties":{"name":"West Run","route":"533201"},"geometry":{"type":"MultiLineString","coordinates":[[[-79.91786,40.40112],[-79.91691,40.40059],[-79.91221,40.39785],[-79.91188,40.3978],[-79.90898,40.39823],[-79.90861,40.39822],[-79.90829,40.39811],[-79.90811,40.39799],[-79.90798,40.39783],[-79.90774,40.39713],[-79.90753,40.39689],[-79.90632,40.39614],[-79.90606,40.39603],[-79.90572,40.396],[-79.90453,40.39613],[-79.9042,40.39611],[-79.9039,40.396],[-79.90366,40.39583],[-79.90347,40.39562],[-79.9028,40.39465],[-79.90275,40.39435],[-79.90283,40.39401]]]}},{"type":"Feature","properties":{"name":"W.Run/Homestead-Duquesne Conn","route":"533100"},"geometry":{"type":"MultiLineString","coordinates":[[[-79.90268,40.39734],[-79.90295,40.397],[-79.90299,40.3968],[-79.90296,40.39659],[-79.90287,40.39636],[-79.90219,40.3953],[-79.90211,40.39496],[-79.90219,40.39467],[-79.90238,40.39447],[-79.90244,40.39443],[-79.90254,40.39444],[-79.90272,40.39452]]]}},{"type":"Feature","properties":{"name":"Homestead - Duquesne","route":"514702"},"geometry":{"type":"MultiLineString","coordinates":[[[-79.89964,40.3955],[-79.89892,40.39562],[-79.89748,40.39444],[-79.89712,40.39419],[-79.89663,40.39427],[-79.89526,40.39463],[-79.89487,40.39477],[-79.89476,40.39474],[-79.89468,40.39465],[-79.89465,40.39453],[-79.89478,40.39401],[-79.8948,40.39378],[-79.89477,40.39359],[-79.89466,40.39339],[-79.89407,40.3927],[-79.89397,40.39249],[-79.89416,40.39059],[-79.89457,40.38942],[-79.89485,40.38787],[-79.89486,40.38767],[-79.89479,40.38729],[-79.89465,40.38691],[-79.89439,40.38642],[-79.8946,40.38417],[-79.89473,40.38359],[-79.89499,40.38281],[-79.89506,40.38215],[-79.89494,40.38177],[-79.89446,40.38086],[-79.89437,40.38027],[-79.89449,40.37969],[-79.89492,40.37856],[-79.89497,40.37817],[-79.89489,40.37779],[-79.89481,40.3776],[-79.89424,40.37661],[-79.89389,40.37515],[-79.89379,40.3749],[-79.89355,40.3746],[-79.89233,40.37379],[-79.89211,40.37334],[-79.89187,40.37271],[-79.89154,40.37157],[-79.89147,40.37108],[-79.89147,40.37042],[-79.89172,40.36959],[-79.89172,40.36894],[-79.89164,40.36856],[-79.89152,40.36824],[-79.89124,40.3678],[-79.8903,40.36695],[-79.88893,40.36719],[-79.88803,40.36724],[-79.88756,40.36714],[-79.88694,40.36687],[-79.88652,40.36677],[-79.88109,40.36638],[-79.88048,40.36627],[-79.88015,40.36612],[-79.8799,40.36556],[-79.87963,40.36461],[-79.87963,40.36422],[-79.8793,40.36308],[-79.87809,40.36302],[-79.87706,40.36302],[-79.87651,40.36295],[-79.87553,40.36274],[-79.87475,40.36271],[-79.87451,40.36274],[-79.87438,40.36281],[-79.87429,40.36293],[-79.87426,40.36302],[-79.87429,40.36313],[-79.87438,40.36324],[-79.87513,40.36377],[-79.87521,40.36392],[-79.87522,40.36418],[-79.87513,40.36435],[-79.87501,40.36447],[-79.87475,40.36459],[-79.87446,40.3646],[-79.87419,40.36454],[-79.87284,40.36395],[-79.8722,40.3638],[-79.87178,40.36376],[-79.87147,40.36382],[-79.87001,40.36446],[-79.86949,40.36459]]]}},{"type":"Feature","properties":{"name":"Newton & Rodi","route":"323402"},"geometry":{"type":"MultiLineString","coordinates":[[[-79.81951,40.46105],[-79.81921,40.45908],[-79.81932,40.45833],[-79.81913,40.45752],[-79.81934,40.45653],[-79.81939,40.45581],[-79.81953,40.4554],[-79.81952,40.45517],[-79.8188,40.45399],[-79.81874,40.4528],[-79.81814,40.45241],[-79.81759,40.452],[-79.81696,40.45139],[-79.8169,40.45121],[-79.8169,40.45035],[-79.81687,40.45014],[-79.81644,40.44922],[-79.81646,40.44897],[-79.8165,40.44889],[-79.81746,40.44802],[-79.81766,40.44778],[-79.81886,40.44521],[-79.81941,40.44466],[-79.81981,40.44406],[-79.81981,40.44389],[-79.81967,40.4435],[-79.81966,40.44333],[-79.8199,40.44275],[-79.82019,40.44233],[-79.82009,40.44229],[-79.81999,40.4419],[-79.81997,40.44155],[-79.82002,40.44139],[-79.82032,40.44101],[-79.82045,40.44071],[-79.82041,40.4404],[-79.82023,40.44005],[-79.82023,40.43991],[-79.82031,40.43977],[-79.82089,40.43931],[-79.82096,40.43908],[-79.82091,40.43897],[-79.82072,40.43875],[-79.82069,40.43857],[-79.82075,40.43838],[-79.82109,40.43782],[-79.82114,40.43768],[-79.82117,40.43733],[-79.82125,40.43717],[-79.82178,40.43668],[-79.82227,40.43585],[-79.82228,40.43551],[-79.82213,40.43509],[-79.82203,40.43498]]]}},{"type":"Feature","properties":{"name":"Glen","route":"213701"},"geometry":{"type":"MultiLineString","coordinates":[[[-79.95963,40.52144],[-79.95883,40.52149],[-79.95858,40.52158],[-79.95776,40.5224],[-79.95711,40.52319],[-79.95698,40.52328],[-79.95666,40.52331],[-79.95602,40.52314],[-79.95581,40.52312],[-79.95477,40.52335],[-79.95433,40.52335],[-79.95385,40.52329],[-79.95341,40.5233],[-79.95293,40.52336],[-79.95269,40.52344],[-79.95233,40.52369],[-79.95206,40.52396],[-79.95173,40.5248],[-79.95151,40.52513],[-79.95108,40.52552],[-79.95019,40.52606],[-79.95011,40.52617]]]}},{"type":"Feature","properties":{"name":"Mount Carmel","route":"322400"},"geometry":{"type":"MultiLineString","coordinates":[[[-79.88829,40.47093],[-79.88791,40.47077],[-79.88765,40.47057],[-79.8869,40.46909],[-79.88675,40.46885],[-79.88658,40.46872],[-79.88629,40.46858],[-79.8845,40.46817],[-79.88333,40.4681],[-79.88247,40.46708],[-79.88207,40.46673],[-79.88114,40.46609],[-79.88074,40.4659],[-79.88017,40.46574],[-79.8785,40.46544],[-79.87682,40.46556],[-79.87635,40.46567],[-79.87431,40.46654],[-79.8737,40.46671],[-79.87143,40.46706],[-79.86975,40.46726],[-79.86853,40.46634],[-79.86832,40.46626],[-79.86723,40.46608],[-79.86626,40.46586],[-79.8654,40.46575]]]}},{"type":"Feature","properties":{"name":"Wilmerding & East McKeesport","route":"433801"},"geometry":{"type":"MultiLineString","coordinates":[[[-79.80689,40.39325],[-79.80601,40.39318],[-79.80507,40.39317]]]}},{"type":"Feature","properties":{"name":"Mccoy","route":"619602"},"geometry":{"type":"MultiLineString","coordinates":[[[-80.07855,40.47959],[-80.07844,40.47937],[-80.07821,40.4787],[-80.07766,40.47869],[-80.07722,40.4786],[-80.07608,40.47818],[-80.07572,40.47801],[-80.07475,40.4774],[-80.07326,40.47603],[-80.07228,40.47533]]]}},{"type":"Feature","properties":{"name":"Mccoy","route":"619603"},"geometry":{"type":"MultiLineString","coordinates":[[[-80.07228,40.47533],[-80.07164,40.47491],[-80.07125,40.4747],[-80.07101,40.47463],[-80.07041,40.47467],[-80.06955,40.47507],[-80.06859,40.47574],[-80.06804,40.47602],[-80.06707,40.47641],[-80.06633,40.47658],[-80.06611,40.47654],[-80.06586,40.47637],[-80.06512,40.47559]]]}},{"type":"Feature","properties":{"name":"Brownsville","route":"505005"},"geometry":{"type":"MultiLineString","coordinates":[[[-79.98812,40.36233],[-79.98708,40.36268],[-79.98645,40.36278],[-79.9852,40.36292],[-79.98497,40.36299],[-79.98461,40.36322],[-79.98414,40.36382]]]}},{"type":"Feature","properties":{"name":"Brownsville","route":"505002"},"geometry":{"type":"MultiLineString","coordinates":[[[-79.99529,40.31691],[-79.99546,40.31722],[-79.99574,40.31759],[-79.99604,40.31917],[-79.99517,40.32203],[-79.99497,40.32246],[-79.99459,40.32279],[-79.99313,40.32375],[-79.99242,40.32408],[-79.99163,40.32427],[-79.98895,40.32462],[-79.98862,40.32468],[-79.98808,40.32491],[-79.98674,40.32563]],[[-79.98674,40.32563],[-79.98654,40.32594],[-79.98647,40.32622]],[[-79.98647,40.32622],[-79.98627,40.32588],[-79.98674,40.32563]],[[-79.98647,40.32622],[-79.98679,40.32703],[-79.98735,40.32897],[-79.9874,40.32937],[-79.98739,40.32974],[-79.98733,40.33003]]]}},{"type":"Feature","properties":{"name":"Anges","route":"635600"},"geometry":{"type":"MultiLineString","coordinates":[[[-80.05831,40.47526],[-80.05754,40.4756],[-80.05729,40.47568],[-80.05634,40.47587],[-80.05418,40.47592],[-80.05379,40.47608],[-80.05368,40.4761],[-80.05352,40.47607],[-80.05325,40.47591],[-80.05313,40.47588]]]}},{"type":"Feature","properties":{"name":"Haymaker","route":"314202"},"geometry":{"type":"MultiLineString","coordinates":[[[-79.76603,40.39078],[-79.76574,40.39121],[-79.76577,40.39128],[-79.7654,40.392],[-79.76515,40.39238],[-79.76491,40.39292],[-79.76487,40.39316],[-79.76488,40.39344],[-79.76502,40.39392],[-79.76504,40.39421],[-79.76487,40.39503],[-79.7647,40.3955],[-79.76437,40.39601],[-79.76316,40.39716],[-79.76282,40.39763],[-79.76266,40.39809],[-79.76229,40.39954],[-79.76205,40.4],[-79.7619,40.40021],[-79.76152,40.4006],[-79.76129,40.40078],[-79.76079,40.40108],[-79.76044,40.40123],[-79.75989,40.4014],[-79.75809,40.40184],[-79.75754,40.40217],[-79.75733,40.40235],[-79.75714,40.4026],[-79.75701,40.40286],[-79.75694,40.40318],[-79.75694,40.4037],[-79.75708,40.4053],[-79.7573,40.40673],[-79.75733,40.40713],[-79.75723,40.40773],[-79.75695,40.4083],[-79.75604,40.40969],[-79.75574,40.41002],[-79.75537,40.41031],[-79.75494,40.41054],[-79.75395,40.4109],[-79.75334,40.41119],[-79.75308,40.41145],[-79.75288,40.41178],[-79.75228,40.41428],[-79.75219,40.41488],[-79.75217,40.41549],[-79.75223,40.41694],[-79.75216,40.41716],[-79.75205,40.41732],[-79.75182,40.41747],[-79.75101,40.41773],[-79.75076,40.41786],[-79.75055,40.41803],[-79.75043,40.41821],[-79.74952,40.42005],[-79.74948,40.42028],[-79.7497,40.42153],[-79.74967,40.42237],[-79.75008,40.42311],[-79.75037,40.42379],[-79.75042,40.4242],[-79.75037,40.42508],[-79.75042,40.42535],[-79.75085,40.42649]]]}},{"type":"Feature","properties":{"name":"Haymaker","route":"314201"},"geometry":{"type":"MultiLineString","coordinates":[[[-79.75085,40.42649],[-79.75115,40.42733],[-79.75129,40.42787],[-79.75125,40.42847],[-79.75108,40.42918],[-79.75124,40.42987]]]}},{"type":"Feature","properties":{"name":"Finleyville-Wall","route":"456500"},"geometry":{"type":"MultiLineString","coordinates":[[[-79.89862,40.22543],[-79.89677,40.22601],[-79.89521,40.22644],[-79.89476,40.22654],[-79.89314,40.22678],[-79.89088,40.22732],[-79.89065,40.22735],[-79.8892,40.22735],[-79.88869,40.22732],[-79.88827,40.22717],[-79.88629,40.22613],[-79.88604,40.22606],[-79.8858,40.22604],[-79.88482,40.22605],[-79.88438,40.22617],[-79.88353,40.22648],[-79.88266,40.22672],[-79.88225,40.22687],[-79.88008,40.22823],[-79.87947,40.22864],[-79.87928,40.22881]]]}},{"type":"Feature","properties":{"name":"Bairdsford","route":"200900"},"geometry":{"type":"MultiLineString","coordinates":[[[-79.8973,40.6548],[-79.89708,40.65359],[-79.89673,40.65274],[-79.89663,40.65239],[-79.89662,40.65203],[-79.89678,40.65124],[-79.89674,40.65071],[-79.89667,40.65051],[-79.8964,40.65019],[-79.8959,40.64992],[-79.89424,40.64925],[-79.89311,40.64902],[-79.8929,40.6489],[-79.89274,40.64874],[-79.89264,40.64855],[-79.89263,40.64834],[-79.89269,40.64778],[-79.89265,40.64761],[-79.89254,40.64742],[-79.8921,40.64705],[-79.89183,40.64653],[-79.89166,40.64638],[-79.89048,40.64573],[-79.89029,40.64555],[-79.89018,40.64536],[-79.89009,40.64501],[-79.88947,40.64121],[-79.88935,40.641],[-79.88911,40.64081],[-79.8889,40.64073],[-79.88841,40.64063],[-79.88819,40.64053],[-79.88802,40.64037],[-79.8879,40.64016],[-79.88788,40.63995],[-79.88792,40.63978],[-79.88825,40.63892],[-79.88824,40.63868],[-79.88812,40.63829],[-79.88759,40.63763],[-79.88727,40.63739],[-79.88614,40.63689],[-79.88512,40.63658],[-79.8851,40.63617],[-79.88526,40.63536],[-79.88521,40.63516],[-79.88496,40.63496],[-79.8842,40.63477],[-79.88384,40.63458],[-79.88249,40.63315],[-79.88222,40.63266],[-79.88158,40.631],[-79.88108,40.63116],[-79.87736,40.63284],[-79.87661,40.63321],[-79.87608,40.63353],[-79.87569,40.63368],[-79.87523,40.63373],[-79.871,40.63376],[-79.87071,40.63374],[-79.8698,40.63352],[-79.8694,40.63338],[-79.86789,40.63267],[-79.86752,40.63248],[-79.8672,40.63225],[-79.86547,40.63024],[-79.86329,40.62804],[-79.86268,40.62748],[-79.86123,40.62651],[-79.86095,40.62628],[-79.86074,40.62598],[-79.86061,40.62548]]]}},{"type":"Feature","properties":{"name":"Baldwin","route":"601401"},"geometry":{"type":"MultiLineString","coordinates":[[[-80.10047,40.42544],[-80.10029,40.4256],[-80.09939,40.42685],[-80.09782,40.4286],[-80.09655,40.43026],[-80.09635,40.43043],[-80.09612,40.43057],[-80.09525,40.4308],[-80.09501,40.43092],[-80.09483,40.43109],[-80.09471,40.43129],[-80.09466,40.43152],[-80.0947,40.43174],[-80.09488,40.43213],[-80.09492,40.43235],[-80.09477,40.4327],[-80.09464,40.43286],[-80.09433,40.43301],[-80.09358,40.43305],[-80.09332,40.43312],[-80.0929,40.43338],[-80.0913,40.43477],[-80.09037,40.43592],[-80.09009,40.43618],[-80.08909,40.43694],[-80.08896,40.43708],[-80.08852,40.43769],[-80.08835,40.43784],[-80.08807,40.43798],[-80.0872,40.43818],[-80.08697,40.43827],[-80.08677,40.4384],[-80.08661,40.43863],[-80.0865,40.43917],[-80.08639,40.43931],[-80.08624,40.43943],[-80.08591,40.43956],[-80.08503,40.43965],[-80.08404,40.43997]]]}},{"type":"Feature","properties":{"name":"Rosslyn Farms","route":"626800"},"geometry":{"type":"MultiLineString","coordinates":[[[-80.09752,40.429],[-80.09577,40.42834]]]}},{"type":"Feature","properties":{"name":"Airport","route":"634702"},"geometry":{"type":"MultiLineString","coordinates":[[[-80.23946,40.46567],[-80.23889,40.46475]]]}},{"type":"Feature","properties":{"name":"Airport","route":"634701"},"geometry":{"type":"MultiLineString","coordinates":[[[-80.23889,40.46475],[-80.23455,40.45788],[-80.23432,40.45741],[-80.23415,40.45692],[-80.23373,40.45495],[-80.23364,40.45473]]]}},{"type":"Feature","properties":{"name":"Monroeville","route":"321800"},"geometry":{"type":"MultiLineString","coordinates":[[[-79.79026,40.42466],[-79.79001,40.42513],[-79.78966,40.42567],[-79.78924,40.42612],[-79.78863,40.42667],[-79.78707,40.4288],[-79.78561,40.43058],[-79.78467,40.43182],[-79.78352,40.43312],[-79.78336,40.43341],[-79.78311,40.43463],[-79.78288,40.43499],[-79.78253,40.43522],[-79.78152,40.43563],[-79.78063,40.43604],[-79.77967,40.43683],[-79.77916,40.43707],[-79.77746,40.4374],[-79.77695,40.43747],[-79.77647,40.43744]],[[-79.77647,40.43744],[-79.77628,40.43741],[-79.77364,40.43662],[-79.77203,40.43605],[-79.77089,40.43571],[-79.76434,40.43404],[-79.763,40.43362],[-79.76183,40.4331],[-79.76159,40.43306],[-79.76132,40.43307],[-79.76044,40.43327],[-79.76024,40.43329]]]}},{"type":"Feature","properties":{"name":"Haymaker Extension","route":"314204"},"geometry":{"type":"MultiLineString","coordinates":[[[-79.75707,40.4052],[-79.75718,40.40502],[-79.75719,40.40409],[-79.75706,40.40313],[-79.75697,40.40303]]]}},{"type":"Feature","properties":{"name":"Lebanon Church Extension","route":"517302"},"geometry":{"type":"MultiLineString","coordinates":[[[-79.96449,40.34068],[-79.96382,40.34108],[-79.96356,40.34116],[-79.96213,40.34128],[-79.96172,40.34124],[-79.95767,40.34035],[-79.95742,40.34033],[-79.95636,40.34037],[-79.95612,40.34039],[-79.9558,40.34048],[-79.95557,40.34062],[-79.95525,40.34098],[-79.95495,40.34355],[-79.95491,40.34374],[-79.95475,40.3441],[-79.95355,40.34619],[-79.9533,40.34647],[-79.95164,40.34776]]]}},{"type":"Feature","properties":{"name":"Old Curry Hollow","route":"509502"},"geometry":{"type":"MultiLineString","coordinates":[[[-79.98523,40.33341],[-79.98443,40.3333]]]}},{"type":"Feature","properties":{"name":"Vanadium","route":"631802"},"geometry":{"type":"MultiLineString","coordinates":[[[-80.09687,40.37097],[-80.09603,40.3723],[-80.09485,40.37464],[-80.0947,40.37477],[-80.09444,40.3748]]]}},{"type":"Feature","properties":{"name":"Clever","route":"607103"},"geometry":{"type":"MultiLineString","coordinates":[[[-80.13771,40.46596],[-80.13814,40.46586],[-80.1386,40.46568],[-80.13902,40.46544],[-80.14018,40.46463],[-80.14047,40.46448],[-80.14094,40.46431],[-80.14144,40.46422],[-80.14405,40.46402],[-80.14456,40.46393],[-80.14504,40.46377],[-80.1469,40.4629],[-80.14739,40.46258],[-80.14822,40.4618],[-80.14841,40.46166],[-80.14885,40.46143],[-80.14909,40.46135],[-80.14935,40.4613],[-80.14978,40.46126],[-80.1515,40.46137],[-80.15181,40.46151],[-80.15207,40.46171]]]}},{"type":"Feature","properties":{"name":"Churchill","route":"307000"},"geometry":{"type":"MultiLineString","coordinates":[[[-79.84425,40.44446],[-79.84231,40.44434],[-79.84198,40.44424],[-79.84159,40.44402],[-79.84119,40.44361],[-79.84079,40.44313],[-79.84014,40.44186],[-79.83941,40.44123],[-79.83901,40.44075],[-79.8383,40.43913],[-79.83824,40.43869],[-79.83827,40.43791],[-79.8382,40.43769],[-79.83795,40.43738],[-79.83723,40.43706],[-79.8368,40.43682],[-79.83548,40.43577],[-79.83503,40.4355],[-79.8346,40.43531],[-79.83311,40.43491],[-79.8328,40.43478],[-79.8324,40.43454],[-79.83108,40.43341],[-79.83,40.43243],[-79.82905,40.43153],[-79.82871,40.43116],[-79.82766,40.42965],[-79.82639,40.42581],[-79.82635,40.42541],[-79.82641,40.42503],[-79.82697,40.42331],[-79.82711,40.42275],[-79.82709,40.42236],[-79.82691,40.42177],[-79.82479,40.4184],[-79.82445,40.41807],[-79.82404,40.41785],[-79.82353,40.41772],[-79.82303,40.41773],[-79.82199,40.41797],[-79.82182,40.41793],[-79.82162,40.4178]]]}},{"type":"Feature","properties":{"name":"Middle","route":"230901"},"geometry":{"type":"MultiLineString","coordinates":[[[-79.94706,40.51206],[-79.94719,40.51218],[-79.94722,40.51268],[-79.94708,40.51323],[-79.94696,40.51353],[-79.94676,40.51387],[-79.94649,40.51418],[-79.94585,40.51475],[-79.94541,40.51551],[-79.94459,40.51619],[-79.9442,40.51642],[-79.94402,40.51659],[-79.94392,40.51675],[-79.9437,40.51851],[-79.94354,40.51895],[-79.94317,40.51974],[-79.943,40.51981],[-79.94228,40.51994],[-79.94155,40.51998],[-79.94131,40.52006],[-79.94109,40.52026],[-79.94075,40.52076],[-79.94033,40.52127],[-79.94031,40.52153],[-79.94048,40.52187],[-79.94064,40.52205],[-79.94089,40.52218],[-79.9418,40.5223],[-79.9422,40.52255],[-79.94238,40.52273],[-79.94229,40.52303],[-79.94216,40.52328],[-79.94216,40.5235],[-79.94224,40.52367],[-79.94272,40.52408],[-79.94281,40.52422],[-79.94283,40.52432],[-79.94268,40.52461],[-79.94241,40.52491],[-79.94102,40.52603],[-79.94069,40.52634],[-79.94011,40.52719],[-79.94005,40.52758],[-79.94016,40.529],[-79.93972,40.53011],[-79.93967,40.53113],[-79.9396,40.53137],[-79.93882,40.5326],[-79.93773,40.53462],[-79.93668,40.53573],[-79.93595,40.53641],[-79.93557,40.53669],[-79.93465,40.5372],[-79.93412,40.53758],[-79.93376,40.53792],[-79.93366,40.53809],[-79.9336,40.53829],[-79.93363,40.53962],[-79.9336,40.54055],[-79.93317,40.54148],[-79.93308,40.54178],[-79.93307,40.54209],[-79.93348,40.54326],[-79.93353,40.54393],[-79.93347,40.54484],[-79.93353,40.54503],[-79.93376,40.54536],[-79.93521,40.54687],[-79.93554,40.54796],[-79.93557,40.54817],[-79.93539,40.54931],[-79.93438,40.55114],[-79.9343,40.55134],[-79.93428,40.55151],[-79.93434,40.55175],[-79.935,40.55279],[-79.93595,40.55394],[-79.93613,40.55434],[-79.93624,40.55626],[-79.93582,40.55776],[-79.93557,40.55808],[-79.93341,40.55997],[-79.93303,40.56057],[-79.93272,40.56093],[-79.93256,40.56107],[-79.93232,40.56118],[-79.93138,40.56135],[-79.93099,40.56134],[-79.93073,40.56127],[-79.92915,40.56069],[-79.92886,40.56062],[-79.92864,40.56067],[-79.92858,40.56087],[-79.9286,40.56102],[-79.92896,40.56236],[-79.92904,40.5629],[-79.92904,40.56345],[-79.92893,40.56385],[-79.9282,40.56509],[-79.92812,40.56545],[-79.92801,40.56862],[-79.92805,40.56968],[-79.92799,40.57004],[-79.92689,40.57249],[-79.92592,40.57437],[-79.92217,40.58083],[-79.92179,40.58163]]]}},{"type":"Feature","properties":{"name":"Middle","route":"230904"},"geometry":{"type":"MultiLineString","coordinates":[[[-79.92179,40.58163],[-79.92164,40.58205],[-79.92167,40.5824],[-79.92249,40.58414],[-79.92269,40.58446],[-79.92375,40.58553],[-79.924,40.58561],[-79.92475,40.58568],[-79.92518,40.58584],[-79.92554,40.58606],[-79.92584,40.58635],[-79.92597,40.58653],[-79.92603,40.58673],[-79.926,40.58691],[-79.9259,40.5871],[-79.92515,40.58785],[-79.92504,40.58804],[-79.925,40.58825],[-79.92498,40.58885],[-79.92509,40.58918],[-79.92536,40.58958],[-79.9255,40.58972],[-79.92585,40.58997],[-79.92624,40.59018],[-79.92645,40.59036],[-79.92742,40.59204],[-79.92751,40.5924],[-79.92771,40.59578],[-79.92777,40.59606],[-79.928,40.59633],[-79.92824,40.59649],[-79.93035,40.59713]]]}},{"type":"Feature","properties":{"name":"Rankin Bridge Approach N. Side","route":"335200"},"geometry":{"type":"MultiLineString","coordinates":[[[-79.87642,40.41276],[-79.87615,40.4123],[-79.87549,40.41141],[-79.87535,40.41094],[-79.87534,40.41066],[-79.87546,40.41026],[-79.87566,40.40993],[-79.8758,40.40977],[-79.87688,40.40888]]]}},{"type":"Feature","properties":{"name":"Station Hill","route":"201100"},"geometry":{"type":"MultiLineString","coordinates":[[[-79.97223,40.65279],[-79.97243,40.65384],[-79.97243,40.65419],[-79.97237,40.65454],[-79.97214,40.65531],[-79.97122,40.65636],[-79.97083,40.65689],[-79.96937,40.65773],[-79.96921,40.6579]]]}},{"type":"Feature","properties":{"name":"Bethel Rd, Hillcrest","route":"502804"},"geometry":{"type":"MultiLineString","coordinates":[[[-80.02881,40.3462],[-80.02731,40.346]]]}},{"type":"Feature","properties":{"name":"Troy Hill","route":"231202"},"geometry":{"type":"MultiLineString","coordinates":[[[-80.00394,40.49629],[-79.99864,40.49545],[-79.9979,40.49531],[-79.99715,40.4951],[-79.99598,40.49472],[-79.99558,40.49449],[-79.99533,40.49422],[-79.99394,40.49199],[-79.99381,40.49183],[-79.99361,40.49167],[-79.9924,40.49104],[-79.99211,40.49082],[-79.99204,40.49072],[-79.99203,40.49046],[-79.99245,40.48945],[-79.99252,40.48903],[-79.99197,40.48758],[-79.99187,40.48704],[-79.99185,40.4863],[-79.99194,40.48513],[-79.99188,40.48471],[-79.99173,40.48417],[-79.99156,40.48382],[-79.99091,40.48298],[-79.99054,40.48269],[-79.98976,40.48226],[-79.98946,40.48202],[-79.98839,40.48022],[-79.98804,40.47978],[-79.98767,40.47949],[-79.98682,40.47892],[-79.98607,40.47818],[-79.98605,40.478],[-79.98618,40.47784],[-79.98711,40.47736],[-79.98746,40.4771],[-79.98778,40.47665],[-79.98784,40.47649],[-79.9879,40.47616],[-79.98779,40.4758],[-79.98767,40.47563],[-79.98684,40.47518],[-79.98664,40.47498],[-79.98661,40.4749],[-79.98668,40.4743],[-79.98667,40.47413],[-79.98643,40.4736],[-79.98624,40.47343],[-79.98605,40.47335],[-79.98579,40.47333],[-79.98554,40.47338],[-79.98419,40.47384],[-79.98311,40.47276],[-79.98252,40.47099],[-79.98222,40.47035],[-79.98185,40.46935],[-79.9819,40.46929],[-79.98297,40.46901],[-79.98442,40.46829],[-79.9845,40.46801],[-79.98453,40.46689],[-79.98448,40.46682],[-79.98438,40.46676],[-79.98422,40.46676],[-79.98357,40.46708],[-79.98304,40.46729]]]}},{"type":"Feature","properties":{"name":"West View","route":"235000"},"geometry":{"type":"MultiLineString","coordinates":[[[-80.0125,40.50088],[-80.01284,40.50008],[-80.01328,40.49859],[-80.01356,40.49795],[-80.0136,40.49777],[-80.01356,40.49759],[-80.01347,40.49744]]]}},{"type":"Feature","properties":{"name":"Steubenville Pike / Enlow","route":"629302"},"geometry":{"type":"MultiLineString","coordinates":[[[-80.19905,40.45201],[-80.19665,40.45112],[-80.19639,40.45098],[-80.19533,40.45014],[-80.19515,40.44985],[-80.19511,40.44914],[-80.19493,40.4483],[-80.19405,40.44679],[-80.19385,40.44657],[-80.19354,40.44631],[-80.19243,40.44559],[-80.1922,40.44547],[-80.1918,40.44535],[-80.1895,40.44504],[-80.18927,40.44505],[-80.18883,40.44512],[-80.188,40.44546],[-80.18761,40.44558],[-80.18743,40.44561],[-80.1872,40.44559],[-80.18637,40.44529],[-80.18579,40.44501],[-80.18509,40.44455],[-80.18463,40.44413],[-80.18412,40.44376],[-80.184,40.44362]]]}},{"type":"Feature","properties":{"name":"Middle","route":"230902"},"geometry":{"type":"MultiLineString","coordinates":[[[-79.93035,40.59713],[-79.9306,40.59725],[-79.9308,40.5974],[-79.93107,40.5977],[-79.93116,40.59787],[-79.93124,40.59822],[-79.9312,40.59858],[-79.92873,40.60347],[-79.92861,40.60367],[-79.92844,40.60384],[-79.9273,40.60455],[-79.92688,40.60495],[-79.92453,40.60744],[-79.9243,40.60777],[-79.92408,40.6082],[-79.92392,40.60841],[-79.92359,40.60865],[-79.92319,40.60886],[-79.92138,40.60945],[-79.9211,40.60951],[-79.92024,40.60945],[-79.91975,40.6095],[-79.91659,40.61004],[-79.9161,40.61018],[-79.91586,40.6103],[-79.91565,40.61044],[-79.91551,40.61063],[-79.91537,40.61105],[-79.91526,40.61121],[-79.91417,40.61209],[-79.91393,40.61221],[-79.91277,40.61253],[-79.91237,40.61275],[-79.91218,40.61291],[-79.9116,40.61384],[-79.91093,40.61467],[-79.9108,40.61502],[-79.91074,40.61561],[-79.91026,40.61668],[-79.90985,40.61737],[-79.9096,40.61769],[-79.90912,40.61813],[-79.90857,40.61853],[-79.90806,40.61877]]]}},{"type":"Feature","properties":{"name":"Natrona","route":"322900"},"geometry":{"type":"MultiLineString","coordinates":[[[-79.72113,40.62662],[-79.71932,40.62602],[-79.71841,40.62545],[-79.71715,40.62496],[-79.71517,40.62426],[-79.71485,40.62404],[-79.7147,40.62376],[-79.7147,40.62344],[-79.71484,40.62316],[-79.71598,40.62201],[-79.71652,40.62131],[-79.71847,40.61992],[-79.71915,40.61939]]]}},{"type":"Feature","properties":{"name":"Dravosburg bridge Ramp","route":"510303"},"geometry":{"type":"MultiLineString","coordinates":[[[-79.89014,40.34816],[-79.88995,40.34794],[-79.88993,40.34776]],[[-79.88993,40.34776],[-79.8897,40.34714]],[[-79.88993,40.34776],[-79.89007,40.34756],[-79.8902,40.34753],[-79.89044,40.34755]]]}},{"type":"Feature","properties":{"name":"Wilmerding & east Mc Keesport","route":"433802"},"geometry":{"type":"MultiLineString","coordinates":[[[-79.81186,40.38114],[-79.8099,40.38308],[-79.80826,40.3829],[-79.80762,40.38291],[-79.80676,40.38304],[-79.80618,40.38324],[-79.80565,40.38351],[-79.79977,40.38697],[-79.79941,40.38723],[-79.799,40.38773],[-79.79887,40.38795],[-79.79868,40.38843],[-79.79856,40.38892],[-79.79854,40.38916],[-79.79861,40.38966],[-79.7987,40.3899],[-79.79896,40.39035],[-79.7996,40.3913],[-79.79994,40.39166],[-79.80033,40.39194],[-79.8009,40.39216],[-79.80394,40.39294],[-79.80471,40.39312],[-79.80507,40.39317]]]}},{"type":"Feature","properties":{"name":"Portvue & Lovedale","route":"425602"},"geometry":{"type":"MultiLineString","coordinates":[[[-79.85039,40.29866],[-79.84944,40.29688],[-79.84893,40.29617],[-79.84855,40.29542],[-79.84765,40.29417],[-79.84695,40.29347],[-79.84647,40.29202],[-79.84642,40.29138],[-79.84654,40.28914],[-79.84603,40.28726],[-79.84587,40.28692],[-79.84562,40.28661],[-79.84542,40.28645],[-79.84481,40.28617],[-79.84464,40.28604],[-79.84412,40.2848],[-79.84403,40.28467]]]}},{"type":"Feature","properties":{"name":"Round Hill","route":"426901"},"geometry":{"type":"MultiLineString","coordinates":[[[-79.81723,40.23802],[-79.81732,40.23824],[-79.81756,40.23838]],[[-79.81711,40.23824],[-79.81727,40.23845]],[[-79.81756,40.23838],[-79.81727,40.23845]],[[-79.81727,40.23845],[-79.81706,40.23856],[-79.81676,40.23883]],[[-79.86014,40.24094],[-79.85989,40.24093],[-79.85943,40.24081],[-79.85872,40.24071],[-79.85776,40.24064],[-79.8568,40.24061],[-79.85633,40.24064],[-79.85404,40.24108],[-79.85356,40.24111],[-79.8526,40.24108],[-79.85149,40.24116],[-79.85101,40.24116],[-79.8494,40.24108],[-79.84765,40.24094],[-79.84741,40.24097],[-79.84715,40.24106],[-79.84404,40.24236],[-79.84342,40.2425],[-79.84213,40.24257],[-79.8415,40.24248],[-79.84108,40.24232],[-79.84012,40.24164],[-79.83848,40.24083],[-79.83811,40.24071],[-79.8378,40.24071],[-79.83673,40.24095],[-79.83642,40.24097],[-79.83586,40.24087],[-79.83536,40.24072],[-79.8347,40.24038],[-79.83437,40.24027],[-79.83236,40.2401],[-79.83192,40.24015],[-79.83065,40.24057],[-79.83021,40.24067],[-79.82931,40.2408],[-79.82886,40.24078],[-79.82685,40.24044],[-79.82496,40.23973],[-79.82251,40.23925],[-79.82118,40.23871],[-79.82074,40.23857],[-79.81787,40.23838],[-79.81756,40.23838]]]}},{"type":"Feature","properties":{"name":"Round Hill","route":"426902"},"geometry":{"type":"MultiLineString","coordinates":[[[-79.86014,40.24094],[-79.86085,40.24092],[-79.86127,40.24088],[-79.8625,40.24064],[-79.86271,40.24054],[-79.86484,40.23929],[-79.86501,40.23926],[-79.86606,40.23932],[-79.86618,40.23929],[-79.86633,40.23915]]]}},{"type":"Feature","properties":{"name":"Boston & Greenock","route":"403200"},"geometry":{"type":"MultiLineString","coordinates":[[[-79.82668,40.31056],[-79.82476,40.31141],[-79.82349,40.31216],[-79.82034,40.31443],[-79.81923,40.31527],[-79.81895,40.31547],[-79.81849,40.31568],[-79.81826,40.31585],[-79.81795,40.31616],[-79.81776,40.31631],[-79.81751,40.31644],[-79.81414,40.31767],[-79.8133,40.31809],[-79.81234,40.31832],[-79.81138,40.3184],[-79.80993,40.31836],[-79.80847,40.31843],[-79.80772,40.31833],[-79.80675,40.31832],[-79.80532,40.31809],[-79.80442,40.31782],[-79.80234,40.31729],[-79.80166,40.31708],[-79.79983,40.31639],[-79.79901,40.31601],[-79.79743,40.31575],[-79.7969,40.31557],[-79.79551,40.31487],[-79.79326,40.31361],[-79.79318,40.31352],[-79.79298,40.31299],[-79.7942,40.31234],[-79.79596,40.31154]]]}},{"type":"Feature","properties":{"name":"Evergreen","route":"211903"},"geometry":{"type":"MultiLineString","coordinates":[[[-80.01555,40.52459],[-80.01556,40.52524],[-80.01561,40.52541],[-80.01645,40.52643],[-80.01667,40.52693],[-80.01699,40.52795],[-80.01758,40.52853],[-80.01776,40.52896],[-80.01778,40.52927],[-80.01773,40.52945],[-80.01736,40.53011],[-80.01737,40.5307],[-80.01726,40.53125],[-80.01729,40.53143],[-80.01737,40.53158],[-80.01784,40.53232],[-80.01796,40.53262],[-80.018,40.53309],[-80.01789,40.53405],[-80.01845,40.53469],[-80.01912,40.53508],[-80.01928,40.53521],[-80.01961,40.53578],[-80.01992,40.53618],[-80.02104,40.53735],[-80.02247,40.53858],[-80.02269,40.53884],[-80.02328,40.53972],[-80.02431,40.54059],[-80.02469,40.54096],[-80.02519,40.54172],[-80.02534,40.54181],[-80.02609,40.54205],[-80.02626,40.54213],[-80.02641,40.54222],[-80.02694,40.5427],[-80.02725,40.5429],[-80.02946,40.54408]]]}},{"type":"Feature","properties":{"name":"Glen Mitchell","route":"113600"},"geometry":{"type":"MultiLineString","coordinates":[[[-80.14844,40.54811],[-80.14837,40.54759],[-80.148,40.54644],[-80.1479,40.54592],[-80.14808,40.54553],[-80.1482,40.54537],[-80.1484,40.54522],[-80.14869,40.54512],[-80.15009,40.54482],[-80.15055,40.5447],[-80.15094,40.5445],[-80.15133,40.54415]],[[-80.15138,40.54409],[-80.15357,40.54202],[-80.15423,40.54082],[-80.15456,40.54031],[-80.15487,40.54007],[-80.15545,40.53972],[-80.15581,40.53946],[-80.15662,40.53852],[-80.15682,40.53836],[-80.15704,40.53823],[-80.15728,40.53819],[-80.15825,40.53818],[-80.1587,40.53803],[-80.15958,40.53769],[-80.15978,40.53759],[-80.16051,40.53709],[-80.16075,40.53697],[-80.16124,40.53648],[-80.16141,40.53635],[-80.16165,40.53624],[-80.16217,40.53618],[-80.16365,40.53618],[-80.16413,40.53611],[-80.1644,40.53597],[-80.16486,40.53554],[-80.16504,40.53542],[-80.16579,40.53505]]]}},{"type":"Feature","properties":{"name":"Lowries Run/ Mt. Nebo","route":"119001"},"geometry":{"type":"MultiLineString","coordinates":[[[-80.08563,40.55001],[-80.08531,40.54973],[-80.08431,40.54827],[-80.08378,40.54771],[-80.08354,40.54722],[-80.08291,40.54568],[-80.08256,40.54514],[-80.08229,40.5448],[-80.0818,40.5443],[-80.08162,40.54416],[-80.08117,40.5439],[-80.08097,40.54373],[-80.08083,40.54353],[-80.08068,40.54311],[-80.08046,40.54275],[-80.07934,40.54141],[-80.07885,40.54094],[-80.07853,40.54035],[-80.07786,40.53969],[-80.07738,40.53906],[-80.07644,40.53824],[-80.07557,40.53763],[-80.07499,40.53705],[-80.07364,40.53599],[-80.07239,40.5347],[-80.07164,40.53427],[-80.0713,40.53399],[-80.07108,40.53367],[-80.07073,40.533],[-80.07024,40.53135],[-80.07007,40.53112],[-80.06975,40.53081]]]}},{"type":"Feature","properties":{"name":"Thompson Run","route":"230300"},"geometry":{"type":"MultiLineString","coordinates":[[[-79.99399,40.51093],[-79.99348,40.51171],[-79.99342,40.51191],[-79.99338,40.51255],[-79.99279,40.51322],[-79.99269,40.5136],[-79.9927,40.51396],[-79.9928,40.51432],[-79.99311,40.51482],[-79.99373,40.51561],[-79.99384,40.51577],[-79.9939,40.51597],[-79.99391,40.51619],[-79.99372,40.51728],[-79.99322,40.51811],[-79.99267,40.51855],[-79.99213,40.51916],[-79.99199,40.5195],[-79.99196,40.52027],[-79.99186,40.52062],[-79.99133,40.52134],[-79.99098,40.52226],[-79.99052,40.52307],[-79.99029,40.52324],[-79.98966,40.52343],[-79.98934,40.52362],[-79.98844,40.52452],[-79.98832,40.52468],[-79.98825,40.52491],[-79.98829,40.52614],[-79.98825,40.5269],[-79.98862,40.52763],[-79.98874,40.52778],[-79.98987,40.52859],[-79.99033,40.52904],[-79.99041,40.52926],[-79.99016,40.53288],[-79.99004,40.53311],[-79.98937,40.53366],[-79.98932,40.53376],[-79.9894,40.5339],[-79.99002,40.5341],[-79.9902,40.53426],[-79.99079,40.53574],[-79.99075,40.53594],[-79.98993,40.53699],[-79.9898,40.53728],[-79.98998,40.53822],[-79.99047,40.54015],[-79.99062,40.54035],[-79.99125,40.54086],[-79.99227,40.54184],[-79.99329,40.5431],[-79.99344,40.54323],[-79.99461,40.54402],[-79.99491,40.54428],[-79.99686,40.54711],[-79.99726,40.54778],[-79.9977,40.5486],[-79.99775,40.54895],[-79.99772,40.54949],[-79.99781,40.55008],[-79.99825,40.55218],[-79.99841,40.55262],[-79.99876,40.55314],[-79.99978,40.5542],[-79.99999,40.55458],[-80.00005,40.55478],[-80.00007,40.55512],[-79.99991,40.55567]],[[-79.99985,40.55582],[-79.99928,40.55719],[-79.99914,40.55774],[-79.99913,40.5581],[-79.99926,40.56114],[-79.99956,40.56226],[-79.99959,40.56265],[-79.99925,40.56524],[-79.99908,40.56603]]]}},{"type":"Feature","properties":{"name":"Wible Run","route":"233500"},"geometry":{"type":"MultiLineString","coordinates":[[[-79.98311,40.5246],[-79.98115,40.5247],[-79.98046,40.5247],[-79.97934,40.52373],[-79.97915,40.52349],[-79.97904,40.52309],[-79.97895,40.52254],[-79.97885,40.52231],[-79.97869,40.52214],[-79.97555,40.52036],[-79.97531,40.52027],[-79.97508,40.52022],[-79.97481,40.52023],[-79.97263,40.52055],[-79.97235,40.52056],[-79.97212,40.52053],[-79.97183,40.52045],[-79.97142,40.52018],[-79.97124,40.51981],[-79.9712,40.51963],[-79.97111,40.51867],[-79.9712,40.51813],[-79.97126,40.51796],[-79.97158,40.51747],[-79.97212,40.51684],[-79.97237,40.5159],[-79.97254,40.51554],[-79.97296,40.51482],[-79.97315,40.51428],[-79.97317,40.51406],[-79.97314,40.51384],[-79.97304,40.51363],[-79.97245,40.51303],[-79.9718,40.51222],[-79.97127,40.51178],[-79.97106,40.51144],[-79.9708,40.51054],[-79.97017,40.50889],[-79.9697,40.50798],[-79.9696,40.50717],[-79.96964,40.50652],[-79.96937,40.50579],[-79.9694,40.50525],[-79.96937,40.50481],[-79.97018,40.50432],[-79.97052,40.50408],[-79.97095,40.50359],[-79.97114,40.50323],[-79.97133,40.50302],[-79.97207,40.50245],[-79.97218,40.5024],[-79.97263,40.50234],[-79.97295,40.50236],[-79.97349,40.50254],[-79.97368,40.50253],[-79.97394,40.50248],[-79.97436,40.50226],[-79.97524,40.50166],[-79.97574,40.50138],[-79.9762,40.5009],[-79.97656,40.50041],[-79.97671,40.5003],[-79.97718,40.50007],[-79.97752,40.49981],[-79.97779,40.49899],[-79.97796,40.49882],[-79.97808,40.49876]]]}},{"type":"Feature","properties":{"name":"Horne Camp","route":"115100"},"geometry":{"type":"MultiLineString","coordinates":[[[-80.09462,40.51029],[-80.0946,40.51068],[-80.09448,40.51108],[-80.09404,40.51166],[-80.09351,40.51257],[-80.09233,40.51354],[-80.09188,40.51405],[-80.09177,40.51428],[-80.09174,40.51451],[-80.09178,40.51469],[-80.09191,40.51491],[-80.0921,40.51509],[-80.09308,40.5157],[-80.09329,40.51586],[-80.09344,40.51605],[-80.09353,40.51626],[-80.09362,40.51691],[-80.09357,40.5174],[-80.09337,40.51759],[-80.09308,40.51772],[-80.09105,40.51802],[-80.09031,40.51819],[-80.08988,40.51838],[-80.08948,40.51863],[-80.0888,40.51921],[-80.08852,40.51957],[-80.0884,40.51994],[-80.08838,40.52052],[-80.08829,40.52091],[-80.08811,40.5212],[-80.08776,40.52153],[-80.08726,40.52172],[-80.08695,40.52176],[-80.08645,40.52173],[-80.08571,40.52162],[-80.08557,40.52163],[-80.08523,40.52175],[-80.08401,40.52237],[-80.08352,40.52254],[-80.08319,40.52258],[-80.08164,40.52269],[-80.08123,40.52278],[-80.08051,40.52301],[-80.07985,40.52307],[-80.07844,40.52287],[-80.07795,40.52271],[-80.07763,40.52252],[-80.07746,40.52237],[-80.07689,40.52157],[-80.07674,40.5214],[-80.07652,40.52131],[-80.07627,40.52129],[-80.07598,40.5214],[-80.07559,40.52164],[-80.07545,40.52181],[-80.07533,40.5222],[-80.07523,40.52239],[-80.07508,40.52256],[-80.07478,40.52276],[-80.07443,40.5229],[-80.07314,40.5231],[-80.07289,40.52317],[-80.07191,40.52377]]]}},{"type":"Feature","properties":{"name":"Wible-Thompson Run","route":"230500"},"geometry":{"type":"MultiLineString","coordinates":[[[-79.97585,40.50129],[-79.97603,40.50147],[-79.97611,40.50181],[-79.97628,40.50225],[-79.9763,40.50374],[-79.97626,40.50434],[-79.97605,40.50494],[-79.97595,40.50509],[-79.9755,40.50534],[-79.97491,40.50558],[-79.97445,40.50609],[-79.97436,40.50625],[-79.97433,40.50645],[-79.97447,40.50705],[-79.97442,40.50756],[-79.97457,40.50772],[-79.97493,40.50798],[-79.97521,40.50825],[-79.97541,40.5085],[-79.97555,40.5088],[-79.9756,40.50915],[-79.97559,40.5104],[-79.97569,40.51074],[-79.97585,40.51106],[-79.97609,40.51125],[-79.97691,40.51173],[-79.97793,40.51226],[-79.97845,40.5126],[-79.97908,40.51311],[-79.97932,40.5134],[-79.97984,40.51475],[-79.97984,40.51494],[-79.97963,40.51535],[-79.97962,40.51548],[-79.97971,40.51561],[-79.98005,40.51588],[-79.98032,40.51641],[-79.98097,40.51694],[-79.98135,40.51758],[-79.98156,40.51785],[-79.98264,40.51832],[-79.98315,40.51885],[-79.98466,40.51964],[-79.98483,40.51975],[-79.98493,40.51992],[-79.98496,40.52002],[-79.98478,40.52022],[-79.98423,40.52054],[-79.98346,40.52105],[-79.98282,40.5214],[-79.98273,40.52152],[-79.98272,40.52176],[-79.98291,40.52388],[-79.98323,40.52501],[-79.98328,40.52563],[-79.98327,40.52719],[-79.98335,40.52738],[-79.98351,40.52754],[-79.9841,40.52787],[-79.98428,40.52804],[-79.98458,40.5287]]]}},{"type":"Feature","properties":{"name":"Schuette","route":"527600"},"geometry":{"type":"MultiLineString","coordinates":[[[-79.97144,40.38567],[-79.97067,40.38497],[-79.97032,40.38449],[-79.96986,40.38246],[-79.96955,40.38192],[-79.96917,40.38153],[-79.96872,40.38129],[-79.96579,40.38023],[-79.96414,40.37941],[-79.9635,40.37913],[-79.96258,40.37879],[-79.9612,40.37845],[-79.96052,40.37817],[-79.95976,40.37767],[-79.95766,40.37533],[-79.95768,40.3749],[-79.95788,40.37378],[-79.95787,40.37369],[-79.95748,40.37293],[-79.95746,40.37277],[-79.95753,40.37259],[-79.95802,40.37221],[-79.9581,40.37206],[-79.95812,40.37179],[-79.95796,40.3714],[-79.95795,40.37123],[-79.95801,40.37109],[-79.95833,40.3708],[-79.95845,40.37062],[-79.95853,40.37022],[-79.95849,40.36982],[-79.95841,40.36968],[-79.95828,40.3696],[-79.95806,40.36953],[-79.95778,40.36951],[-79.95689,40.36967],[-79.95673,40.36964],[-79.95625,40.36947],[-79.95583,40.36927],[-79.95548,40.36902],[-79.95421,40.36758],[-79.95405,40.36745],[-79.95366,40.36722],[-79.95026,40.36608],[-79.95003,40.36604],[-79.94946,40.36601]]]}},{"type":"Feature","properties":{"name":"Homeville","route":"514901"},"geometry":{"type":"MultiLineString","coordinates":[[[-79.89751,40.39917],[-79.89725,40.39889],[-79.89646,40.3984],[-79.8963,40.39826],[-79.89598,40.39751],[-79.89528,40.39644],[-79.89488,40.39561],[-79.89479,40.39552],[-79.89401,40.39508],[-79.8937,40.39496],[-79.89256,40.39501],[-79.89077,40.39473],[-79.89036,40.39461],[-79.88961,40.39427],[-79.88939,40.39419],[-79.88837,40.39399],[-79.88795,40.3938],[-79.88728,40.3934],[-79.88681,40.39323],[-79.8862,40.39307],[-79.88593,40.39294],[-79.88569,40.39276],[-79.88522,40.39215],[-79.88496,40.39192],[-79.8848,40.39185],[-79.8841,40.39171],[-79.88374,40.39161],[-79.88356,40.39151],[-79.88267,40.39085],[-79.88178,40.38995],[-79.88127,40.38918],[-79.88113,40.38885],[-79.88076,40.38744],[-79.88026,40.38598],[-79.88001,40.38573],[-79.87897,40.38499],[-79.87878,40.3848],[-79.87806,40.38321],[-79.87788,40.38301],[-79.8776,40.38295]]]}},{"type":"Feature","properties":{"name":"Thoms Run & Oakdale","route":"630601"},"geometry":{"type":"MultiLineString","coordinates":[[[-80.14842,40.37845],[-80.14796,40.37884],[-80.14777,40.37891],[-80.14443,40.37803],[-80.14391,40.37792],[-80.14239,40.37771],[-80.14085,40.37764],[-80.14048,40.37758],[-80.13979,40.37736],[-80.13836,40.37675],[-80.13714,40.3764],[-80.13637,40.37608],[-80.13602,40.37587],[-80.13527,40.37534],[-80.13454,40.37474],[-80.13355,40.37402],[-80.13284,40.37343],[-80.13244,40.37316],[-80.13176,40.37286],[-80.13049,40.37257],[-80.12944,40.37248],[-80.12889,40.37237],[-80.12833,40.37237],[-80.12753,40.37245],[-80.1265,40.37263],[-80.12501,40.37306],[-80.12446,40.37314],[-80.12315,40.373],[-80.12171,40.37294],[-80.12151,40.37287],[-80.12085,40.37252],[-80.12044,40.37242],[-80.12035,40.3725],[-80.11864,40.37335],[-80.11728,40.37386],[-80.11525,40.37468],[-80.11434,40.37565],[-80.11325,40.37688],[-80.11246,40.37747],[-80.11108,40.37863],[-80.11067,40.37891],[-80.1104,40.37904],[-80.10987,40.37917],[-80.10877,40.37926],[-80.10841,40.37932],[-80.1079,40.37948],[-80.1059,40.38029],[-80.10537,40.38042],[-80.10446,40.38056],[-80.10391,40.38061],[-80.10336,40.3806],[-80.0999,40.38028],[-80.09931,40.38026],[-80.09893,40.38037],[-80.09824,40.38067],[-80.09794,40.38075],[-80.09758,40.38077],[-80.0968,40.38073],[-80.09639,40.38075],[-80.09588,40.38088],[-80.09529,40.38115],[-80.09509,40.38115],[-80.09484,40.38109]]]}},{"type":"Feature","properties":{"name":"White Oak Leve","route":"433400"},"geometry":{"type":"MultiLineString","coordinates":[[[-79.83266,40.35724],[-79.83239,40.35729],[-79.8321,40.35749],[-79.83197,40.35754],[-79.83178,40.35757],[-79.83153,40.35753],[-79.82926,40.35685],[-79.82857,40.35656],[-79.82773,40.35607],[-79.82647,40.3552],[-79.82429,40.35412],[-79.82359,40.3537],[-79.82337,40.3535],[-79.82258,40.35252],[-79.82223,40.35217]]]}},{"type":"Feature","properties":{"name":"Evergreen","route":"211902"},"geometry":{"type":"MultiLineString","coordinates":[[[-80.00484,40.51459],[-80.00558,40.51456],[-80.00619,40.51461],[-80.00696,40.51483],[-80.00824,40.51532],[-80.00903,40.51611],[-80.01013,40.51662],[-80.01215,40.51809],[-80.01289,40.51884],[-80.01402,40.51978]]]}},{"type":"Feature","properties":{"name":"Evergreen","route":"211901"},"geometry":{"type":"MultiLineString","coordinates":[[[-79.99382,40.51122],[-79.99513,40.51167],[-79.99552,40.51185],[-79.99637,40.5124],[-79.99694,40.51293],[-79.99742,40.51329],[-79.99779,40.51347],[-79.99908,40.51386],[-80.00037,40.51401],[-80.0013,40.51405],[-80.00174,40.5141],[-80.00225,40.5142],[-80.00318,40.51447],[-80.00328,40.51445]]]}},{"type":"Feature","properties":{"name":"Duncan","route":"210500"},"geometry":{"type":"MultiLineString","coordinates":[[[-79.99882,40.56618],[-79.99845,40.56654],[-79.99794,40.56723],[-79.99612,40.5705],[-79.99576,40.57096],[-79.99548,40.57125],[-79.99503,40.5716],[-79.99444,40.57185],[-79.99418,40.57189],[-79.9937,40.57191],[-79.99327,40.57184],[-79.98591,40.56878],[-79.98362,40.5678],[-79.9826,40.5672],[-79.98208,40.56699],[-79.98099,40.56664],[-79.97998,40.56617],[-79.97971,40.56609],[-79.97914,40.56602],[-79.97825,40.56605],[-79.97709,40.56619],[-79.97679,40.56618],[-79.97622,40.56608],[-79.97188,40.56436],[-79.97038,40.56363],[-79.96985,40.56343],[-79.96899,40.56325],[-79.96841,40.56321],[-79.96693,40.56325],[-79.96645,40.56311],[-79.96618,40.56292],[-79.96604,40.56276],[-79.96582,40.56246],[-79.96566,40.56215],[-79.96553,40.56165],[-79.96537,40.56044],[-79.96531,40.56025],[-79.96512,40.56012],[-79.96471,40.56],[-79.96445,40.55997],[-79.96136,40.55973],[-79.96041,40.55959],[-79.95921,40.55947]]]}},{"type":"Feature","properties":{"name":"Walter","route":"132400"},"geometry":{"type":"MultiLineString","coordinates":[[[-80.01547,40.60946],[-80.01555,40.6092]],[[-80.0152,40.60922],[-80.01555,40.6092]],[[-80.01477,40.5932],[-80.01443,40.5931]],[[-80.01471,40.59303],[-80.01443,40.5931]],[[-80.01465,40.59281],[-80.01443,40.5931]],[[-80.01555,40.6092],[-80.01585,40.60886],[-80.01604,40.60841],[-80.01611,40.60721],[-80.016,40.60647],[-80.01604,40.60632],[-80.01622,40.60606],[-80.01624,40.60597],[-80.0162,40.60589],[-80.0158,40.60571],[-80.01561,40.60558],[-80.01445,40.60459],[-80.01392,40.6039],[-80.01362,40.60309],[-80.01363,40.60287],[-80.01379,40.6027],[-80.01433,40.60254],[-80.0148,40.60245],[-80.01488,40.6024],[-80.01492,40.6023],[-80.01488,40.60222],[-80.01417,40.60149],[-80.01316,40.60031],[-80.01289,40.59984],[-80.01276,40.59951],[-80.01265,40.59901],[-80.01227,40.59665],[-80.01234,40.59628],[-80.01258,40.59571],[-80.01261,40.59503],[-80.01279,40.59449]],[[-80.01443,40.5931],[-80.01386,40.59322],[-80.01359,40.59333],[-80.01325,40.59358],[-80.01309,40.59378],[-80.01279,40.59449]],[[-80.01279,40.59449],[-80.01258,40.59442]]]}},{"type":"Feature","properties":{"name":"Potomac","route":"625700"},"geometry":{"type":"MultiLineString","coordinates":[[[-80.05,40.40852],[-80.04986,40.40842],[-80.04952,40.40831],[-80.04667,40.40754],[-80.04514,40.40706],[-80.04481,40.40692],[-80.04462,40.40676],[-80.04372,40.40588],[-80.04185,40.40391],[-80.04115,40.40349],[-80.04082,40.40334]]]}},{"type":"Feature","properties":{"name":"Saunders Station","route":"356900"},"geometry":{"type":"MultiLineString","coordinates":[[[-79.72789,40.40874],[-79.72826,40.40991],[-79.72882,40.41069],[-79.72884,40.41079],[-79.72928,40.41091],[-79.73233,40.41154],[-79.73485,40.41222],[-79.73574,40.4125],[-79.73656,40.41284],[-79.73772,40.41343],[-79.73825,40.41379],[-79.73875,40.41423],[-79.73901,40.41452],[-79.73958,40.41536],[-79.74021,40.4161],[-79.74191,40.41756],[-79.74273,40.4182],[-79.7431,40.41842],[-79.74351,40.41859],[-79.74636,40.41952],[-79.7467,40.4198],[-79.74729,40.42057],[-79.74771,40.42099],[-79.74945,40.42225],[-79.74967,40.42228]]]}},{"type":"Feature","properties":{"name":"Bethel Rd, HillCrest","route":"502801"},"geometry":{"type":"MultiLineString","coordinates":[[[-80.02736,40.34519],[-80.02794,40.34529],[-80.02853,40.34529],[-80.02984,40.3451],[-80.03044,40.34496],[-80.03088,40.3448],[-80.03356,40.34362],[-80.03511,40.34299],[-80.03805,40.34229],[-80.03886,40.34204],[-80.03964,40.34169],[-80.04111,40.34096],[-80.04214,40.34039],[-80.0455,40.33835],[-80.04577,40.33814],[-80.04625,40.33732],[-80.04646,40.3371],[-80.04673,40.33694],[-80.04871,40.33629],[-80.0508,40.33532],[-80.0512,40.3353],[-80.05135,40.33451],[-80.0518,40.333],[-80.05202,40.33247],[-80.05273,40.33132],[-80.05313,40.33091],[-80.05385,40.33037],[-80.05449,40.3301],[-80.05518,40.32996],[-80.05566,40.32996],[-80.05734,40.33016],[-80.05807,40.33015],[-80.05878,40.33008],[-80.05927,40.32994],[-80.06001,40.32954],[-80.06084,40.32917],[-80.06129,40.32903],[-80.06247,40.32876],[-80.06317,40.32853],[-80.06358,40.32834],[-80.06376,40.32822],[-80.06452,40.3275],[-80.06477,40.32719],[-80.0651,40.32647],[-80.06548,40.32624],[-80.06566,40.32608]]]}},{"type":"Feature","properties":{"name":"Whitehall","route":"533303"},"geometry":{"type":"MultiLineString","coordinates":[[[-79.96219,40.36132],[-79.9614,40.36073],[-79.96048,40.36017],[-79.95901,40.35908],[-79.95871,40.35882],[-79.95793,40.35798],[-79.95729,40.35749],[-79.9571,40.35738],[-79.95603,40.35697]]]}},{"type":"Feature","properties":{"name":"Brown","route":"104800"},"geometry":{"type":"MultiLineString","coordinates":[[[-80.04084,40.62358],[-80.03863,40.6237],[-80.03787,40.62355],[-80.03727,40.62337],[-80.03652,40.623],[-80.0357,40.62247],[-80.03512,40.62225],[-80.03393,40.62187],[-80.03356,40.6217],[-80.03326,40.62147],[-80.03291,40.62106],[-80.03263,40.62081],[-80.03139,40.61992],[-80.03114,40.61982],[-80.03047,40.6198],[-80.02785,40.61988],[-80.02521,40.61989]],[[-80.02521,40.61989],[-80.025,40.62002],[-80.02492,40.62016]],[[-80.02521,40.61989],[-80.0249,40.61979],[-80.02477,40.61969]]]}},{"type":"Feature","properties":{"name":"Kummer","route":"117002"},"geometry":{"type":"MultiLineString","coordinates":[[[-80.02695,40.61988],[-80.02691,40.61975],[-80.02641,40.61906]],[[-80.02588,40.61987],[-80.02621,40.61961],[-80.02635,40.61942],[-80.02641,40.61906]],[[-80.02641,40.61906],[-80.02501,40.61707],[-80.02473,40.6165],[-80.02427,40.6154],[-80.0241,40.61511],[-80.02317,40.6141],[-80.02298,40.61376],[-80.02296,40.61357],[-80.02301,40.61338],[-80.02318,40.61311],[-80.02336,40.61297],[-80.02364,40.61284],[-80.02393,40.61279],[-80.0252,40.61273],[-80.02604,40.61281],[-80.02864,40.61379],[-80.02902,40.61371],[-80.02923,40.61361],[-80.0294,40.61346],[-80.0295,40.61331],[-80.02979,40.61264],[-80.02984,40.61215],[-80.02957,40.61115],[-80.02931,40.60941],[-80.0291,40.60841],[-80.02893,40.60806],[-80.02837,40.60747],[-80.02828,40.60727],[-80.02828,40.60706],[-80.02855,40.60633],[-80.0285,40.60592],[-80.02828,40.60558],[-80.02807,40.6054],[-80.02764,40.6052],[-80.02737,40.60515],[-80.02705,40.60513],[-80.02682,40.60516],[-80.0266,40.60521],[-80.02531,40.60568],[-80.02458,40.60575],[-80.02409,40.60566],[-80.02375,40.60554],[-80.02342,40.60538],[-80.02317,40.60517],[-80.02293,40.6049],[-80.02244,40.60365],[-80.02228,40.60304],[-80.02212,40.60212],[-80.02197,40.60157],[-80.02167,40.60087],[-80.0212,40.60001],[-80.02083,40.59953],[-80.01972,40.59848],[-80.01898,40.59744],[-80.0186,40.59699],[-80.01773,40.59622],[-80.01612,40.59495],[-80.01546,40.59436],[-80.01504,40.5938],[-80.01486,40.59345],[-80.01448,40.59209]]]}},{"type":"Feature","properties":{"name":"Hemlock","route":"214402"},"geometry":{"type":"MultiLineString","coordinates":[[[-79.99656,40.58678],[-79.99205,40.5838],[-79.99159,40.5836],[-79.99116,40.58347],[-79.99073,40.58337],[-79.9905,40.58335],[-79.98913,40.58336],[-79.98822,40.58328],[-79.98753,40.58329],[-79.98656,40.58343],[-79.98588,40.58349],[-79.98439,40.58349],[-79.98394,40.58345],[-79.98381,40.5834],[-79.98366,40.58327],[-79.98327,40.58261],[-79.98269,40.58216],[-79.98247,40.5819],[-79.98206,40.58106],[-79.98087,40.57927],[-79.98045,40.57834],[-79.98024,40.57803],[-79.97945,40.5771],[-79.97876,40.57604]],[[-79.99153,40.58358],[-79.99172,40.58349],[-79.99185,40.58333]]]}},{"type":"Feature","properties":{"name":"Ridge","route":"626501"},"geometry":{"type":"MultiLineString","coordinates":[[[-80.17399,40.44455],[-80.17331,40.44398],[-80.17291,40.44374],[-80.17258,40.44368],[-80.1722,40.44371],[-80.17181,40.44386],[-80.17088,40.44441],[-80.17043,40.44461],[-80.16986,40.44475],[-80.16934,40.44479],[-80.16888,40.44475],[-80.16821,40.44463],[-80.16723,40.44439],[-80.16646,40.44413],[-80.16591,40.44381],[-80.16482,40.44244],[-80.16405,40.44178],[-80.16368,40.44155],[-80.16019,40.44005],[-80.15825,40.43912],[-80.15804,40.43899],[-80.15787,40.43882],[-80.15776,40.43857],[-80.15766,40.43759],[-80.15752,40.43732],[-80.15729,40.43711],[-80.15748,40.43673],[-80.15755,40.43636],[-80.15748,40.43596],[-80.15716,40.43532],[-80.15556,40.43348],[-80.15534,40.43278],[-80.15518,40.4326],[-80.15502,40.43252],[-80.15478,40.43246],[-80.15449,40.43248],[-80.15284,40.43299],[-80.15166,40.43341],[-80.15131,40.43345],[-80.15083,40.43342],[-80.14932,40.43308]],[[-80.14496,40.43201],[-80.14584,40.43218],[-80.14625,40.43217],[-80.14693,40.43205],[-80.14724,40.43207],[-80.14747,40.43213],[-80.14824,40.43244],[-80.14889,40.43289],[-80.14932,40.43308]]]}},{"type":"Feature","properties":{"name":"Ridge","route":"626502"},"geometry":{"type":"MultiLineString","coordinates":[[[-80.15666,40.43437],[-80.15636,40.43429],[-80.1562,40.43408],[-80.15618,40.43386],[-80.15628,40.43278],[-80.15622,40.43252],[-80.15609,40.43232],[-80.15569,40.43196],[-80.15539,40.43138],[-80.15516,40.43121],[-80.15473,40.43118],[-80.15447,40.43124],[-80.15432,40.43132],[-80.15409,40.43152],[-80.15377,40.4321],[-80.15363,40.4322],[-80.15342,40.43228],[-80.15315,40.43231],[-80.15271,40.43227],[-80.15249,40.43228],[-80.15224,40.43235],[-80.15168,40.43265],[-80.15125,40.4328],[-80.15,40.43304],[-80.14933,40.43308]]]}},{"type":"Feature","properties":{"name":"Verona","route":"331900"},"geometry":{"type":"MultiLineString","coordinates":[[[-79.8378,40.50211],[-79.83761,40.5012],[-79.83754,40.50065],[-79.83748,40.49895],[-79.83704,40.49806],[-79.83687,40.49746],[-79.83677,40.4959],[-79.83622,40.49174],[-79.83613,40.4905],[-79.83615,40.49009],[-79.83622,40.48989],[-79.83683,40.48864],[-79.83698,40.48824],[-79.83737,40.48637],[-79.83744,40.48576],[-79.83739,40.48386],[-79.83749,40.48304],[-79.83761,40.48264],[-79.83799,40.48189],[-79.83869,40.48064],[-79.83903,40.48017],[-79.84022,40.47919],[-79.84266,40.47765]]]}},{"type":"Feature","properties":{"name":"Haymaker","route":"314205"},"geometry":{"type":"MultiLineString","coordinates":[[[-79.75737,40.40232],[-79.75853,40.40184],[-79.75868,40.40169]]]}},{"type":"Feature","properties":{"name":"Oliver","route":"112400"},"geometry":{"type":"MultiLineString","coordinates":[[[-80.15869,40.57346],[-80.15848,40.57347],[-80.15832,40.57339]],[[-80.15354,40.56668],[-80.1551,40.56792],[-80.15638,40.56906],[-80.15676,40.56947],[-80.15739,40.57033],[-80.15767,40.57078],[-80.15782,40.57108],[-80.15832,40.57339]],[[-80.15832,40.57339],[-80.15833,40.57377],[-80.1582,40.57411]]]}},{"type":"Feature","properties":{"name":"Ingomar","route":"115801"},"geometry":{"type":"MultiLineString","coordinates":[[[-80.06904,40.58559],[-80.06869,40.58498],[-80.0669,40.5842],[-80.06549,40.58316],[-80.0648,40.58272],[-80.06382,40.58246],[-80.06299,40.58229]]]}},{"type":"Feature","properties":{"name":"Oliver","route":"124100"},"geometry":{"type":"MultiLineString","coordinates":[[[-80.14905,40.55232],[-80.14913,40.55234],[-80.14923,40.55253],[-80.14991,40.55391],[-80.15005,40.55499],[-80.15054,40.55662],[-80.1506,40.55716],[-80.15059,40.55771],[-80.15034,40.55916],[-80.15032,40.55977],[-80.15062,40.56068],[-80.15072,40.56134],[-80.15083,40.56172],[-80.15105,40.56203],[-80.15145,40.56242],[-80.1515,40.56254],[-80.15135,40.56378],[-80.15137,40.56428],[-80.15147,40.56477],[-80.15175,40.56544],[-80.15196,40.56572],[-80.15354,40.56668]]]}},{"type":"Feature","properties":{"name":"16th Street Bidge Approach","route":"235500"},"geometry":{"type":"MultiLineString","coordinates":[[[-79.99329,40.45369],[-79.99263,40.45313]]]}},{"type":"Feature","properties":{"name":"Green Commons","route":"631804"},"geometry":{"type":"MultiLineString","coordinates":[[[-80.08833,40.37124],[-80.08784,40.37188],[-80.08775,40.3721],[-80.08772,40.37248],[-80.0879,40.37288],[-80.08859,40.37376],[-80.08868,40.37398],[-80.0887,40.37439],[-80.08861,40.37464],[-80.08846,40.37484],[-80.08817,40.37508],[-80.08777,40.3753]]]}},{"type":"Feature","properties":{"name":"Haymaker (at Jughandle)","route":"314206"},"geometry":{"type":"MultiLineString","coordinates":[[[-79.75118,40.42873],[-79.75088,40.42896],[-79.75079,40.42909],[-79.75073,40.42928],[-79.7507,40.4297],[-79.75075,40.42979],[-79.75083,40.42982],[-79.75107,40.42986]]]}},{"type":"Feature","properties":{"name":"East Park","route":"511000"},"geometry":{"type":"MultiLineString","coordinates":[[[-79.99529,40.32276],[-79.99509,40.32266],[-79.99497,40.32246]],[[-79.99529,40.32276],[-79.99472,40.32268]],[[-79.99529,40.32276],[-79.99424,40.32301]],[[-80.00578,40.33182],[-80.00532,40.33166],[-80.00505,40.33152],[-80.00395,40.33089],[-80.00299,40.3307],[-80.0025,40.33064],[-80.002,40.33065],[-80.00152,40.33074],[-80.00059,40.33102],[-80.00035,40.33107],[-79.99998,40.33109],[-79.9996,40.33105],[-79.9994,40.331],[-79.99886,40.33074],[-79.99864,40.33057],[-79.99838,40.33026],[-79.99833,40.32996],[-79.99838,40.32978],[-79.99847,40.32963],[-79.9988,40.32938],[-79.99905,40.3293],[-79.99934,40.32928],[-80.0005,40.32948],[-80.00088,40.32948],[-80.00129,40.32938],[-80.00163,40.32918],[-80.00183,40.32894],[-80.00194,40.32866],[-80.00194,40.32842],[-80.00178,40.32788],[-80.00155,40.32741],[-80.00121,40.32698],[-80.00074,40.32663],[-79.99955,40.32594],[-79.99906,40.32561],[-79.99781,40.32443],[-79.99688,40.32335],[-79.99667,40.32316],[-79.99642,40.32301],[-79.99608,40.32287],[-79.99572,40.32279],[-79.99529,40.32276]],[[-80.00657,40.3352],[-80.00645,40.33513],[-80.00631,40.33487],[-80.00623,40.3347],[-80.0062,40.33435],[-80.00625,40.33416],[-80.00669,40.33318],[-80.00671,40.33284],[-80.00668,40.33267],[-80.00663,40.33248],[-80.00637,40.33217],[-80.00619,40.33203],[-80.00578,40.33182]],[[-80.00657,40.3352],[-80.00667,40.33516],[-80.00687,40.3352],[-80.00708,40.33535],[-80.00711,40.33543],[-80.00707,40.33552],[-80.00696,40.33556],[-80.00684,40.33557]],[[-80.00663,40.33547],[-80.00653,40.3353],[-80.00657,40.3352]],[[-80.00663,40.33547],[-80.00664,40.3357]],[[-80.00684,40.33557],[-80.00663,40.33547]],[[-80.00684,40.33557],[-80.00665,40.33569],[-80.00636,40.33619]]]}},{"type":"Feature","properties":{"name":"Monroeville Trestle","route":"322002"},"geometry":{"type":"MultiLineString","coordinates":[[[-79.76897,40.43875],[-79.76785,40.44026],[-79.76676,40.44146],[-79.76662,40.44169],[-79.76658,40.44192],[-79.76661,40.44218],[-79.76668,40.44229],[-79.76746,40.44309],[-79.76787,40.44336],[-79.76842,40.44365],[-79.7686,40.44382]]]}},{"type":"Feature","properties":{"name":"Portvue & Lovedale","route":"425601"},"geometry":{"type":"MultiLineString","coordinates":[[[-79.86015,40.31667],[-79.86019,40.318],[-79.86006,40.31847],[-79.85994,40.3187],[-79.85954,40.31926],[-79.85839,40.32074]]]}},{"type":"Feature","properties":{"name":"Ridge","route":"626505"},"geometry":{"type":"MultiLineString","coordinates":[[[-80.15729,40.43711],[-80.15701,40.43732],[-80.15672,40.43748],[-80.15476,40.43825]]]}},{"type":"Feature","properties":{"name":"E Dr Extn","route":"5703SP"},"geometry":{"type":"MultiLineString","coordinates":[[[-80.00721,40.31997],[-80.0071,40.32018],[-80.00705,40.3204]],[[-80.00705,40.3204],[-80.00687,40.32027],[-80.00668,40.32021]],[[-80.00705,40.3204],[-80.0068,40.32138],[-80.0067,40.32211],[-80.0063,40.32386],[-80.00627,40.32436],[-80.00629,40.3247],[-80.00659,40.32637],[-80.00676,40.32693],[-80.00711,40.32765],[-80.0079,40.32874],[-80.00824,40.32933],[-80.00839,40.32966],[-80.00843,40.33001],[-80.00835,40.33035],[-80.00816,40.33067],[-80.00788,40.33095],[-80.007,40.33164]],[[-80.007,40.33164],[-80.00659,40.33179],[-80.00635,40.33183],[-80.00578,40.33182]],[[-80.007,40.33164],[-80.00679,40.33193],[-80.0067,40.33213],[-80.00663,40.33248]]]}},{"type":"Feature","properties":{"name":"Kummer","route":"117001"},"geometry":{"type":"MultiLineString","coordinates":[[[-80.01448,40.59209],[-80.01388,40.58967],[-80.01375,40.58931],[-80.01199,40.58629],[-80.0118,40.58568],[-80.01176,40.58526],[-80.01204,40.5825],[-80.0122,40.5818],[-80.01263,40.58088],[-80.01444,40.5779],[-80.0146,40.57752],[-80.0147,40.57712],[-80.01476,40.57616]]]}},{"type":"Feature","properties":{"name":"Police Academy","route":"1742NP"},"geometry":{"type":"MultiLineString","coordinates":[[[-80.01029,40.58759],[-80.0093,40.58823],[-80.00914,40.58843],[-80.00906,40.5887],[-80.00904,40.58885],[-80.00909,40.58894],[-80.00917,40.58899],[-80.0099,40.58907],[-80.01,40.58912],[-80.01043,40.58989],[-80.01048,40.59002],[-80.01041,40.59012],[-80.00983,40.5903]]]}},{"type":"Feature","properties":{"name":"Irwin","route":"116000"},"geometry":{"type":"MultiLineString","coordinates":[[[-80.0008,40.60756],[-80.0007,40.60714],[-80.00042,40.60674],[-79.99962,40.60592],[-79.99827,40.60433],[-79.99808,40.60407],[-79.99763,40.60311],[-79.99743,40.60287],[-79.99693,40.6024],[-79.99631,40.60133],[-79.99618,40.60088],[-79.99604,40.60061]],[[-80.00089,40.60789],[-80.00079,40.60756]]]}},{"type":"Feature","properties":{"name":"Thorn Hill Industrial Park Drive","route":"105201"},"geometry":{"type":"MultiLineString","coordinates":[[[-80.10215,40.66716],[-80.09935,40.66723],[-80.09645,40.66734]]]}},{"type":"Feature","properties":{"name":"Sylvan Extension","route":"4766WO"},"geometry":{"type":"MultiLineString","coordinates":[[[-79.79059,40.33803],[-79.79066,40.33821],[-79.79105,40.3386],[-79.79123,40.33883],[-79.79131,40.33901],[-79.79139,40.33978],[-79.79147,40.34023],[-79.79154,40.34043],[-79.7916,40.34048],[-79.79175,40.34048],[-79.79188,40.34054],[-79.7924,40.34062],[-79.79255,40.3406],[-79.79265,40.34052]]]}},{"type":"Feature","properties":{"name":"Broughton &Cochrans Mill","route":"504502"},"geometry":{"type":"MultiLineString","coordinates":[[[-79.9855,40.32491],[-79.98729,40.32534]]]}},{"type":"Feature","properties":{"name":"Tennis Court","route":"6778SC"},"geometry":{"type":"MultiLineString","coordinates":[[[-80.15719,40.4305],[-80.15709,40.43071],[-80.15708,40.43113],[-80.157,40.43122],[-80.15684,40.43131],[-80.15648,40.43137],[-80.15617,40.43135],[-80.15603,40.43127],[-80.15579,40.43107],[-80.15558,40.431],[-80.15538,40.43105],[-80.15516,40.43121]]]}},{"type":"Feature","properties":{"name":"Nurses","route":"5780SP"},"geometry":{"type":"MultiLineString","coordinates":[[[-79.99872,40.30711],[-79.99826,40.30736],[-79.99818,40.30747],[-79.99815,40.3076],[-79.99818,40.30783],[-79.99795,40.30826],[-79.9978,40.3093],[-79.99765,40.30986],[-79.99779,40.31066],[-79.99797,40.3111],[-79.99831,40.3116],[-79.99895,40.31221],[-79.99904,40.31236],[-79.99903,40.31247],[-79.99895,40.31262],[-79.99821,40.31343],[-79.99675,40.31489],[-79.99662,40.31497],[-79.99653,40.31495]]]}},{"type":"Feature","properties":{"name":"Crane Ave","route":"609102"},"geometry":{"type":"MultiLineString","coordinates":[[[-80.02995,40.41591],[-80.03016,40.41596],[-80.03025,40.41602],[-80.03053,40.41652],[-80.03089,40.41669]]]}},{"type":"Feature","properties":{"name":"Crane Ave","route":"609101"},"geometry":{"type":"MultiLineString","coordinates":[[[-80.03089,40.41669],[-80.0321,40.41721],[-80.03244,40.41729],[-80.03304,40.41738],[-80.03418,40.41746],[-80.03588,40.41738],[-80.03739,40.4172],[-80.03814,40.41702],[-80.0387,40.41677],[-80.0393,40.41642],[-80.04047,40.4153],[-80.04146,40.41427],[-80.04274,40.41346],[-80.04398,40.41422],[-80.04429,40.41426],[-80.04505,40.41427]]]}},{"type":"Feature","properties":{"name":"Crane Ave","route":"609103"},"geometry":{"type":"MultiLineString","coordinates":[[[-80.02807,40.41716],[-80.02909,40.41712],[-80.02939,40.41701],[-80.02957,40.41685],[-80.02967,40.41669],[-80.02977,40.41599],[-80.02995,40.41591]]]}},{"type":"Feature","properties":{"name":"Blackburn","route":"103101"},"geometry":{"type":"MultiLineString","coordinates":[[[-80.12007,40.55235],[-80.12054,40.55253],[-80.12101,40.55287],[-80.12122,40.55315],[-80.12155,40.55381],[-80.12229,40.55485],[-80.12324,40.55588],[-80.12354,40.55611],[-80.12371,40.55621],[-80.12498,40.55666],[-80.12522,40.55669],[-80.12586,40.55669],[-80.12629,40.55672],[-80.12816,40.55711],[-80.12862,40.55726],[-80.12936,40.5576],[-80.12976,40.55771],[-80.13018,40.55777],[-80.13152,40.55769],[-80.13195,40.55771],[-80.13237,40.55778],[-80.13312,40.55804],[-80.13351,40.55814],[-80.13408,40.55815],[-80.13447,40.55804],[-80.13523,40.55761],[-80.13593,40.55713],[-80.1364,40.55694],[-80.13667,40.55693],[-80.13694,40.55696],[-80.13777,40.55729],[-80.13824,40.55736],[-80.14112,40.55705],[-80.1413,40.557],[-80.14148,40.55689],[-80.1425,40.5561],[-80.14289,40.55571],[-80.14442,40.55307],[-80.14465,40.55275],[-80.14484,40.55257],[-80.14507,40.55246],[-80.14529,40.5524],[-80.14622,40.55231],[-80.1469,40.55208],[-80.14716,40.55204],[-80.14787,40.55205],[-80.14833,40.55211],[-80.14906,40.55235],[-80.14957,40.55162],[-80.14965,40.55142],[-80.14967,40.55105],[-80.14955,40.55017],[-80.15045,40.55022],[-80.15141,40.55009],[-80.15197,40.55009],[-80.15252,40.55022],[-80.15436,40.55078],[-80.15529,40.55103],[-80.15888,40.55175],[-80.15936,40.55181],[-80.16035,40.55181],[-80.16268,40.55167],[-80.16304,40.55176],[-80.16393,40.55208],[-80.16441,40.55217],[-80.16469,40.55217],[-80.1652,40.55207],[-80.16656,40.55156],[-80.16741,40.55136],[-80.16763,40.55127],[-80.16783,40.55111],[-80.16847,40.55046],[-80.16879,40.55008],[-80.16903,40.54968],[-80.16909,40.54942],[-80.16905,40.54919],[-80.16912,40.54903],[-80.16925,40.54887],[-80.16926,40.54874],[-80.1691,40.54855],[-80.16871,40.54836],[-80.16871,40.54825],[-80.16877,40.54818],[-80.16929,40.54809],[-80.171,40.54729],[-80.17125,40.54721],[-80.173,40.54723],[-80.17322,40.54717],[-80.17407,40.54656],[-80.17479,40.54579],[-80.17496,40.54565],[-80.17611,40.54491],[-80.17742,40.54418]]]}},{"type":"Feature","properties":{"name":"Lorish","route":"619904"},"geometry":{"type":"MultiLineString","coordinates":[[[-80.10877,40.45122],[-80.10828,40.45084],[-80.10738,40.44988],[-80.10734,40.44969],[-80.10745,40.44945]]]}},{"type":"Feature","properties":{"name":"Brownsville","route":"505004"},"geometry":{"type":"MultiLineString","coordinates":[[[-79.98819,40.33002],[-79.98821,40.32923],[-79.98797,40.3287],[-79.98706,40.32587],[-79.98711,40.32561],[-79.98729,40.32534]]]}},{"type":"Feature","properties":{"name":"Horning","route":"515200"},"geometry":{"type":"MultiLineString","coordinates":[[[-79.98819,40.33002],[-79.98817,40.33027],[-79.98845,40.33119],[-79.98864,40.33212],[-79.98954,40.33384],[-79.98989,40.33433],[-79.99018,40.33463],[-79.99069,40.33503],[-79.99146,40.33551],[-79.99153,40.33661],[-79.99145,40.33722],[-79.99413,40.33768],[-79.99556,40.33759]]]}},{"type":"Feature","properties":{"name":"Broughton &Cochrans Mill","route":"504501"},"geometry":{"type":"MultiLineString","coordinates":[[[-79.97003,40.29343],[-79.9701,40.29378],[-79.97048,40.2949],[-79.97064,40.29521],[-79.97127,40.29588],[-79.9721,40.29665],[-79.97232,40.29693],[-79.97252,40.2973],[-79.97258,40.29766],[-79.97253,40.29786],[-79.97204,40.29849],[-79.97186,40.29881],[-79.97167,40.29989],[-79.97193,40.30039],[-79.97246,40.30101],[-79.9732,40.30168],[-79.97376,40.30265],[-79.97402,40.30294],[-79.97432,40.30321],[-79.97453,40.30352],[-79.97472,40.3046],[-79.97496,40.30553],[-79.975,40.30616],[-79.97508,40.30651],[-79.97585,40.3079],[-79.97625,40.30873],[-79.97631,40.30893],[-79.97606,40.30955],[-79.97594,40.31025],[-79.97595,40.31051],[-79.97613,40.31085],[-79.977,40.3119],[-79.97714,40.31203],[-79.97799,40.31263],[-79.97835,40.31308],[-79.97843,40.31327],[-79.97847,40.31404],[-79.97843,40.31439],[-79.97815,40.31525],[-79.97778,40.31593],[-79.97774,40.31611],[-79.97778,40.31628],[-79.97827,40.31685],[-79.97932,40.31742],[-79.97971,40.31774],[-79.98014,40.31834],[-79.98046,40.31894],[-79.98077,40.31941],[-79.98103,40.3197],[-79.98178,40.32025],[-79.98345,40.3224],[-79.986,40.32552]],[[-79.986,40.32552],[-79.98618,40.32562],[-79.98634,40.32566],[-79.98674,40.32563]],[[-79.986,40.32552],[-79.98627,40.32588]]]}},{"type":"Feature","properties":{"name":"BETHEL","route":"502803"},"geometry":{"type":"MultiLineString","coordinates":[[[-80.05151,40.33865],[-80.05136,40.33813],[-80.05115,40.33695],[-80.05111,40.33626],[-80.0512,40.3353]],[[-80.05203,40.33984],[-80.05151,40.33865]]]}},{"type":"Feature","properties":{"name":"Swiming Pool","route":"2762NP"},"geometry":{"type":"MultiLineString","coordinates":[[[-79.99656,40.58678],[-79.99386,40.58709],[-79.99348,40.58718],[-79.99246,40.58856],[-79.99229,40.58885],[-79.99225,40.58913],[-79.9923,40.5894],[-79.99238,40.5895],[-79.99271,40.58974],[-79.9929,40.58981],[-79.99338,40.58984],[-79.99451,40.58961],[-79.99496,40.5894],[-79.99533,40.58909],[-79.99599,40.5881],[-79.99633,40.58743],[-79.99656,40.58678]]]}},{"type":"Feature","properties":{"name":"South Ridge","route":"2752NP"},"geometry":{"type":"MultiLineString","coordinates":[[[-79.98997,40.58737],[-79.98981,40.58637],[-79.9896,40.58579],[-79.98946,40.58564],[-79.98927,40.58551],[-79.98882,40.58539],[-79.9886,40.58538],[-79.98828,40.5854],[-79.98707,40.58558],[-79.98685,40.58563],[-79.98664,40.58574],[-79.98629,40.58604],[-79.986,40.58643],[-79.9858,40.58734],[-79.98559,40.58753],[-79.98521,40.58766],[-79.98469,40.58775],[-79.9839,40.58779],[-79.98377,40.58774],[-79.98347,40.58752],[-79.98297,40.58692],[-79.98277,40.58681],[-79.98253,40.58675],[-79.98216,40.58681],[-79.9818,40.58695],[-79.9815,40.58718],[-79.98142,40.5873],[-79.9814,40.5874],[-79.98145,40.58757],[-79.9817,40.58798],[-79.98221,40.58856],[-79.98261,40.58891],[-79.98322,40.58984],[-79.98343,40.59001],[-79.98369,40.59014],[-79.98419,40.59023],[-79.9846,40.59019],[-79.98489,40.59008],[-79.98513,40.58993],[-79.98544,40.58964],[-79.98589,40.58917],[-79.98624,40.58872],[-79.98661,40.58788],[-79.98674,40.58777],[-79.98694,40.58772],[-79.98914,40.58777],[-79.9896,40.58776]],[[-79.99018,40.5877],[-79.99003,40.58754],[-79.98997,40.58737]],[[-79.9896,40.58776],[-79.99018,40.5877]],[[-79.9896,40.58776],[-79.98987,40.58758],[-79.98997,40.58737]],[[-79.9924,40.58866],[-79.99211,40.58873],[-79.99175,40.5887]],[[-79.99175,40.5887],[-79.99049,40.58793],[-79.99018,40.5877]],[[-79.99175,40.5887],[-79.9923,40.5894]]]}},{"type":"Feature","properties":{"name":"South Ridge Connecting","route":"2753NP"},"geometry":{"type":"MultiLineString","coordinates":[[[-79.9839,40.58779],[-79.98389,40.58789],[-79.9842,40.58854],[-79.98473,40.58911],[-79.98527,40.58978]]]}},{"type":"Feature","properties":{"name":"Old Campbells Run","route":"607205"},"geometry":{"type":"MultiLineString","coordinates":[[[-80.11048,40.42542],[-80.11046,40.42526],[-80.11032,40.4252],[-80.10995,40.42527],[-80.10891,40.42518],[-80.10796,40.42516]]]}},{"type":"Feature","properties":{"name":"Saxonburg","route":"227300"},"geometry":{"type":"MultiLineString","coordinates":[[[-79.90511,40.56317],[-79.90511,40.56401]],[[-79.90511,40.56401],[-79.90475,40.56382]],[[-79.90511,40.56401],[-79.90512,40.56452],[-79.90325,40.56476]]]}},{"type":"Feature","properties":{"name":"Glenfield","route":"113502"},"geometry":{"type":"MultiLineString","coordinates":[[[-80.12007,40.55235],[-80.12135,40.54996],[-80.12163,40.54951],[-80.1221,40.5491],[-80.12251,40.54889],[-80.1226,40.54874],[-80.12261,40.54822],[-80.12285,40.54742],[-80.12298,40.5464],[-80.12326,40.5456],[-80.12344,40.54478],[-80.12344,40.54459],[-80.1231,40.54381],[-80.12306,40.54362],[-80.12306,40.54277],[-80.12282,40.54196],[-80.12284,40.54173],[-80.12293,40.54147],[-80.12315,40.54117],[-80.12358,40.54072],[-80.1238,40.54036],[-80.12397,40.53996],[-80.12402,40.53952],[-80.12416,40.53925],[-80.12447,40.53898],[-80.12486,40.53878],[-80.12505,40.53861],[-80.12517,40.53828],[-80.12512,40.53776],[-80.12521,40.53736],[-80.12538,40.53703],[-80.12573,40.53659],[-80.12594,40.53596],[-80.12614,40.53517],[-80.12626,40.535],[-80.12703,40.53425]]]}},{"type":"Feature","properties":{"name":"Glenfield","route":"113503"},"geometry":{"type":"MultiLineString","coordinates":[[[-80.12812,40.53133],[-80.12938,40.52994],[-80.13012,40.52894],[-80.13016,40.52878],[-80.13016,40.52846],[-80.12995,40.5275],[-80.12991,40.52705],[-80.13015,40.52575]]]}},{"type":"Feature","properties":{"name":"Glenfield","route":"113501"},"geometry":{"type":"MultiLineString","coordinates":[[[-80.12703,40.53425],[-80.12728,40.53355],[-80.12731,40.53328],[-80.12729,40.5328],[-80.12737,40.53249],[-80.12768,40.53188],[-80.12812,40.53133]]]}},{"type":"Feature","properties":{"name":"Water Works","route":"132900"},"geometry":{"type":"MultiLineString","coordinates":[[[-80.16865,40.53967],[-80.16823,40.53971],[-80.16792,40.53977],[-80.16728,40.54006],[-80.16674,40.54025],[-80.16497,40.54066],[-80.16441,40.54094],[-80.16373,40.54138],[-80.16343,40.54149],[-80.16276,40.54166],[-80.16258,40.54176],[-80.16144,40.54262],[-80.16103,40.54285],[-80.16075,40.54289],[-80.16027,40.54282],[-80.15917,40.54291],[-80.15872,40.54289],[-80.15762,40.54276],[-80.15675,40.5426],[-80.15653,40.5426],[-80.15628,40.54264],[-80.15587,40.54277],[-80.15551,40.54296],[-80.15534,40.54312],[-80.15471,40.54403],[-80.15435,40.54465],[-80.1543,40.54481],[-80.15429,40.54507],[-80.15418,40.54522],[-80.15406,40.54528],[-80.15324,40.54553],[-80.15244,40.54584],[-80.15001,40.54707],[-80.14955,40.54738],[-80.14906,40.54781],[-80.14901,40.54791],[-80.14897,40.54817]]]}}]}