{"type":"FeatureCollection","features":[{"type":"Feature","properties":{"id":"901","name":"Aleppo Township","type":"township","fips":724},"geometry":{"type":"MultiPolygon","coordinates":[[[[-80.13396,40.5402],[-80.12454,40.53716],[-80.12156,40.53626],[-80.1215,40.53323],[-80.12082,40.526],[-80.12235,40.52592],[-80.12929,40.52575],[-80.13233,40.52576],[-80.13525,40.52567],[-80.13876,40.52553],[-80.14153,40.52525],[-80.14643,40.52532],[-80.14926,40.52529],[-80.15768,40.52842],[-80.15692,40.52914],[-80.1552,40.53031],[-80.1534,40.53115],[-80.15356,40.5327],[-80.15933,40.53352],[-80.15931,40.53324],[-80.16455,40.53309],[-80.16569,40.53312],[-80.16574,40.53619],[-80.16898,40.53615],[-80.16882,40.53689],[-80.16948,40.53703],[-80.16869,40.5396],[-80.16825,40.53946],[-80.16789,40.5395],[-80.16682,40.5402],[-80.165,40.54065],[-80.16441,40.54094],[-80.16373,40.54138],[-80.16314,40.54157],[-80.15974,40.54168],[-80.15974,40.54153],[-80.15735,40.54162],[-80.15732,40.54095],[-80.15118,40.54126],[-80.15046,40.54119],[-80.14918,40.54125],[-80.14916,40.54103],[-80.14641,40.54116],[-80.14592,40.53441],[-80.14043,40.53447],[-80.14031,40.5328],[-80.13321,40.53297],[-80.13348,40.53478],[-80.1346,40.53476],[-80.13463,40.53519],[-80.13271,40.53525],[-80.13396,40.53902],[-80.13396,40.5402]]]]}},{"type":"Feature","properties":{"id":"801","name":"Aspinwall Borough","type":"borough","fips":3320},"geometry":{"type":"MultiPolygon","coordinates":[[[[-79.90141,40.4858],[-79.90735,40.48721],[-79.90766,40.49083],[-79.9077,40.49235],[-79.90933,40.49338],[-79.90912,40.4943],[-79.90877,40.49511],[-79.90878,40.49559],[-79.90787,40.49539],[-79.90809,40.50008],[-79.90223,40.50025],[-79.90221,40.49976],[-79.90215,40.49978],[-79.90214,40.49972],[-79.90179,40.49356],[-79.89863,40.49318],[-79.89682,40.49301],[-79.8969,40.49271],[-79.89697,40.49173],[-79.89717,40.4904],[-79.89761,40.48789],[-79.90157,40.48897],[-79.90141,40.4858]]]]}},{"type":"Feature","properties":{"id":"802","name":"Avalon Borough","type":"borough","fips":3608},"geometry":{"type":"MultiPolygon","coordinates":[[[[-80.06624,40.49098],[-80.06887,40.49371],[-80.07026,40.49483],[-80.075,40.4984],[-80.07493,40.50166],[-80.07534,40.50884],[-80.0685,40.50901],[-80.06681,40.5083],[-80.0616,40.50581],[-80.06131,40.50029],[-80.06091,40.49563],[-80.06093,40.49556],[-80.06109,40.49553],[-80.06145,40.49524],[-80.06199,40.49472],[-80.06216,40.49435],[-80.06256,40.49388],[-80.06301,40.49362],[-80.06385,40.49344],[-80.06414,40.49309],[-80.06624,40.49098]]]]}},{"type":"Feature","properties":{"id":"877","name":"Baldwin Borough","type":"borough","fips":3928},"geometry":{"type":"MultiPolygon","coordinates":[[[[-79.95952,40.39757],[-79.95993,40.39561],[-79.95804,40.39539],[-79.95772,40.38992],[-79.95492,40.38983],[-79.95436,40.38999],[-79.95421,40.39011],[-79.95403,40.39017],[-79.95283,40.39016],[-79.95234,40.3902],[-79.9501,40.39081],[-79.94978,40.39082],[-79.94952,40.39073],[-79.94951,40.39125],[-79.94916,40.39124],[-79.94918,40.39059],[-79.94738,40.39012],[-79.94634,40.39028],[-79.9444,40.39019],[-79.94384,40.38904],[-79.94365,40.38911],[-79.9421,40.38822],[-79.93613,40.38881],[-79.93539,40.38362],[-79.93553,40.38251],[-79.93548,40.38096],[-79.93828,40.38017],[-79.94254,40.37968],[-79.94289,40.37933],[-79.94316,40.37949],[-79.94406,40.37858],[-79.94334,40.37817],[-79.9455,40.37609],[-79.94367,40.37497],[-79.94274,40.37597],[-79.94063,40.37467],[-79.94324,40.37189],[-79.94577,40.36954],[-79.94787,40.36887],[-79.94877,40.36682],[-79.94886,40.36463],[-79.95026,40.36071],[-79.95154,40.35968],[-79.95393,40.35887],[-79.95515,40.3581],[-79.95609,40.35674],[-79.9569,40.35623],[-79.9566,40.35528],[-79.95822,40.35298],[-79.95898,40.35231],[-79.96067,40.35181],[-79.96062,40.35158],[-79.96001,40.3506],[-79.9613,40.35018],[-79.96343,40.3478],[-79.96538,40.34575],[-79.964,40.345],[-79.96675,40.34142],[-79.96676,40.34153],[-79.96688,40.34163],[-79.96698,40.34182],[-79.96734,40.34171],[-79.96828,40.34182],[-79.96939,40.34063],[-79.96909,40.34039],[-79.97475,40.33732],[-79.97588,40.33806],[-79.97808,40.33721],[-79.97644,40.3365],[-79.9767,40.33619],[-79.97808,40.33644],[-79.9787,40.33649],[-79.97959,40.33645],[-79.98033,40.33628],[-79.98079,40.3361],[-79.98157,40.33561],[-79.9843,40.33329],[-79.98536,40.33343],[-79.98538,40.33316],[-79.98527,40.33248],[-79.98558,40.33222],[-79.98554,40.33003],[-79.98542,40.3295],[-79.98672,40.33127],[-79.98989,40.33309],[-79.99451,40.33585],[-79.99628,40.33696],[-79.99868,40.33865],[-80.0016,40.34059],[-80.00563,40.34299],[-80.00662,40.34454],[-80.00678,40.34454],[-80.00853,40.3474],[-80.01067,40.35046],[-80.01093,40.35135],[-80.01041,40.35161],[-80.0105,40.3517],[-80.00945,40.35233],[-80.00917,40.35226],[-80.00904,40.35238],[-80.00739,40.35288],[-80.00677,40.35233],[-80.00537,40.35286],[-80.00311,40.3508],[-80.00343,40.35064],[-80.00352,40.35075],[-80.00379,40.35063],[-80.00371,40.3505],[-80.00418,40.35032],[-80.00391,40.34999],[-80.00415,40.34988],[-80.00372,40.34937],[-80.00428,40.34941],[-80.00413,40.34817],[-79.99974,40.3502],[-79.9993,40.35035],[-79.99931,40.35038],[-79.99824,40.35064],[-79.9982,40.35058],[-79.99748,40.35067],[-79.99748,40.35071],[-79.99741,40.35072],[-79.99598,40.35072],[-79.99547,40.35067],[-79.99492,40.35045],[-79.99078,40.34987],[-79.99009,40.3497],[-79.98926,40.34938],[-79.98846,40.34891],[-79.98781,40.34835],[-79.98615,40.34616],[-79.98581,40.3458],[-79.98529,40.34547],[-79.98463,40.34526],[-79.98122,40.34475],[-79.98119,40.34481],[-79.97775,40.34442],[-79.97578,40.34457],[-79.97564,40.345],[-79.97314,40.34562],[-79.97382,40.34714],[-79.9743,40.34787],[-79.97593,40.3495],[-79.97646,40.35015],[-79.97668,40.35051],[-79.97549,40.35041],[-79.97416,40.35038],[-79.97142,40.35208],[-79.97284,40.35379],[-79.97136,40.35541],[-79.96946,40.3577],[-79.96843,40.35635],[-79.96528,40.35779],[-79.96582,40.3584],[-79.96661,40.36053],[-79.96784,40.36257],[-79.96804,40.36307],[-79.96811,40.36343],[-79.96773,40.36339],[-79.966,40.36509],[-79.96433,40.36343],[-79.95891,40.36431],[-79.96448,40.36971],[-79.9621,40.3707],[-79.96163,40.37154],[-79.96423,40.37431],[-79.96402,40.37448],[-79.96509,40.37568],[-79.96277,40.37885],[-79.96414,40.37941],[-79.96579,40.38023],[-79.96676,40.3806],[-79.96653,40.38121],[-79.96843,40.38188],[-79.96877,40.38213],[-79.96907,40.38261],[-79.96922,40.38335],[-79.96926,40.3858],[-79.97103,40.38579],[-79.97408,40.3848],[-79.97576,40.38722],[-79.97542,40.38829],[-79.97308,40.38871],[-79.97345,40.39227],[-79.97304,40.39247],[-79.97323,40.39279],[-79.97364,40.39276],[-79.97391,40.39344],[-79.97579,40.39313],[-79.9794,40.39905],[-79.97991,40.39971],[-79.98008,40.40052],[-79.97984,40.4014],[-79.97962,40.4018],[-79.9763,40.40396],[-79.97595,40.40404],[-79.97588,40.4042],[-79.97531,40.4045],[-79.97485,40.40464],[-79.97314,40.40488],[-79.97261,40.40482],[-79.97223,40.40503],[-79.96932,40.40549],[-79.96889,40.40565],[-79.96646,40.40702],[-79.96521,40.40798],[-79.96526,40.40834],[-79.96442,40.40918],[-79.96377,40.40951],[-79.96359,40.40949],[-79.96283,40.40968],[-79.962,40.40968],[-79.96055,40.40983],[-79.96015,40.40992],[-79.9597,40.40991],[-79.95949,40.40976],[-79.95906,40.40979],[-79.9583,40.40998],[-79.95781,40.41035],[-79.95727,40.41056],[-79.95679,40.41064],[-79.95637,40.41064],[-79.95598,40.41048],[-79.95567,40.41053],[-79.95296,40.41067],[-79.95262,40.40886],[-79.9522,40.40725],[-79.95162,40.40538],[-79.95085,40.40376],[-79.94992,40.40241],[-79.94903,40.40131],[-79.94814,40.40043],[-79.94681,40.39936],[-79.9455,40.39847],[-79.94394,40.39778],[-79.94259,40.39734],[-79.94111,40.39714],[-79.93776,40.39696],[-79.9375,40.39567],[-79.93712,40.39527],[-79.93672,40.39517],[-79.9388,40.39503],[-79.93816,40.39299],[-79.94387,40.39418],[-79.94439,40.39441],[-79.94531,40.39494],[-79.94494,40.39542],[-79.94608,40.39591],[-79.94738,40.39692],[-79.95061,40.39963],[-79.95106,40.40025],[-79.95152,40.40004],[-79.95284,40.40171],[-79.95256,40.40219],[-79.95293,40.40268],[-79.95321,40.40253],[-79.9535,40.40321],[-79.95329,40.40326],[-79.95492,40.40685],[-79.95604,40.40662],[-79.95597,40.40689],[-79.95629,40.4072],[-79.95663,40.40778],[-79.95665,40.40824],[-79.95612,40.40912],[-79.95621,40.40944],[-79.95613,40.41032],[-79.95659,40.41035],[-79.95905,40.40975],[-79.95907,40.40907],[-79.9593,40.40906],[-79.95932,40.40874],[-79.9601,40.40876],[-79.9604,40.40777],[-79.96049,40.40778],[-79.96091,40.40757],[-79.96136,40.40809],[-79.96223,40.40816],[-79.96303,40.40789],[-79.96357,40.4088],[-79.96389,40.40875],[-79.96589,40.40724],[-79.97011,40.40476],[-79.97074,40.40347],[-79.97096,40.40343],[-79.97087,40.40326],[-79.97087,40.40282],[-79.96906,40.40048],[-79.9648,40.3997],[-79.96391,40.39972],[-79.96348,40.39834],[-79.96298,40.39807],[-79.96257,40.39795],[-79.96098,40.39782],[-79.95952,40.39757]]]]}},{"type":"Feature","properties":{"id":"902","name":"Baldwin Township","type":"township","fips":3932},"geometry":{"type":"MultiPolygon","coordinates":[[[[-80.0214,40.38817],[-80.01816,40.38646],[-80.01709,40.38632],[-80.0164,40.38515],[-80.01492,40.38608],[-80.01382,40.38657],[-80.01357,40.3861],[-80.01361,40.38571],[-80.01425,40.38578],[-80.01339,40.38349],[-80.01249,40.38341],[-80.01258,40.38308],[-80.01232,40.38304],[-80.01233,40.38298],[-80.01318,40.38284],[-80.01258,40.3809],[-80.01039,40.38045],[-80.01003,40.38093],[-80.00904,40.38103],[-80.00895,40.38117],[-80.00884,40.38116],[-80.00835,40.38093],[-80.008,40.38091],[-80.00763,40.38118],[-80.00735,40.38096],[-80.00716,40.38154],[-80.00768,40.38302],[-80.00512,40.38389],[-80.00366,40.38205],[-80.00334,40.38118],[-80.00174,40.37971],[-80.00219,40.37931],[-80.00278,40.37892],[-80.00425,40.37811],[-80.00473,40.37774],[-80.00537,40.37704],[-80.00608,40.37554],[-80.00631,40.3752],[-80.00664,40.37486],[-80.00747,40.37499],[-80.00786,40.375],[-80.00792,40.37667],[-80.00787,40.37672],[-80.0079,40.37825],[-80.01319,40.37964],[-80.01409,40.37858],[-80.01498,40.37894],[-80.0154,40.3786],[-80.01683,40.37685],[-80.01368,40.37661],[-80.01236,40.37575],[-80.01191,40.37612],[-80.01076,40.37537],[-80.01121,40.37509],[-80.01126,40.37497],[-80.01404,40.37233],[-80.01482,40.37301],[-80.01594,40.3743],[-80.01912,40.37603],[-80.02122,40.3766],[-80.02271,40.37714],[-80.02346,40.37747],[-80.02276,40.38077],[-80.02017,40.38374],[-80.02022,40.38671],[-80.02313,40.38712],[-80.02228,40.38816],[-80.02169,40.38785],[-80.0214,40.38817]]]]}},{"type":"Feature","properties":{"id":"883","name":"Bell Acres Borough","type":"borough","fips":5216},"geometry":{"type":"MultiPolygon","coordinates":[[[[-80.18651,40.56891],[-80.1894,40.57135],[-80.19196,40.57374],[-80.19616,40.57752],[-80.19756,40.57875],[-80.19778,40.57888],[-80.19929,40.58029],[-80.20478,40.58508],[-80.20708,40.58715],[-80.20798,40.58808],[-80.20736,40.58821],[-80.20628,40.58813],[-80.20587,40.58818],[-80.20417,40.58858],[-80.20393,40.58884],[-80.20378,40.58911],[-80.20375,40.58933],[-80.20356,40.58951],[-80.20286,40.58993],[-80.20213,40.59094],[-80.20081,40.59145],[-80.20006,40.59193],[-80.19926,40.59216],[-80.19892,40.59233],[-80.19846,40.59267],[-80.19653,40.59478],[-80.19608,40.59513],[-80.19535,40.59586],[-80.19519,40.59625],[-80.19518,40.59646],[-80.19499,40.59673],[-80.19482,40.59681],[-80.19409,40.59682],[-80.19328,40.59694],[-80.19298,40.5969],[-80.19174,40.59646],[-80.19024,40.59619],[-80.18844,40.5963],[-80.18707,40.59611],[-80.18653,40.59613],[-80.18621,40.5963],[-80.18591,40.59658],[-80.18545,40.59672],[-80.18516,40.59672],[-80.18454,40.59684],[-80.18433,40.59693],[-80.18416,40.59715],[-80.18419,40.59733],[-80.18501,40.59804],[-80.18801,40.59919],[-80.18845,40.59945],[-80.18872,40.59976],[-80.18848,40.60005],[-80.1874,40.60055],[-80.18642,40.60083],[-80.18405,40.60114],[-80.18387,40.60132],[-80.1839,40.60148],[-80.18423,40.60212],[-80.18472,40.60265],[-80.18486,40.6031],[-80.18475,40.60363],[-80.18442,40.60415],[-80.18387,40.60474],[-80.18184,40.60585],[-80.18113,40.6068],[-80.18057,40.60734],[-80.18054,40.60825],[-80.18025,40.60858],[-80.18075,40.60911],[-80.18013,40.60949],[-80.17987,40.6095],[-80.17964,40.60935],[-80.17911,40.60919],[-80.17897,40.60921],[-80.17844,40.60945],[-80.17788,40.60949],[-80.17777,40.6092],[-80.1776,40.60905],[-80.17722,40.60881],[-80.17699,40.60873],[-80.17682,40.60859],[-80.17629,40.60834],[-80.17627,40.60823],[-80.17603,40.60812],[-80.17528,40.60823],[-80.17483,40.60804],[-80.1742,40.60789],[-80.17372,40.60771],[-80.17356,40.60774],[-80.17316,40.6079],[-80.17227,40.60806],[-80.17202,40.60816],[-80.17101,40.608],[-80.17084,40.60778],[-80.17062,40.60769],[-80.17009,40.60781],[-80.16993,40.60772],[-80.16958,40.60731],[-80.16957,40.60718],[-80.16986,40.60693],[-80.16975,40.6068],[-80.16939,40.60663],[-80.16897,40.60658],[-80.16845,40.60666],[-80.16803,40.60688],[-80.16786,40.60688],[-80.16777,40.60683],[-80.16769,40.60669],[-80.16694,40.60672],[-80.16682,40.60668],[-80.16679,40.60633],[-80.1663,40.60633],[-80.16591,40.60605],[-80.16579,40.60604],[-80.16509,40.60636],[-80.16504,40.60642],[-80.16499,40.60678],[-80.16485,40.60697],[-80.16466,40.60707],[-80.16418,40.6072],[-80.16402,40.6073],[-80.16349,40.60772],[-80.16329,40.60781],[-80.1627,40.60835],[-80.16083,40.6095],[-80.16038,40.60961],[-80.16021,40.6096],[-80.1587,40.60929],[-80.15865,40.60525],[-80.13377,40.58825],[-80.13813,40.58817],[-80.14366,40.58819],[-80.15602,40.58794],[-80.15539,40.57778],[-80.15614,40.57752],[-80.15664,40.57707],[-80.15777,40.57698],[-80.17053,40.57622],[-80.18152,40.57613],[-80.18145,40.57332],[-80.18124,40.57023],[-80.18102,40.56462],[-80.18143,40.56438],[-80.18651,40.56891]]]]}},{"type":"Feature","properties":{"id":"803","name":"Bellevue Borough","type":"borough","fips":5312},"geometry":{"type":"MultiPolygon","coordinates":[[[[-80.04645,40.48723],[-80.04645,40.48717],[-80.04668,40.48703],[-80.04683,40.48717],[-80.04793,40.48631],[-80.04817,40.48638],[-80.04858,40.48643],[-80.05015,40.48523],[-80.05012,40.48513],[-80.04983,40.48489],[-80.05001,40.48465],[-80.05318,40.48218],[-80.05464,40.48298],[-80.05932,40.48615],[-80.06152,40.48749],[-80.0636,40.48894],[-80.06624,40.49098],[-80.06414,40.49309],[-80.06385,40.49344],[-80.06301,40.49362],[-80.06256,40.49388],[-80.06216,40.49435],[-80.06199,40.49472],[-80.06109,40.49553],[-80.06093,40.49556],[-80.06131,40.50029],[-80.0616,40.50581],[-80.05984,40.50652],[-80.05939,40.50676],[-80.05901,40.50706],[-80.05871,40.50741],[-80.0583,40.50819],[-80.05342,40.50541],[-80.05119,40.50407],[-80.04795,40.50226],[-80.04912,40.50034],[-80.05001,40.49869],[-80.05132,40.49647],[-80.04844,40.49583],[-80.04823,40.49574],[-80.04779,40.4953],[-80.04733,40.49507],[-80.04712,40.49499],[-80.04635,40.49495],[-80.04602,40.49488],[-80.04553,40.49444],[-80.04532,40.49401],[-80.0453,40.49393],[-80.04541,40.49377],[-80.04525,40.49336],[-80.04526,40.49324],[-80.04468,40.49221],[-80.04464,40.49148],[-80.0451,40.49034],[-80.04548,40.49025],[-80.04554,40.49017],[-80.04558,40.48995],[-80.04543,40.4895],[-80.04513,40.48906],[-80.04519,40.48891],[-80.0454,40.48851],[-80.04563,40.48831],[-80.0464,40.48784],[-80.04648,40.48753],[-80.04645,40.48723]]]]}},{"type":"Feature","properties":{"id":"804","name":"Ben Avon Borough","type":"borough","fips":5504},"geometry":{"type":"MultiPolygon","coordinates":[[[[-80.07534,40.50884],[-80.07493,40.50166],[-80.075,40.4984],[-80.07626,40.49934],[-80.0778,40.50019],[-80.07956,40.50084],[-80.08145,40.50145],[-80.08391,40.50197],[-80.08767,40.50262],[-80.08951,40.50321],[-80.08812,40.50554],[-80.08803,40.50558],[-80.0881,40.50705],[-80.0887,40.50809],[-80.08871,40.50944],[-80.08885,40.50967],[-80.08831,40.51025],[-80.08823,40.51022],[-80.08816,40.51031],[-80.08792,40.51023],[-80.08756,40.51067],[-80.08769,40.51074],[-80.08569,40.511],[-80.08545,40.51075],[-80.08449,40.5103],[-80.08359,40.51019],[-80.08267,40.51138],[-80.0814,40.51141],[-80.08129,40.5113],[-80.08074,40.51131],[-80.08074,40.51153],[-80.08052,40.51154],[-80.08052,40.51225],[-80.07797,40.511],[-80.07851,40.51017],[-80.07753,40.50946],[-80.07534,40.50884]]]]}},{"type":"Feature","properties":{"id":"805","name":"Ben Avon Heights Borough","type":"borough","fips":5520},"geometry":{"type":"MultiPolygon","coordinates":[[[[-80.06952,40.509],[-80.07534,40.50884],[-80.07548,40.51196],[-80.07578,40.51181],[-80.07679,40.51148],[-80.07852,40.51459],[-80.07901,40.51517],[-80.07152,40.51532],[-80.07023,40.51539],[-80.0688,40.51539],[-80.06849,40.51074],[-80.06921,40.51108],[-80.07008,40.51179],[-80.07046,40.51191],[-80.07135,40.51201],[-80.06952,40.509]]]]}},{"type":"Feature","properties":{"id":"876","name":"Bethel Park Municipality","type":"municipality","fips":6064},"geometry":{"type":"MultiPolygon","coordinates":[[[[-80.01709,40.35904],[-80.01166,40.35205],[-80.01148,40.35175],[-80.01141,40.35049],[-80.01067,40.35046],[-80.00853,40.3474],[-80.00678,40.34454],[-80.00662,40.34454],[-80.00563,40.34299],[-80.0016,40.34059],[-79.99808,40.33823],[-80.01549,40.31179],[-80.01951,40.3058],[-80.0196,40.30587],[-80.02046,40.30467],[-80.02054,40.30471],[-80.02093,40.30408],[-80.02077,40.30405],[-80.02109,40.30353],[-80.02076,40.30339],[-80.02143,40.30273],[-80.02136,40.30254],[-80.02101,40.30222],[-80.02294,40.30088],[-80.02327,40.30059],[-80.02384,40.2984],[-80.02397,40.29824],[-80.02494,40.29782],[-80.02511,40.29779],[-80.02554,40.29789],[-80.02683,40.29484],[-80.02926,40.29298],[-80.03039,40.29202],[-80.03048,40.292],[-80.03202,40.28968],[-80.03327,40.28755],[-80.03796,40.28903],[-80.04347,40.29068],[-80.06244,40.29622],[-80.06759,40.29783],[-80.07402,40.29972],[-80.07096,40.30609],[-80.0694,40.30981],[-80.0677,40.3141],[-80.06601,40.31816],[-80.06582,40.31876],[-80.06465,40.32148],[-80.06278,40.32624],[-80.05997,40.33262],[-80.05875,40.33579],[-80.05757,40.33968],[-80.0567,40.34175],[-80.05594,40.34211],[-80.05652,40.34283],[-80.05591,40.34312],[-80.05601,40.34325],[-80.05469,40.34654],[-80.05358,40.34901],[-80.05288,40.35074],[-80.04193,40.35288],[-80.03969,40.35179],[-80.03788,40.35362],[-80.03377,40.35446],[-80.03337,40.35526],[-80.02824,40.35593],[-80.02848,40.35707],[-80.02268,40.35746],[-80.0229,40.35909],[-80.0223,40.35929],[-80.01709,40.35904]]]]}},{"type":"Feature","properties":{"id":"806","name":"Blawnox Borough","type":"borough","fips":7000},"geometry":{"type":"MultiPolygon","coordinates":[[[[-79.85112,40.49361],[-79.85312,40.49183],[-79.85654,40.48898],[-79.85779,40.4881],[-79.85914,40.48724],[-79.86117,40.48636],[-79.86278,40.48582],[-79.8655,40.48508],[-79.86563,40.48681],[-79.86583,40.49338],[-79.86551,40.49339],[-79.86581,40.49416],[-79.86587,40.49557],[-79.86278,40.49704],[-79.86281,40.49766],[-79.86211,40.49767],[-79.86204,40.49747],[-79.86134,40.49748],[-79.86134,40.49744],[-79.86077,40.49746],[-79.86077,40.49755],[-79.86005,40.49756],[-79.86006,40.49767],[-79.85922,40.4977],[-79.85918,40.49644],[-79.85687,40.49818],[-79.85355,40.49566],[-79.85112,40.49361]]]]}},{"type":"Feature","properties":{"id":"807","name":"Brackenridge Borough","type":"borough","fips":7976},"geometry":{"type":"MultiPolygon","coordinates":[[[[-79.73317,40.60314],[-79.73605,40.60206],[-79.73809,40.6015],[-79.74125,40.60078],[-79.74636,40.6051],[-79.75106,40.60886],[-79.74922,40.60995],[-79.74961,40.61131],[-79.74799,40.61154],[-79.74718,40.61106],[-79.74531,40.61254],[-79.74451,40.61311],[-79.74354,40.61363],[-79.73874,40.61569],[-79.73629,40.61352],[-79.73606,40.61329],[-79.73581,40.61289],[-79.73567,40.61227],[-79.73551,40.60894],[-79.73519,40.608],[-79.73357,40.60854],[-79.73367,40.60658],[-79.7345,40.60637],[-79.73358,40.60435],[-79.73317,40.60314]]]]}},{"type":"Feature","properties":{"id":"808","name":"Braddock Borough","type":"borough","fips":7992},"geometry":{"type":"MultiPolygon","coordinates":[[[[-79.86411,40.39228],[-79.86661,40.39355],[-79.869,40.39514],[-79.87098,40.39666],[-79.87285,40.39825],[-79.87672,40.40219],[-79.87944,40.40424],[-79.87461,40.40754],[-79.87158,40.41157],[-79.87102,40.41193],[-79.86636,40.40802],[-79.8658,40.40738],[-79.86561,40.407],[-79.8655,40.40651],[-79.86551,40.40445],[-79.86545,40.40395],[-79.8652,40.40326],[-79.86474,40.40262],[-79.86402,40.40198],[-79.8603,40.39906],[-79.85961,40.39863],[-79.85885,40.3983],[-79.86411,40.39228]]]]}},{"type":"Feature","properties":{"id":"872","name":"Braddock Hills Borough","type":"borough","fips":8008},"geometry":{"type":"MultiPolygon","coordinates":[[[[-79.86885,40.43222],[-79.86943,40.43201],[-79.87007,40.4319],[-79.87051,40.43192],[-79.87113,40.43206],[-79.87157,40.43176],[-79.87046,40.42994],[-79.87087,40.42937],[-79.87116,40.42866],[-79.87121,40.4284],[-79.87105,40.42759],[-79.87236,40.42691],[-79.87203,40.42664],[-79.87172,40.42646],[-79.86942,40.42563],[-79.86899,40.42533],[-79.86868,40.42489],[-79.86829,40.42385],[-79.86797,40.42345],[-79.86656,40.42289],[-79.86414,40.42249],[-79.86175,40.42172],[-79.86146,40.42162],[-79.8597,40.42073],[-79.85821,40.42111],[-79.85453,40.41955],[-79.85152,40.41838],[-79.85262,40.41679],[-79.8505,40.41577],[-79.8499,40.41556],[-79.85001,40.41535],[-79.84992,40.41462],[-79.85068,40.41433],[-79.84987,40.41393],[-79.84904,40.41171],[-79.85088,40.41051],[-79.85296,40.40898],[-79.86055,40.40903],[-79.86094,40.41175],[-79.86436,40.41141],[-79.86453,40.4114],[-79.86463,40.41145],[-79.86952,40.41405],[-79.86918,40.41428],[-79.86799,40.41454],[-79.86769,40.41513],[-79.86877,40.41592],[-79.87011,40.41641],[-79.87068,40.41681],[-79.87116,40.41688],[-79.87199,40.41669],[-79.87208,40.4174],[-79.8724,40.41784],[-79.874,40.4207],[-79.87397,40.42156],[-79.87382,40.42222],[-79.87341,40.42306],[-79.87389,40.42384],[-79.87506,40.42629],[-79.87582,40.42809],[-79.87516,40.42837],[-79.87509,40.42898],[-79.87375,40.43074],[-79.87334,40.43205],[-79.87261,40.43296],[-79.87222,40.43376],[-79.87192,40.43369],[-79.872,40.43355],[-79.86885,40.43222]]]]}},{"type":"Feature","properties":{"id":"809","name":"Bradford Woods Borough","type":"borough","fips":8064},"geometry":{"type":"MultiPolygon","coordinates":[[[[-80.07958,40.64231],[-80.07746,40.64241],[-80.06978,40.64258],[-80.06936,40.63288],[-80.07893,40.63261],[-80.07866,40.62972],[-80.08423,40.62952],[-80.08842,40.62932],[-80.08874,40.63581],[-80.09628,40.6355],[-80.09651,40.63834],[-80.08885,40.63862],[-80.08892,40.64086],[-80.08752,40.64091],[-80.08757,40.64202],[-80.08227,40.64217],[-80.08255,40.64316],[-80.08269,40.64396],[-80.08313,40.64506],[-80.08317,40.64602],[-80.08171,40.64595],[-80.08057,40.64567],[-80.07969,40.6451],[-80.07958,40.64231]]]]}},{"type":"Feature","properties":{"id":"810","name":"Brentwood Borough","type":"borough","fips":8416},"geometry":{"type":"MultiPolygon","coordinates":[[[[-79.96448,40.36971],[-79.96961,40.36748],[-79.97112,40.36676],[-79.97485,40.3643],[-79.98177,40.36119],[-79.98239,40.36086],[-79.98269,40.36152],[-79.98335,40.36257],[-79.98692,40.36226],[-79.98772,40.36201],[-79.98886,40.36395],[-79.98782,40.36556],[-79.98499,40.36823],[-79.9859,40.36942],[-79.98617,40.37026],[-79.98477,40.37212],[-79.98694,40.37509],[-79.98542,40.37674],[-79.98571,40.37723],[-79.98619,40.37754],[-79.98582,40.37825],[-79.98335,40.38152],[-79.98276,40.38149],[-79.98192,40.38066],[-79.97908,40.38161],[-79.97807,40.38185],[-79.9777,40.38178],[-79.97753,40.38163],[-79.97739,40.38133],[-79.97686,40.38116],[-79.97671,40.38115],[-79.97615,40.38131],[-79.9769,40.38295],[-79.97769,40.38419],[-79.97651,40.38541],[-79.97408,40.3848],[-79.97103,40.38579],[-79.96926,40.3858],[-79.96922,40.38335],[-79.96907,40.38261],[-79.96877,40.38213],[-79.96843,40.38188],[-79.96653,40.38121],[-79.96676,40.3806],[-79.96579,40.38023],[-79.96414,40.37941],[-79.96277,40.37885],[-79.96509,40.37568],[-79.96402,40.37448],[-79.96423,40.37431],[-79.96163,40.37154],[-79.9621,40.3707],[-79.96448,40.36971]]]]}},{"type":"Feature","properties":{"id":"811","name":"Bridgeville Borough","type":"borough","fips":8624},"geometry":{"type":"MultiPolygon","coordinates":[[[[-80.09469,40.36433],[-80.09476,40.3642],[-80.09542,40.36384],[-80.09527,40.36336],[-80.09519,40.36338],[-80.09513,40.36322],[-80.09536,40.36317],[-80.09496,40.3627],[-80.09539,40.3621],[-80.09777,40.35753],[-80.09904,40.35759],[-80.09866,40.3571],[-80.0982,40.35701],[-80.09693,40.35643],[-80.09624,40.35627],[-80.09539,40.35631],[-80.09525,40.3554],[-80.08769,40.35239],[-80.08993,40.35058],[-80.09023,40.35044],[-80.09207,40.35176],[-80.09562,40.35327],[-80.09798,40.35016],[-80.09877,40.34968],[-80.09909,40.34956],[-80.09971,40.34942],[-80.10246,40.34939],[-80.10245,40.34932],[-80.10395,40.34914],[-80.10451,40.34893],[-80.10618,40.3488],[-80.10686,40.35005],[-80.1075,40.35088],[-80.10818,40.35143],[-80.11013,40.35157],[-80.10988,40.3519],[-80.11007,40.35235],[-80.11029,40.35263],[-80.11086,40.35311],[-80.11155,40.35354],[-80.11267,40.35435],[-80.11368,40.35492],[-80.11539,40.35578],[-80.11762,40.35791],[-80.11803,40.35814],[-80.11866,40.35818],[-80.11934,40.35813],[-80.11977,40.35823],[-80.12,40.35833],[-80.12039,40.35879],[-80.12055,40.35903],[-80.12063,40.35931],[-80.12161,40.36031],[-80.11936,40.36274],[-80.11853,40.36341],[-80.11721,40.36745],[-80.11336,40.3668],[-80.1136,40.3663],[-80.11361,40.36564],[-80.11341,40.36536],[-80.11271,40.36488],[-80.1119,40.36446],[-80.11023,40.36387],[-80.1099,40.36379],[-80.10859,40.36366],[-80.10762,40.36336],[-80.10696,40.3633],[-80.10652,40.36338],[-80.10559,40.36346],[-80.10442,40.36374],[-80.10429,40.36369],[-80.10396,40.36328],[-80.10383,40.36318],[-80.10343,40.36315],[-80.10319,40.36318],[-80.10259,40.36339],[-80.10175,40.36355],[-80.09957,40.36347],[-80.09872,40.36361],[-80.09761,40.36366],[-80.09658,40.36377],[-80.09579,40.36404],[-80.09529,40.36414],[-80.09469,40.36433]]]]}},{"type":"Feature","properties":{"id":"812","name":"Carnegie Borough","type":"borough","fips":11336},"geometry":{"type":"MultiPolygon","coordinates":[[[[-80.07948,40.41483],[-80.07905,40.41419],[-80.07896,40.41386],[-80.07907,40.41356],[-80.07931,40.41335],[-80.07953,40.41327],[-80.08102,40.41283],[-80.07679,40.40998],[-80.07329,40.4078],[-80.07026,40.40641],[-80.06924,40.40483],[-80.06896,40.40426],[-80.06867,40.4034],[-80.06835,40.40287],[-80.06794,40.40259],[-80.0677,40.40206],[-80.06766,40.40174],[-80.06732,40.40101],[-80.06967,40.39857],[-80.07435,40.3992],[-80.07988,40.39988],[-80.07992,40.39923],[-80.08669,40.39874],[-80.08698,40.40327],[-80.08712,40.40294],[-80.0874,40.40267],[-80.08807,40.40237],[-80.08969,40.40184],[-80.09064,40.40143],[-80.09232,40.40137],[-80.09526,40.4006],[-80.09692,40.40044],[-80.09777,40.40027],[-80.09855,40.39999],[-80.09951,40.4082],[-80.09999,40.41166],[-80.09724,40.41616],[-80.09834,40.417],[-80.09786,40.41728],[-80.09801,40.41736],[-80.09831,40.41777],[-80.09883,40.41817],[-80.09276,40.42003],[-80.092,40.42023],[-80.08937,40.41844],[-80.08847,40.41889],[-80.08595,40.41696],[-80.08443,40.41751],[-80.07948,40.41483]]]]}},{"type":"Feature","properties":{"id":"813","name":"Castle Shannon Borough","type":"borough","fips":11680},"geometry":{"type":"MultiPolygon","coordinates":[[[[-80.00664,40.37486],[-80.00561,40.37469],[-80.00498,40.37447],[-80.00414,40.37398],[-80.00378,40.3744],[-80.00285,40.37455],[-80.00159,40.37485],[-80.00081,40.37104],[-80.00354,40.36941],[-80.00795,40.36665],[-80.00488,40.3648],[-80.00957,40.36035],[-80.01111,40.36199],[-80.01277,40.36194],[-80.01596,40.35986],[-80.01629,40.35955],[-80.01641,40.359],[-80.0223,40.35929],[-80.0229,40.35909],[-80.02268,40.35746],[-80.02848,40.35707],[-80.02824,40.35593],[-80.03508,40.35507],[-80.03667,40.355],[-80.03626,40.35622],[-80.03709,40.35637],[-80.03572,40.36081],[-80.03355,40.36269],[-80.03321,40.36213],[-80.03291,40.36195],[-80.031,40.36117],[-80.03037,40.36224],[-80.03282,40.36331],[-80.03255,40.36355],[-80.03841,40.36878],[-80.03791,40.36905],[-80.03424,40.36983],[-80.03358,40.37025],[-80.03308,40.36979],[-80.03194,40.37042],[-80.03022,40.36928],[-80.02831,40.36826],[-80.02791,40.36798],[-80.02758,40.36816],[-80.02419,40.36907],[-80.02172,40.36958],[-80.01844,40.37172],[-80.02246,40.37523],[-80.02122,40.3766],[-80.01912,40.37603],[-80.01594,40.3743],[-80.01482,40.37301],[-80.01404,40.37233],[-80.01126,40.37497],[-80.01121,40.37509],[-80.01076,40.37537],[-80.01191,40.37612],[-80.01236,40.37575],[-80.01368,40.37661],[-80.01683,40.37685],[-80.0154,40.3786],[-80.01498,40.37894],[-80.01409,40.37858],[-80.01319,40.37964],[-80.0079,40.37825],[-80.00787,40.37672],[-80.00792,40.37667],[-80.00786,40.375],[-80.00747,40.37499],[-80.00664,40.37486]]]]}},{"type":"Feature","properties":{"id":"814","name":"Chalfant Borough","type":"borough","fips":12496},"geometry":{"type":"MultiPolygon","coordinates":[[[[-79.84313,40.40924],[-79.83898,40.41488],[-79.83847,40.41507],[-79.83722,40.41306],[-79.83443,40.4104],[-79.83396,40.40947],[-79.83897,40.4058],[-79.84313,40.40924]]]]}},{"type":"Feature","properties":{"id":"815","name":"Cheswick Borough","type":"borough","fips":13392},"geometry":{"type":"MultiPolygon","coordinates":[[[[-79.79506,40.54539],[-79.79472,40.53844],[-79.79479,40.53579],[-79.79754,40.53624],[-79.79982,40.53682],[-79.80253,40.53726],[-79.80501,40.53746],[-79.80757,40.53729],[-79.80755,40.54013],[-79.80785,40.54892],[-79.80258,40.54909],[-79.79867,40.54913],[-79.79795,40.54852],[-79.79704,40.54799],[-79.79526,40.54727],[-79.79506,40.54539]]]]}},{"type":"Feature","properties":{"id":"816","name":"Churchill Borough","type":"borough","fips":13608},"geometry":{"type":"MultiPolygon","coordinates":[[[[-79.84712,40.45056],[-79.84433,40.44965],[-79.8437,40.45073],[-79.84023,40.4498],[-79.83535,40.44508],[-79.82952,40.44432],[-79.8294,40.4447],[-79.82837,40.44436],[-79.82761,40.44507],[-79.82732,40.445],[-79.82814,40.44168],[-79.82472,40.44091],[-79.82496,40.43999],[-79.82615,40.43908],[-79.82238,40.43559],[-79.82191,40.43464],[-79.82115,40.43419],[-79.82097,40.43388],[-79.821,40.43361],[-79.82089,40.43331],[-79.82105,40.43292],[-79.8223,40.43171],[-79.82338,40.43087],[-79.82458,40.43057],[-79.82481,40.43129],[-79.82558,40.43151],[-79.82703,40.43202],[-79.82883,40.4314],[-79.82895,40.4313],[-79.83001,40.43092],[-79.83005,40.43082],[-79.8292,40.42932],[-79.82775,40.42969],[-79.82643,40.42571],[-79.82812,40.42538],[-79.8288,40.42585],[-79.82969,40.42318],[-79.83132,40.42295],[-79.83096,40.42392],[-79.82992,40.4275],[-79.83063,40.42853],[-79.83181,40.43045],[-79.83256,40.43031],[-79.83304,40.4294],[-79.83373,40.42873],[-79.83389,40.42771],[-79.83456,40.42867],[-79.84389,40.42813],[-79.84484,40.42931],[-79.84716,40.42857],[-79.84852,40.43009],[-79.84886,40.43066],[-79.84887,40.43106],[-79.8488,40.43141],[-79.84835,40.43282],[-79.8483,40.43317],[-79.84833,40.43344],[-79.84853,40.43378],[-79.85201,40.43688],[-79.85604,40.43382],[-79.86135,40.43844],[-79.86148,40.43825],[-79.86512,40.43746],[-79.86284,40.43867],[-79.86161,40.4394],[-79.8621,40.44154],[-79.85789,40.44287],[-79.8585,40.44517],[-79.85405,40.44582],[-79.85422,40.45283],[-79.85321,40.45247],[-79.84712,40.45056]]]]}},{"type":"Feature","properties":{"id":"200","name":"City of Clairton","type":"city","fips":13704},"geometry":{"type":"MultiPolygon","coordinates":[[[[-79.89601,40.31887],[-79.89501,40.31779],[-79.89149,40.31476],[-79.88451,40.31158],[-79.88058,40.31019],[-79.87843,40.30965],[-79.87656,40.30884],[-79.87509,40.30792],[-79.8734,40.30654],[-79.87157,40.30516],[-79.86974,40.30351],[-79.86846,40.30201],[-79.86778,40.30024],[-79.86731,40.29831],[-79.8671,40.296],[-79.86733,40.29442],[-79.86775,40.29263],[-79.86832,40.29115],[-79.87069,40.2879],[-79.87209,40.28662],[-79.87363,40.28549],[-79.87503,40.2842],[-79.87618,40.2836],[-79.87832,40.28504],[-79.88013,40.28538],[-79.88204,40.28342],[-79.88356,40.28298],[-79.88835,40.2832],[-79.8927,40.28092],[-79.89792,40.28101],[-79.90047,40.28323],[-79.90032,40.28643],[-79.89991,40.29182],[-79.90036,40.2956],[-79.89926,40.29587],[-79.89831,40.29619],[-79.89662,40.29653],[-79.89688,40.29696],[-79.89665,40.297],[-79.89593,40.29708],[-79.89521,40.29709],[-79.89339,40.29695],[-79.89293,40.29707],[-79.89108,40.29714],[-79.88946,40.29733],[-79.88938,40.29716],[-79.88355,40.29809],[-79.88468,40.29865],[-79.88892,40.30053],[-79.89537,40.2989],[-79.89958,40.30195],[-79.89699,40.30329],[-79.89471,40.30564],[-79.89995,40.31114],[-79.90077,40.31207],[-79.90049,40.31225],[-79.90021,40.31251],[-79.89959,40.31211],[-79.8973,40.31426],[-79.89774,40.31476],[-79.89778,40.3149],[-79.89796,40.31509],[-79.89886,40.31658],[-79.89921,40.31637],[-79.89976,40.31703],[-79.90047,40.3172],[-79.90038,40.31742],[-79.90059,40.31827],[-79.90043,40.31841],[-79.90047,40.31898],[-79.89922,40.31864],[-79.89903,40.31901],[-79.8987,40.31923],[-79.89846,40.31949],[-79.89668,40.31975],[-79.89601,40.31887]]]]}},{"type":"Feature","properties":{"id":"300","name":"City of Duquesne","type":"city","fips":20432},"geometry":{"type":"MultiPolygon","coordinates":[[[[-79.85348,40.38844],[-79.8498,40.38517],[-79.84668,40.38305],[-79.84367,40.3807],[-79.84116,40.37842],[-79.83915,40.37589],[-79.83828,40.37412],[-79.83719,40.37166],[-79.83672,40.36949],[-79.83644,40.36709],[-79.83638,40.365],[-79.83682,40.36322],[-79.83719,40.36213],[-79.83791,40.36129],[-79.83896,40.36039],[-79.84035,40.35943],[-79.84328,40.35798],[-79.84463,40.35759],[-79.84637,40.3572],[-79.84795,40.35694],[-79.84751,40.35862],[-79.84697,40.36035],[-79.85345,40.36132],[-79.85431,40.36107],[-79.8557,40.3639],[-79.85681,40.3656],[-79.8595,40.36698],[-79.85965,40.36813],[-79.85824,40.36792],[-79.85778,40.36921],[-79.85783,40.3705],[-79.85723,40.37089],[-79.86194,40.37588],[-79.86168,40.3761],[-79.86469,40.37859],[-79.86644,40.37989],[-79.86886,40.38194],[-79.85835,40.38689],[-79.8545,40.38878],[-79.85348,40.38844]]]]}},{"type":"Feature","properties":{"id":"400","name":"City of McKeesport","type":"city","fips":46256},"geometry":{"type":"MultiPolygon","coordinates":[[[[-79.82918,40.36121],[-79.829,40.36081],[-79.82987,40.36026],[-79.83067,40.35967],[-79.8312,40.35908],[-79.83198,40.35805],[-79.83165,40.35755],[-79.83003,40.3571],[-79.82879,40.35667],[-79.82773,40.35607],[-79.82647,40.3552],[-79.8244,40.35418],[-79.82644,40.35198],[-79.82799,40.35225],[-79.8297,40.35189],[-79.82984,40.35125],[-79.83006,40.35101],[-79.83012,40.35077],[-79.8302,40.3496],[-79.83029,40.34922],[-79.83077,40.34811],[-79.831,40.3479],[-79.82919,40.3454],[-79.82862,40.34471],[-79.82458,40.34486],[-79.8226,40.34471],[-79.82177,40.3447],[-79.82195,40.34389],[-79.81912,40.34379],[-79.81883,40.33817],[-79.8203,40.33815],[-79.82,40.33329],[-79.82,40.3321],[-79.8196,40.33011],[-79.81821,40.32749],[-79.81806,40.32776],[-79.81715,40.32864],[-79.81644,40.3282],[-79.81602,40.32768],[-79.81585,40.32721],[-79.81584,40.3269],[-79.81605,40.3254],[-79.81557,40.3252],[-79.81611,40.32438],[-79.81748,40.32291],[-79.81769,40.32245],[-79.8177,40.32201],[-79.81674,40.32066],[-79.81607,40.31961],[-79.81732,40.31927],[-79.81847,40.31888],[-79.82001,40.3181],[-79.82149,40.32056],[-79.8227,40.32277],[-79.82368,40.32324],[-79.82718,40.32043],[-79.82813,40.32056],[-79.83002,40.32046],[-79.83078,40.32059],[-79.83171,40.32087],[-79.83252,40.32354],[-79.83279,40.32425],[-79.83706,40.32155],[-79.83886,40.32085],[-79.84047,40.32031],[-79.84117,40.32016],[-79.84173,40.32116],[-79.84276,40.32367],[-79.84319,40.32447],[-79.84397,40.32555],[-79.84455,40.32654],[-79.84603,40.328],[-79.84698,40.32873],[-79.84839,40.32945],[-79.85371,40.33258],[-79.85502,40.3335],[-79.85583,40.33423],[-79.85758,40.33622],[-79.85828,40.33677],[-79.85889,40.33736],[-79.85983,40.3379],[-79.86085,40.33841],[-79.86158,40.33895],[-79.86269,40.33956],[-79.8649,40.34064],[-79.86688,40.34223],[-79.8675,40.34301],[-79.86851,40.34478],[-79.86981,40.34811],[-79.86996,40.34877],[-79.87092,40.3486],[-79.87163,40.34775],[-79.87253,40.34763],[-79.87344,40.34761],[-79.87438,40.34702],[-79.88096,40.34177],[-79.8818,40.34339],[-79.88565,40.34513],[-79.88234,40.34957],[-79.88141,40.35105],[-79.88085,40.35166],[-79.87958,40.35275],[-79.8783,40.35365],[-79.87655,40.3544],[-79.87296,40.35511],[-79.86663,40.356],[-79.86339,40.35632],[-79.86062,40.35642],[-79.85555,40.35641],[-79.85312,40.35646],[-79.85048,40.35661],[-79.84829,40.35688],[-79.84637,40.3572],[-79.84463,40.35759],[-79.84328,40.35798],[-79.84035,40.35943],[-79.83896,40.36039],[-79.83791,40.36129],[-79.83719,40.36213],[-79.83682,40.36322],[-79.83638,40.365],[-79.83421,40.3615],[-79.8338,40.36136],[-79.83341,40.36187],[-79.83344,40.36222],[-79.83321,40.36268],[-79.8321,40.3622],[-79.83217,40.36306],[-79.83081,40.3631],[-79.83072,40.36218],[-79.83047,40.36221],[-79.82988,40.36168],[-79.82938,40.36162],[-79.82918,40.36121]]]]}},{"type":"Feature","properties":{"id":"100","name":"City of Pittsburgh","type":"city","fips":61000},"geometry":{"type":"MultiPolygon","coordinates":[[[[-80.01082,40.50104],[-80.01069,40.4991],[-80.00892,40.49915],[-80.00923,40.49848],[-80.00914,40.49755],[-80.0079,40.49753],[-80.00782,40.49799],[-80.00746,40.49797],[-80.00634,40.4974],[-80.00501,40.49716],[-80.00403,40.4978],[-80.00396,40.49629],[-80.004,40.4963],[-80.0036,40.48921],[-80.00352,40.48665],[-80.00322,40.4824],[-80.00177,40.48244],[-80.00162,40.48011],[-79.99884,40.47986],[-79.99857,40.47894],[-79.99644,40.47925],[-79.99531,40.47742],[-79.9959,40.4774],[-79.99578,40.47449],[-79.99645,40.47435],[-79.99761,40.47456],[-79.99755,40.47299],[-79.99186,40.47314],[-79.99327,40.4746],[-79.99336,40.47617],[-79.99345,40.4767],[-79.99497,40.47742],[-79.99269,40.4774],[-79.98894,40.47704],[-79.98846,40.47692],[-79.9881,40.47678],[-79.9871,40.4747],[-79.9859,40.4719],[-79.98388,40.46634],[-79.98298,40.46728],[-79.98295,40.46744],[-79.98182,40.46935],[-79.98114,40.46991],[-79.97985,40.47067],[-79.97893,40.47144],[-79.97879,40.47161],[-79.97719,40.47086],[-79.97468,40.46944],[-79.9741,40.46957],[-79.9734,40.4701],[-79.97285,40.47035],[-79.97175,40.47048],[-79.97077,40.47067],[-79.97004,40.47112],[-79.96932,40.47183],[-79.96806,40.47368],[-79.96737,40.47456],[-79.96662,40.47533],[-79.966,40.47608],[-79.96464,40.47811],[-79.963,40.47997],[-79.96066,40.48209],[-79.95857,40.48381],[-79.9564,40.48529],[-79.95535,40.48592],[-79.9532,40.48696],[-79.94933,40.48826],[-79.94784,40.48871],[-79.94467,40.48943],[-79.94091,40.49049],[-79.93711,40.49126],[-79.93558,40.4915],[-79.93218,40.4917],[-79.92974,40.49165],[-79.92793,40.49155],[-79.92357,40.49072],[-79.92104,40.49004],[-79.90751,40.48725],[-79.90141,40.4858],[-79.90157,40.48897],[-79.89761,40.48789],[-79.89697,40.49173],[-79.89691,40.49262],[-79.89432,40.49219],[-79.88724,40.49116],[-79.88461,40.49093],[-79.88459,40.48852],[-79.88449,40.48671],[-79.88818,40.4864],[-79.88811,40.48518],[-79.88822,40.48369],[-79.88379,40.48321],[-79.88467,40.47932],[-79.88499,40.47882],[-79.88536,40.4786],[-79.88656,40.47819],[-79.88773,40.47315],[-79.88829,40.47005],[-79.89003,40.46185],[-79.87912,40.45907],[-79.87913,40.4591],[-79.87739,40.4589],[-79.87728,40.45941],[-79.87749,40.45943],[-79.8774,40.45984],[-79.8763,40.45971],[-79.87691,40.46162],[-79.87555,40.46156],[-79.87563,40.45996],[-79.87521,40.45992],[-79.87534,40.4598],[-79.87451,40.45927],[-79.87314,40.46043],[-79.87266,40.46074],[-79.87229,40.46089],[-79.87138,40.46112],[-79.87058,40.4612],[-79.86911,40.46098],[-79.86923,40.46053],[-79.87064,40.46076],[-79.8717,40.46057],[-79.87162,40.4584],[-79.87256,40.45765],[-79.87265,40.45746],[-79.86585,40.45575],[-79.86714,40.4494],[-79.87269,40.44938],[-79.87832,40.44993],[-79.88403,40.44893],[-79.88409,40.44915],[-79.88458,40.44931],[-79.88593,40.44692],[-79.8881,40.44764],[-79.88855,40.44785],[-79.88901,40.44834],[-79.88982,40.44906],[-79.89045,40.44947],[-79.89177,40.45011],[-79.89243,40.45027],[-79.89446,40.44057],[-79.89557,40.43496],[-79.89665,40.43014],[-79.89711,40.42762],[-79.89663,40.42752],[-79.8951,40.42817],[-79.89426,40.42702],[-79.89377,40.42693],[-79.89288,40.42827],[-79.89232,40.42807],[-79.89233,40.42798],[-79.89227,40.42793],[-79.89115,40.4274],[-79.89101,40.4272],[-79.89209,40.4263],[-79.8934,40.42565],[-79.8942,40.42556],[-79.8947,40.42567],[-79.89525,40.42605],[-79.89612,40.42626],[-79.89672,40.42647],[-79.89675,40.42627],[-79.89749,40.42594],[-79.89963,40.41546],[-79.90152,40.41589],[-79.90312,40.41592],[-79.90598,40.41572],[-79.90799,40.41547],[-79.91096,40.41501],[-79.91345,40.41421],[-79.91541,40.41323],[-79.91727,40.41192],[-79.91876,40.4106],[-79.9212,40.40822],[-79.92406,40.40449],[-79.92554,40.40289],[-79.92723,40.40093],[-79.92916,40.39926],[-79.93157,40.39817],[-79.93301,40.39764],[-79.93236,40.39151],[-79.92965,40.38972],[-79.91825,40.39931],[-79.9166,40.39862],[-79.9164,40.39879],[-79.91331,40.39698],[-79.91692,40.39393],[-79.9149,40.3934],[-79.91637,40.39137],[-79.91669,40.39151],[-79.91709,40.39092],[-79.91679,40.39079],[-79.91847,40.38848],[-79.91787,40.38804],[-79.91766,40.38735],[-79.91717,40.38472],[-79.9174,40.38452],[-79.91609,40.38212],[-79.91732,40.3816],[-79.91624,40.38008],[-79.91391,40.38091],[-79.91324,40.38095],[-79.91172,40.38053],[-79.91169,40.38006],[-79.91149,40.37967],[-79.91121,40.37928],[-79.91066,40.3787],[-79.91048,40.37839],[-79.9103,40.37856],[-79.90838,40.37817],[-79.90934,40.3769],[-79.90885,40.3767],[-79.91184,40.3728],[-79.90854,40.37046],[-79.90344,40.3719],[-79.90132,40.36752],[-79.9003,40.36526],[-79.90526,40.36287],[-79.90495,40.36217],[-79.90591,40.36208],[-79.90718,40.36153],[-79.90821,40.36358],[-79.91088,40.36282],[-79.91139,40.364],[-79.912,40.36499],[-79.9133,40.36465],[-79.91372,40.36552],[-79.92068,40.36543],[-79.92229,40.36864],[-79.92236,40.37072],[-79.92344,40.37054],[-79.92469,40.37307],[-79.92499,40.3751],[-79.92663,40.375],[-79.93944,40.37395],[-79.94274,40.37597],[-79.94367,40.37497],[-79.9455,40.37609],[-79.94334,40.37817],[-79.94406,40.37858],[-79.94316,40.37949],[-79.94289,40.37933],[-79.94254,40.37968],[-79.93828,40.38017],[-79.93548,40.38096],[-79.93553,40.38251],[-79.93539,40.38362],[-79.93613,40.38881],[-79.9421,40.38822],[-79.94365,40.38911],[-79.94384,40.38904],[-79.9444,40.39019],[-79.94634,40.39028],[-79.94738,40.39012],[-79.94918,40.39059],[-79.94916,40.39124],[-79.94951,40.39125],[-79.94952,40.39073],[-79.94978,40.39082],[-79.9501,40.39081],[-79.95234,40.3902],[-79.95283,40.39016],[-79.95403,40.39017],[-79.95421,40.39011],[-79.95436,40.38999],[-79.95492,40.38983],[-79.95772,40.38992],[-79.95804,40.39539],[-79.95993,40.39561],[-79.95952,40.39757],[-79.96098,40.39782],[-79.96257,40.39795],[-79.96298,40.39807],[-79.96348,40.39834],[-79.96391,40.39972],[-79.9648,40.3997],[-79.96906,40.40048],[-79.97087,40.40282],[-79.97087,40.40326],[-79.97096,40.40343],[-79.97074,40.40347],[-79.97011,40.40476],[-79.96589,40.40724],[-79.96389,40.40875],[-79.96357,40.4088],[-79.96303,40.40789],[-79.96223,40.40816],[-79.96136,40.40809],[-79.96091,40.40757],[-79.96049,40.40778],[-79.9604,40.40777],[-79.9601,40.40876],[-79.95932,40.40874],[-79.9593,40.40906],[-79.95907,40.40907],[-79.95905,40.40975],[-79.95659,40.41035],[-79.95613,40.41032],[-79.95621,40.40944],[-79.95612,40.40912],[-79.95665,40.40824],[-79.95663,40.40778],[-79.95629,40.4072],[-79.95597,40.40689],[-79.95604,40.40662],[-79.95492,40.40685],[-79.95329,40.40326],[-79.9535,40.40321],[-79.95321,40.40253],[-79.95293,40.40268],[-79.95256,40.40219],[-79.95284,40.40171],[-79.95152,40.40004],[-79.95106,40.40025],[-79.95061,40.39963],[-79.94738,40.39692],[-79.94608,40.39591],[-79.94494,40.39542],[-79.94531,40.39494],[-79.94439,40.39441],[-79.94387,40.39418],[-79.93816,40.39299],[-79.9388,40.39503],[-79.93672,40.39517],[-79.93712,40.39527],[-79.9375,40.39567],[-79.93776,40.39696],[-79.94111,40.39714],[-79.94259,40.39734],[-79.94394,40.39778],[-79.9455,40.39847],[-79.94681,40.39936],[-79.94814,40.40043],[-79.94903,40.40131],[-79.94992,40.40241],[-79.95085,40.40376],[-79.95162,40.40538],[-79.9522,40.40725],[-79.95262,40.40886],[-79.95296,40.41067],[-79.95567,40.41053],[-79.95598,40.41048],[-79.95637,40.41064],[-79.95679,40.41064],[-79.95727,40.41056],[-79.95781,40.41035],[-79.9583,40.40998],[-79.95906,40.40979],[-79.95949,40.40976],[-79.9597,40.40991],[-79.96015,40.40992],[-79.96055,40.40983],[-79.962,40.40968],[-79.96283,40.40968],[-79.96359,40.40949],[-79.96377,40.40951],[-79.96442,40.40918],[-79.96526,40.40834],[-79.96521,40.40798],[-79.96646,40.40702],[-79.96889,40.40565],[-79.96932,40.40549],[-79.97223,40.40503],[-79.97261,40.40482],[-79.97314,40.40488],[-79.97485,40.40464],[-79.97531,40.4045],[-79.97588,40.4042],[-79.97595,40.40404],[-79.9763,40.40396],[-79.97962,40.4018],[-79.97984,40.4014],[-79.98008,40.40052],[-79.97991,40.39971],[-79.9794,40.39905],[-79.97579,40.39313],[-79.97391,40.39344],[-79.97364,40.39276],[-79.97323,40.39279],[-79.97304,40.39247],[-79.97345,40.39227],[-79.97308,40.38871],[-79.97542,40.38829],[-79.97576,40.38722],[-79.97408,40.3848],[-79.97651,40.38541],[-79.97769,40.38419],[-79.9769,40.38295],[-79.97615,40.38131],[-79.97671,40.38115],[-79.97686,40.38116],[-79.97739,40.38133],[-79.97753,40.38163],[-79.9777,40.38178],[-79.97807,40.38185],[-79.97908,40.38161],[-79.98192,40.38066],[-79.98276,40.38149],[-79.98335,40.38152],[-79.98582,40.37825],[-79.98604,40.37783],[-79.99022,40.3788],[-79.99113,40.37893],[-79.99251,40.37864],[-79.9929,40.37861],[-79.99358,40.37833],[-79.99401,40.3773],[-79.99413,40.37674],[-79.994,40.37585],[-79.99441,40.37573],[-79.99495,40.37567],[-79.99805,40.37648],[-79.99913,40.37735],[-80.00114,40.37503],[-80.00193,40.37475],[-80.00378,40.3744],[-80.00414,40.37398],[-80.00498,40.37447],[-80.00561,40.37469],[-80.00664,40.37486],[-80.00631,40.3752],[-80.00608,40.37554],[-80.00537,40.37704],[-80.00473,40.37774],[-80.00425,40.37811],[-80.00278,40.37892],[-80.00219,40.37931],[-80.00174,40.37971],[-80.00334,40.38118],[-80.00366,40.38205],[-80.00512,40.38389],[-80.00768,40.38302],[-80.00716,40.38154],[-80.00735,40.38096],[-80.00763,40.38118],[-80.008,40.38091],[-80.00835,40.38093],[-80.00884,40.38116],[-80.00895,40.38117],[-80.00904,40.38103],[-80.01003,40.38093],[-80.01039,40.38045],[-80.01258,40.3809],[-80.01318,40.38284],[-80.01233,40.38298],[-80.01232,40.38304],[-80.01258,40.38308],[-80.01249,40.38341],[-80.01339,40.38349],[-80.01425,40.38578],[-80.01361,40.38571],[-80.01357,40.3861],[-80.01382,40.38657],[-80.01492,40.38608],[-80.0164,40.38515],[-80.01709,40.38632],[-80.01816,40.38646],[-80.02783,40.39161],[-80.02868,40.39127],[-80.03078,40.39502],[-80.03071,40.39533],[-80.03115,40.39662],[-80.02937,40.39719],[-80.03176,40.4001],[-80.03148,40.40041],[-80.03248,40.40173],[-80.03267,40.40154],[-80.0367,40.40079],[-80.03563,40.40171],[-80.03547,40.40383],[-80.0355,40.4043],[-80.03613,40.40425],[-80.03642,40.40429],[-80.03977,40.40133],[-80.04215,40.39973],[-80.04192,40.3994],[-80.04505,40.39905],[-80.05121,40.40195],[-80.03482,40.42838],[-80.0375,40.42854],[-80.03837,40.42785],[-80.0407,40.42869],[-80.04174,40.42901],[-80.04249,40.42863],[-80.04315,40.42805],[-80.04268,40.42871],[-80.04329,40.4282],[-80.04463,40.42907],[-80.0466,40.42942],[-80.0468,40.42736],[-80.04658,40.42701],[-80.04739,40.42697],[-80.04738,40.42597],[-80.04778,40.42575],[-80.04865,40.4264],[-80.04946,40.42684],[-80.05072,40.4271],[-80.05138,40.42713],[-80.05378,40.42795],[-80.05419,40.42761],[-80.05641,40.42671],[-80.05724,40.42645],[-80.06173,40.42638],[-80.06328,40.4264],[-80.06385,40.42635],[-80.06552,40.42512],[-80.06706,40.42306],[-80.06723,40.42271],[-80.06673,40.41991],[-80.06609,40.41744],[-80.06617,40.41715],[-80.06641,40.41683],[-80.06671,40.41657],[-80.06729,40.41623],[-80.06797,40.41603],[-80.06985,40.41587],[-80.07153,40.41582],[-80.07178,40.41573],[-80.07191,40.41562],[-80.07233,40.41488],[-80.07275,40.41432],[-80.07385,40.41342],[-80.07503,40.41425],[-80.07512,40.41419],[-80.07584,40.41473],[-80.07593,40.41466],[-80.07667,40.41524],[-80.07677,40.41517],[-80.07718,40.41547],[-80.07739,40.4153],[-80.07866,40.41647],[-80.07716,40.4171],[-80.07631,40.41766],[-80.07604,40.41796],[-80.07481,40.42013],[-80.07481,40.42049],[-80.07486,40.42061],[-80.07501,40.42071],[-80.07548,40.42084],[-80.07571,40.42083],[-80.07663,40.42057],[-80.0796,40.42005],[-80.08126,40.42022],[-80.08258,40.42009],[-80.08451,40.42053],[-80.08541,40.42125],[-80.08575,40.4228],[-80.08555,40.42385],[-80.0818,40.42375],[-80.08003,40.4238],[-80.07395,40.42545],[-80.07383,40.42543],[-80.07314,40.42604],[-80.07057,40.42864],[-80.0686,40.43144],[-80.06653,40.43057],[-80.06555,40.43036],[-80.06437,40.42877],[-80.06318,40.42787],[-80.06217,40.42906],[-80.05979,40.42823],[-80.05791,40.43146],[-80.05752,40.43129],[-80.05729,40.43158],[-80.05757,40.43452],[-80.05803,40.43452],[-80.0581,40.43533],[-80.0579,40.43646],[-80.05918,40.43714],[-80.05765,40.43753],[-80.06121,40.44058],[-80.06089,40.44178],[-80.06046,40.4423],[-80.05538,40.44394],[-80.05675,40.44432],[-80.05824,40.44444],[-80.0585,40.44456],[-80.05995,40.44564],[-80.0619,40.44782],[-80.0626,40.44723],[-80.06364,40.44793],[-80.06406,40.4476],[-80.0643,40.44769],[-80.06429,40.44818],[-80.06535,40.44855],[-80.06535,40.44883],[-80.0662,40.44939],[-80.06669,40.44883],[-80.06715,40.4489],[-80.06837,40.44779],[-80.07159,40.44863],[-80.07295,40.44833],[-80.07315,40.44866],[-80.07654,40.44799],[-80.07636,40.44725],[-80.07688,40.44718],[-80.07852,40.44653],[-80.07636,40.44182],[-80.07496,40.4421],[-80.07766,40.44149],[-80.07894,40.4411],[-80.08047,40.44056],[-80.08046,40.44042],[-80.08077,40.43975],[-80.08256,40.44031],[-80.08289,40.44044],[-80.08324,40.44083],[-80.08358,40.44137],[-80.08412,40.44195],[-80.08492,40.4421],[-80.08558,40.44233],[-80.08811,40.44296],[-80.08924,40.44334],[-80.09017,40.44417],[-80.0904,40.44542],[-80.09011,40.44659],[-80.09028,40.44753],[-80.09103,40.44906],[-80.08954,40.44984],[-80.08952,40.45044],[-80.08994,40.45103],[-80.09024,40.45125],[-80.09072,40.45143],[-80.0912,40.45143],[-80.09172,40.45128],[-80.09258,40.45084],[-80.09326,40.45075],[-80.0936,40.45075],[-80.09404,40.45094],[-80.09436,40.45114],[-80.09458,40.45144],[-80.09465,40.45202],[-80.09455,40.45333],[-80.09533,40.4575],[-80.09523,40.45911],[-80.09504,40.45943],[-80.09461,40.45972],[-80.09346,40.45983],[-80.09186,40.45985],[-80.08803,40.45975],[-80.08679,40.45986],[-80.08611,40.45982],[-80.08371,40.45945],[-80.08316,40.45961],[-80.08228,40.46001],[-80.08119,40.46089],[-80.08089,40.46125],[-80.08025,40.4625],[-80.07994,40.46337],[-80.07972,40.46358],[-80.0794,40.46386],[-80.07806,40.46469],[-80.0777,40.46474],[-80.07766,40.46574],[-80.07791,40.46574],[-80.07766,40.46574],[-80.0777,40.46474],[-80.07671,40.4647],[-80.07627,40.46457],[-80.07476,40.46361],[-80.07234,40.46138],[-80.07189,40.46126],[-80.06953,40.46084],[-80.06871,40.46079],[-80.06855,40.4608],[-80.06776,40.46101],[-80.06691,40.46131],[-80.0645,40.46246],[-80.06401,40.46268],[-80.0634,40.46282],[-80.06172,40.46362],[-80.06084,40.46419],[-80.06011,40.46415],[-80.05944,40.46393],[-80.05849,40.46345],[-80.05814,40.46344],[-80.0578,40.46351],[-80.05504,40.46456],[-80.05418,40.46481],[-80.05364,40.46489],[-80.05118,40.46561],[-80.05096,40.46726],[-80.05027,40.46929],[-80.04965,40.46998],[-80.04777,40.47116],[-80.0471,40.4717],[-80.04684,40.4724],[-80.04713,40.47404],[-80.04757,40.47493],[-80.04789,40.47591],[-80.04848,40.47731],[-80.04974,40.47915],[-80.05172,40.4813],[-80.05318,40.48218],[-80.05001,40.48465],[-80.04983,40.48489],[-80.05012,40.48513],[-80.05015,40.48523],[-80.04858,40.48643],[-80.04817,40.48638],[-80.04793,40.48631],[-80.04683,40.48717],[-80.04668,40.48703],[-80.04645,40.48717],[-80.04072,40.49146],[-80.03749,40.49007],[-80.03576,40.49094],[-80.02777,40.49111],[-80.0278,40.4965],[-80.0259,40.49681],[-80.02543,40.49534],[-80.0246,40.49549],[-80.02417,40.49505],[-80.02291,40.4953],[-80.02199,40.49385],[-80.02128,40.49433],[-80.02098,40.49463],[-80.02056,40.49518],[-80.02023,40.49575],[-80.02007,40.49615],[-80.01995,40.49679],[-80.01997,40.49724],[-80.02008,40.49772],[-80.01784,40.49736],[-80.01725,40.49894],[-80.01699,40.49984],[-80.01656,40.49978],[-80.01577,40.49992],[-80.01334,40.49873],[-80.01238,40.49876],[-80.01226,40.49889],[-80.01208,40.49951],[-80.01168,40.50022],[-80.01118,40.50075],[-80.01082,40.50104]],[[-79.98356,40.40595],[-79.98146,40.40586],[-79.98082,40.40951],[-79.98157,40.41042],[-79.98189,40.41613],[-79.98216,40.41612],[-79.98228,40.41768],[-79.98631,40.41756],[-79.98819,40.41852],[-79.98824,40.41848],[-79.98804,40.41438],[-79.98946,40.41238],[-79.99126,40.40839],[-79.99193,40.40713],[-79.99106,40.40699],[-79.9877,40.40605],[-79.98356,40.40595]]]]}},{"type":"Feature","properties":{"id":"905","name":"Collier Township","type":"township","fips":15216},"geometry":{"type":"MultiPolygon","coordinates":[[[[-80.16352,40.42481],[-80.15539,40.43234],[-80.155,40.43252],[-80.15475,40.43246],[-80.15443,40.4325],[-80.15291,40.43297],[-80.15166,40.43341],[-80.15123,40.43346],[-80.1508,40.43341],[-80.14932,40.43308],[-80.14889,40.43289],[-80.14824,40.43244],[-80.14724,40.43207],[-80.14693,40.43205],[-80.14619,40.43217],[-80.14578,40.43217],[-80.14036,40.43122],[-80.13955,40.43096],[-80.1394,40.43082],[-80.13915,40.43044],[-80.13849,40.43041],[-80.13805,40.4305],[-80.13749,40.43052],[-80.1363,40.43015],[-80.13535,40.4302],[-80.13505,40.43008],[-80.13413,40.43063],[-80.13096,40.42972],[-80.12938,40.42863],[-80.12892,40.42839],[-80.12643,40.42777],[-80.12541,40.42713],[-80.12422,40.42659],[-80.12266,40.42631],[-80.12065,40.42576],[-80.11977,40.42563],[-80.11894,40.42561],[-80.11812,40.42569],[-80.11645,40.42611],[-80.11577,40.42619],[-80.11459,40.4261],[-80.11504,40.42447],[-80.11172,40.4243],[-80.11152,40.42433],[-80.11077,40.42128],[-80.11031,40.42106],[-80.10891,40.42081],[-80.10925,40.41829],[-80.10978,40.41814],[-80.10956,40.4177],[-80.10791,40.41632],[-80.10586,40.41311],[-80.0999,40.41103],[-80.09951,40.4082],[-80.09855,40.39999],[-80.09916,40.39901],[-80.09993,40.39812],[-80.10013,40.39753],[-80.10008,40.39752],[-80.10021,40.39666],[-80.10051,40.39541],[-80.10041,40.395],[-80.09996,40.39409],[-80.09947,40.39387],[-80.0991,40.39388],[-80.09746,40.38787],[-80.09885,40.38699],[-80.09928,40.38642],[-80.09986,40.38518],[-80.09967,40.38471],[-80.09942,40.38445],[-80.0992,40.38432],[-80.09892,40.38428],[-80.09849,40.38431],[-80.09756,40.38454],[-80.09669,40.38502],[-80.09623,40.38514],[-80.09515,40.38521],[-80.09351,40.38508],[-80.09238,40.38469],[-80.09215,40.38454],[-80.09308,40.38315],[-80.09338,40.38195],[-80.09334,40.38071],[-80.09339,40.38034],[-80.09438,40.37809],[-80.09469,40.37766],[-80.09549,40.37719],[-80.09664,40.37612],[-80.09707,40.37566],[-80.0973,40.3753],[-80.09765,40.37499],[-80.09802,40.37445],[-80.09821,40.37404],[-80.09822,40.37344],[-80.09723,40.37246],[-80.09695,40.37203],[-80.09687,40.37158],[-80.0967,40.37125],[-80.09608,40.37047],[-80.09564,40.37015],[-80.09509,40.36962],[-80.09477,40.36915],[-80.09466,40.36889],[-80.09448,40.36799],[-80.09442,40.36687],[-80.09423,40.36599],[-80.09442,40.36487],[-80.09452,40.36457],[-80.09469,40.36433],[-80.09529,40.36414],[-80.09579,40.36404],[-80.09658,40.36377],[-80.09761,40.36366],[-80.09872,40.36361],[-80.09957,40.36347],[-80.10175,40.36355],[-80.10259,40.36339],[-80.10319,40.36318],[-80.10343,40.36315],[-80.10383,40.36318],[-80.10396,40.36328],[-80.10429,40.36369],[-80.10442,40.36374],[-80.10559,40.36346],[-80.10652,40.36338],[-80.10696,40.3633],[-80.10762,40.36336],[-80.10859,40.36366],[-80.1099,40.36379],[-80.11023,40.36387],[-80.1119,40.36446],[-80.11271,40.36488],[-80.11341,40.36536],[-80.11361,40.36564],[-80.1136,40.3663],[-80.11336,40.3668],[-80.11721,40.36745],[-80.11853,40.36341],[-80.11936,40.36274],[-80.12006,40.36201],[-80.1198,40.36307],[-80.11975,40.3643],[-80.11977,40.36479],[-80.11987,40.36504],[-80.11981,40.36581],[-80.11998,40.36794],[-80.12009,40.36817],[-80.12029,40.36835],[-80.12083,40.36864],[-80.12102,40.36869],[-80.12159,40.36917],[-80.12202,40.36969],[-80.12219,40.37001],[-80.12223,40.37033],[-80.12214,40.37062],[-80.12194,40.37085],[-80.12134,40.37124],[-80.12007,40.37177],[-80.1195,40.37221],[-80.11969,40.3723],[-80.12016,40.37232],[-80.12031,40.37227],[-80.12055,40.37231],[-80.12092,40.37229],[-80.12178,40.37255],[-80.12242,40.37256],[-80.12298,40.37266],[-80.12334,40.37291],[-80.12429,40.37306],[-80.12475,40.37302],[-80.12498,40.37294],[-80.1254,40.3726],[-80.1261,40.37259],[-80.1268,40.37248],[-80.12766,40.37216],[-80.12798,40.37218],[-80.12869,40.37213],[-80.12939,40.372],[-80.12979,40.37204],[-80.12997,40.37212],[-80.13028,40.37216],[-80.13053,40.37249],[-80.13212,40.37286],[-80.13321,40.37345],[-80.13334,40.37359],[-80.13354,40.37368],[-80.13361,40.37381],[-80.13437,40.37431],[-80.13489,40.37457],[-80.13507,40.37474],[-80.13569,40.37511],[-80.13607,40.37543],[-80.13683,40.37592],[-80.13741,40.37615],[-80.13784,40.37643],[-80.13841,40.37659],[-80.13874,40.37679],[-80.13914,40.37684],[-80.13937,40.37695],[-80.13977,40.37699],[-80.1402,40.37713],[-80.14241,40.37748],[-80.14389,40.37779],[-80.1484,40.37899],[-80.14858,40.37907],[-80.14883,40.3791],[-80.14899,40.3792],[-80.14954,40.37937],[-80.15048,40.3796],[-80.15723,40.38028],[-80.16388,40.38236],[-80.16868,40.38377],[-80.17011,40.39073],[-80.16981,40.3951],[-80.16873,40.40181],[-80.16735,40.41824],[-80.16748,40.41828],[-80.16762,40.41815],[-80.16774,40.41818],[-80.16793,40.41851],[-80.16803,40.4195],[-80.16819,40.42029],[-80.16809,40.4204],[-80.16804,40.42083],[-80.16773,40.4208],[-80.16766,40.42096],[-80.16789,40.42138],[-80.16806,40.42192],[-80.16352,40.42481]]]]}},{"type":"Feature","properties":{"id":"817","name":"Coraopolis Borough","type":"borough","fips":16144},"geometry":{"type":"MultiPolygon","coordinates":[[[[-80.16148,40.52381],[-80.16043,40.52248],[-80.15948,40.52105],[-80.15845,40.52027],[-80.1562,40.51871],[-80.15484,40.51765],[-80.15416,40.51718],[-80.15325,40.51671],[-80.15241,40.51617],[-80.14964,40.51493],[-80.1498,40.51453],[-80.14981,40.51433],[-80.14962,40.5141],[-80.14921,40.51333],[-80.14906,40.51297],[-80.14902,40.51266],[-80.14903,40.51226],[-80.14931,40.51136],[-80.14918,40.51104],[-80.14885,40.51078],[-80.14831,40.5105],[-80.14839,40.51006],[-80.14874,40.50924],[-80.14875,40.50889],[-80.14857,40.5087],[-80.1476,40.50847],[-80.14729,40.50831],[-80.14676,40.50782],[-80.14659,40.50726],[-80.14629,40.5069],[-80.14769,40.50578],[-80.1503,40.50356],[-80.16122,40.50627],[-80.16398,40.5076],[-80.16411,40.50747],[-80.17219,40.51087],[-80.17221,40.51083],[-80.17178,40.51037],[-80.17157,40.50976],[-80.17208,40.50995],[-80.17232,40.5096],[-80.17442,40.51047],[-80.17345,40.51192],[-80.17626,40.51759],[-80.17815,40.51787],[-80.17526,40.52194],[-80.17519,40.5219],[-80.17126,40.52741],[-80.16763,40.52624],[-80.16148,40.52381]]]]}},{"type":"Feature","properties":{"id":"818","name":"Crafton Borough","type":"borough","fips":16848},"geometry":{"type":"MultiPolygon","coordinates":[[[[-80.07407,40.44034],[-80.07318,40.44108],[-80.06637,40.44204],[-80.06269,40.44189],[-80.05765,40.43753],[-80.05918,40.43714],[-80.0579,40.43646],[-80.0581,40.43533],[-80.05803,40.43452],[-80.05757,40.43452],[-80.05729,40.43158],[-80.05752,40.43129],[-80.05791,40.43146],[-80.05979,40.42823],[-80.06217,40.42906],[-80.06318,40.42787],[-80.06437,40.42877],[-80.06555,40.43036],[-80.06653,40.43057],[-80.0686,40.43144],[-80.07057,40.42864],[-80.07314,40.42604],[-80.07383,40.42543],[-80.07395,40.42545],[-80.08003,40.4238],[-80.0818,40.42375],[-80.08555,40.42385],[-80.085,40.42459],[-80.08545,40.42528],[-80.0867,40.42549],[-80.08656,40.42798],[-80.08633,40.42839],[-80.0853,40.4299],[-80.08377,40.43087],[-80.08038,40.43208],[-80.07692,40.43165],[-80.07639,40.43169],[-80.07538,40.43423],[-80.07555,40.43504],[-80.07813,40.43864],[-80.07877,40.43903],[-80.07959,40.43944],[-80.08077,40.43975],[-80.08046,40.44042],[-80.08047,40.44056],[-80.07894,40.4411],[-80.07766,40.44149],[-80.07496,40.4421],[-80.07503,40.44051],[-80.07407,40.44034]]]]}},{"type":"Feature","properties":{"id":"906","name":"Crescent Township","type":"township","fips":17048},"geometry":{"type":"MultiPolygon","coordinates":[[[[-80.21012,40.55333],[-80.2081,40.55234],[-80.2135,40.54431],[-80.21755,40.54574],[-80.2258,40.54425],[-80.22555,40.54463],[-80.23208,40.54793],[-80.23213,40.54722],[-80.23447,40.54593],[-80.23491,40.54638],[-80.23612,40.54571],[-80.23659,40.54612],[-80.23697,40.54632],[-80.23848,40.54667],[-80.23894,40.54666],[-80.24043,40.54631],[-80.24028,40.55326],[-80.24216,40.55317],[-80.24584,40.55643],[-80.24874,40.55465],[-80.25139,40.55605],[-80.22898,40.57288],[-80.22868,40.57244],[-80.22691,40.57052],[-80.22491,40.56753],[-80.222,40.56395],[-80.21996,40.56163],[-80.21799,40.56018],[-80.2156,40.55777],[-80.21436,40.5563],[-80.21274,40.55504],[-80.21012,40.55333]]]]}},{"type":"Feature","properties":{"id":"819","name":"Dormont Borough","type":"borough","fips":19576},"geometry":{"type":"MultiPolygon","coordinates":[[[[-80.0287,40.3913],[-80.03363,40.38981],[-80.03251,40.38832],[-80.0328,40.38825],[-80.03374,40.3882],[-80.03439,40.38841],[-80.03453,40.38841],[-80.03453,40.38719],[-80.03481,40.38719],[-80.03582,40.38485],[-80.03597,40.38462],[-80.03677,40.38435],[-80.03627,40.38378],[-80.03887,40.38302],[-80.03909,40.38412],[-80.03919,40.38433],[-80.0409,40.38593],[-80.04125,40.38631],[-80.04058,40.38675],[-80.0417,40.38798],[-80.04235,40.38769],[-80.04288,40.38843],[-80.04244,40.38889],[-80.04156,40.38957],[-80.04235,40.38952],[-80.04336,40.39002],[-80.04353,40.39015],[-80.04632,40.39395],[-80.04652,40.39563],[-80.04649,40.39588],[-80.04489,40.39907],[-80.04192,40.3994],[-80.04215,40.39973],[-80.03977,40.40133],[-80.03642,40.40429],[-80.03613,40.40425],[-80.0355,40.4043],[-80.03547,40.40383],[-80.03563,40.40171],[-80.0367,40.40079],[-80.03267,40.40154],[-80.03248,40.40173],[-80.03148,40.40041],[-80.03176,40.4001],[-80.02937,40.39719],[-80.03115,40.39662],[-80.03071,40.39533],[-80.03078,40.39502],[-80.0287,40.3913]]]]}},{"type":"Feature","properties":{"id":"820","name":"Dravosburg Borough","type":"borough","fips":19856},"geometry":{"type":"MultiPolygon","coordinates":[[[[-79.89617,40.34204],[-79.89499,40.34439],[-79.89699,40.3457],[-79.8973,40.34622],[-79.89727,40.34631],[-79.9062,40.35243],[-79.90617,40.35247],[-79.90567,40.35251],[-79.90397,40.35224],[-79.9035,40.35228],[-79.9023,40.35258],[-79.90206,40.35274],[-79.90192,40.35292],[-79.90139,40.35385],[-79.89996,40.35575],[-79.89947,40.35606],[-79.89822,40.35602],[-79.89758,40.3563],[-79.89599,40.3568],[-79.89434,40.35763],[-79.89388,40.3577],[-79.89245,40.35777],[-79.89185,40.35787],[-79.88865,40.3589],[-79.88729,40.35923],[-79.88668,40.3593],[-79.88588,40.3593],[-79.88482,40.3574],[-79.88311,40.35758],[-79.88137,40.35758],[-79.88118,40.35715],[-79.88043,40.35731],[-79.87724,40.35771],[-79.87668,40.35435],[-79.8783,40.35365],[-79.87958,40.35275],[-79.88085,40.35166],[-79.88141,40.35105],[-79.88234,40.34957],[-79.88575,40.34499],[-79.88605,40.34452],[-79.88871,40.34174],[-79.88947,40.34106],[-79.89088,40.33992],[-79.89189,40.339],[-79.89386,40.33999],[-79.89345,40.34076],[-79.89558,40.34126],[-79.89584,40.34141],[-79.896,40.34167],[-79.89623,40.34187],[-79.89617,40.34204]]]]}},{"type":"Feature","properties":{"id":"907","name":"East Deer Township","type":"township","fips":21024},"geometry":{"type":"MultiPolygon","coordinates":[[[[-79.78912,40.60597],[-79.77992,40.60608],[-79.77206,40.60124],[-79.76988,40.59972],[-79.76799,40.59879],[-79.76554,40.59671],[-79.76405,40.59288],[-79.76469,40.5923],[-79.76676,40.59069],[-79.76804,40.58959],[-79.77061,40.58694],[-79.77163,40.58564],[-79.77238,40.58397],[-79.77336,40.5821],[-79.77373,40.58073],[-79.77416,40.5786],[-79.77449,40.57679],[-79.77472,40.57482],[-79.77481,40.57277],[-79.7747,40.57075],[-79.77413,40.56838],[-79.77329,40.56588],[-79.77204,40.56292],[-79.7757,40.56284],[-79.78018,40.57194],[-79.78761,40.57184],[-79.78795,40.57558],[-79.78813,40.58337],[-79.79075,40.5833],[-79.79185,40.58298],[-79.79311,40.58287],[-79.79371,40.58299],[-79.79537,40.58316],[-79.79574,40.58331],[-79.79611,40.58354],[-79.79644,40.59013],[-79.79103,40.59025],[-79.78979,40.59015],[-79.78848,40.59015],[-79.78912,40.60597]]]]}},{"type":"Feature","properties":{"id":"821","name":"East McKeesport Borough","type":"borough","fips":21444},"geometry":{"type":"MultiPolygon","coordinates":[[[[-79.80276,40.3848],[-79.80339,40.38437],[-79.8037,40.3843],[-79.80406,40.38433],[-79.8044,40.38429],[-79.80515,40.38385],[-79.80531,40.38357],[-79.80572,40.38324],[-79.80618,40.38303],[-79.80571,40.38242],[-79.80556,40.3825],[-79.80498,40.38188],[-79.80567,40.38149],[-79.80701,40.37937],[-79.81056,40.38067],[-79.81125,40.37906],[-79.81275,40.37947],[-79.81388,40.37709],[-79.81669,40.37861],[-79.8165,40.38024],[-79.81618,40.38008],[-79.81559,40.38079],[-79.81615,40.38092],[-79.81325,40.38467],[-79.81215,40.3843],[-79.81157,40.38667],[-79.8026,40.39143],[-79.79848,40.39064],[-79.7981,40.38968],[-79.7986,40.38813],[-79.79911,40.38775],[-79.79913,40.38746],[-79.79977,40.38704],[-79.79842,40.38645],[-79.79989,40.38605],[-79.80059,40.38598],[-79.80151,40.38545],[-79.80236,40.38522],[-79.80276,40.3848]]]]}},{"type":"Feature","properties":{"id":"822","name":"East Pittsburgh Borough","type":"borough","fips":21712},"geometry":{"type":"MultiPolygon","coordinates":[[[[-79.83369,40.40055],[-79.83368,40.40041],[-79.83011,40.39935],[-79.8301,40.39836],[-79.83308,40.39633],[-79.83431,40.39509],[-79.83543,40.39456],[-79.83626,40.39339],[-79.83643,40.3927],[-79.83649,40.39212],[-79.83711,40.3909],[-79.83803,40.39075],[-79.83999,40.39113],[-79.84101,40.39175],[-79.84566,40.39319],[-79.84623,40.39356],[-79.84664,40.39371],[-79.84634,40.39411],[-79.84444,40.39786],[-79.84047,40.39905],[-79.83784,40.40057],[-79.83794,40.40185],[-79.83333,40.40533],[-79.83351,40.40234],[-79.83369,40.40055]]]]}},{"type":"Feature","properties":{"id":"823","name":"Edgewood Borough","type":"borough","fips":22520},"geometry":{"type":"MultiPolygon","coordinates":[[[[-79.87222,40.43376],[-79.87261,40.43296],[-79.87334,40.43205],[-79.87375,40.43074],[-79.87509,40.42898],[-79.87516,40.42837],[-79.87627,40.42789],[-79.87818,40.42895],[-79.8799,40.42852],[-79.8815,40.42608],[-79.88286,40.42676],[-79.88522,40.42691],[-79.88619,40.42397],[-79.88646,40.42432],[-79.88674,40.42438],[-79.88666,40.42465],[-79.88775,40.42502],[-79.88801,40.42469],[-79.89028,40.42681],[-79.89093,40.42757],[-79.89238,40.42829],[-79.89211,40.42955],[-79.89223,40.42989],[-79.89274,40.43103],[-79.89457,40.43354],[-79.88958,40.43562],[-79.8859,40.43688],[-79.88266,40.43609],[-79.87918,40.434],[-79.87754,40.43551],[-79.87637,40.43479],[-79.87418,40.43527],[-79.87424,40.43502],[-79.87403,40.4342],[-79.87222,40.43376]]]]}},{"type":"Feature","properties":{"id":"824","name":"Edgeworth Borough","type":"borough","fips":22576},"geometry":{"type":"MultiPolygon","coordinates":[[[[-80.18102,40.56462],[-80.18092,40.56218],[-80.18152,40.56178],[-80.18105,40.55954],[-80.18106,40.55924],[-80.18067,40.55761],[-80.18066,40.55723],[-80.18177,40.55673],[-80.18075,40.55619],[-80.18087,40.55461],[-80.18056,40.54916],[-80.18312,40.54768],[-80.18687,40.54542],[-80.19055,40.54308],[-80.19331,40.54145],[-80.19525,40.54047],[-80.19568,40.54121],[-80.197,40.54294],[-80.19904,40.54545],[-80.20082,40.54743],[-80.20257,40.54915],[-80.20386,40.55019],[-80.20504,40.55101],[-80.2081,40.55234],[-80.21012,40.55333],[-80.20828,40.55469],[-80.20489,40.55685],[-80.20343,40.55792],[-80.20092,40.55948],[-80.19979,40.56031],[-80.19962,40.56035],[-80.19415,40.56414],[-80.19316,40.56493],[-80.18973,40.56709],[-80.18651,40.56891],[-80.18143,40.56438],[-80.18102,40.56462]]]]}},{"type":"Feature","properties":{"id":"825","name":"Elizabeth Borough","type":"borough","fips":22992},"geometry":{"type":"MultiPolygon","coordinates":[[[[-79.88424,40.26894],[-79.88589,40.26736],[-79.88653,40.26683],[-79.88739,40.26742],[-79.88951,40.26564],[-79.89036,40.26517],[-79.89046,40.26524],[-79.89092,40.26498],[-79.89099,40.26504],[-79.89123,40.26531],[-79.89076,40.26558],[-79.89087,40.2657],[-79.89198,40.26525],[-79.8923,40.26504],[-79.89158,40.26439],[-79.89398,40.26357],[-79.89418,40.2644],[-79.89464,40.26426],[-79.89479,40.265],[-79.89492,40.26518],[-79.89499,40.2656],[-79.89494,40.26607],[-79.89499,40.2665],[-79.8949,40.26716],[-79.89632,40.26793],[-79.89497,40.26893],[-79.88897,40.27405],[-79.88816,40.27494],[-79.88708,40.27594],[-79.88639,40.27683],[-79.88535,40.27783],[-79.88419,40.27869],[-79.88272,40.27942],[-79.8792,40.27595],[-79.88129,40.27498],[-79.88099,40.27437],[-79.87933,40.27381],[-79.87903,40.27362],[-79.88074,40.2724],[-79.88113,40.27205],[-79.88188,40.27168],[-79.88319,40.2706],[-79.88414,40.26972],[-79.88424,40.26894]]]]}},{"type":"Feature","properties":{"id":"908","name":"Elizabeth Township","type":"township","fips":23000},"geometry":{"type":"MultiPolygon","coordinates":[[[[-79.79014,40.31289],[-79.79004,40.31233],[-79.79023,40.31099],[-79.79177,40.30908],[-79.79267,40.30838],[-79.79489,40.30707],[-79.79606,40.30659],[-79.79774,40.30619],[-79.79973,40.30562],[-79.80462,40.30405],[-79.80553,40.30352],[-79.80615,40.30294],[-79.80677,40.30225],[-79.80694,40.30161],[-79.8072,40.29951],[-79.80714,40.29882],[-79.80689,40.29788],[-79.80645,40.29703],[-79.80504,40.29549],[-79.80425,40.29482],[-79.80304,40.29365],[-79.80248,40.29322],[-79.80173,40.29279],[-79.80106,40.29258],[-79.80036,40.29257],[-79.79956,40.29261],[-79.79877,40.29287],[-79.79675,40.29461],[-79.79486,40.29655],[-79.79359,40.29765],[-79.7929,40.298],[-79.79207,40.29809],[-79.79108,40.29808],[-79.78907,40.29785],[-79.78751,40.29748],[-79.78606,40.29686],[-79.78459,40.29609],[-79.78197,40.29434],[-79.781,40.29362],[-79.78014,40.29274],[-79.77909,40.29184],[-79.7783,40.29127],[-79.77605,40.2893],[-79.77541,40.28837],[-79.77524,40.28802],[-79.77508,40.28749],[-79.77503,40.28703],[-79.77515,40.28638],[-79.77543,40.28565],[-79.77581,40.28503],[-79.7763,40.28453],[-79.77908,40.28256],[-79.77967,40.28227],[-79.7801,40.28212],[-79.78061,40.28203],[-79.78363,40.28193],[-79.78872,40.28225],[-79.79187,40.28213],[-79.79459,40.28171],[-79.79488,40.28162],[-79.79543,40.28134],[-79.7958,40.28109],[-79.7963,40.28022],[-79.79652,40.27945],[-79.79634,40.27657],[-79.79613,40.27523],[-79.79541,40.27334],[-79.79506,40.2722],[-79.7945,40.27134],[-79.79002,40.26666],[-79.78844,40.2649],[-79.78751,40.26325],[-79.78746,40.26288],[-79.7875,40.26251],[-79.78774,40.26186],[-79.78924,40.2596],[-79.78967,40.2592],[-79.79145,40.25784],[-79.79299,40.2565],[-79.79396,40.25577],[-79.79593,40.25385],[-79.79689,40.25244],[-79.79738,40.25115],[-79.79794,40.2501],[-79.79813,40.2496],[-79.79841,40.24848],[-79.7991,40.24699],[-79.79962,40.24617],[-79.80048,40.24502],[-79.80225,40.24289],[-79.80292,40.24217],[-79.80337,40.24181],[-79.80404,40.24149],[-79.80536,40.24113],[-79.80551,40.24102],[-79.80608,40.24027],[-79.8069,40.23863],[-79.80726,40.23767],[-79.80743,40.2369],[-79.80745,40.23606],[-79.8071,40.23449],[-79.80663,40.23359],[-79.80561,40.23256],[-79.80439,40.23196],[-79.80346,40.23162],[-79.80297,40.2315],[-79.79929,40.23088],[-79.79727,40.23034],[-79.79534,40.22993],[-79.79031,40.22918],[-79.78917,40.22889],[-79.78877,40.22874],[-79.78776,40.22822],[-79.78694,40.22797],[-79.78259,40.22763],[-79.80052,40.22178],[-79.81442,40.21669],[-79.83926,40.20876],[-79.84026,40.21028],[-79.84072,40.21114],[-79.84095,40.21267],[-79.84176,40.2149],[-79.84198,40.21646],[-79.84203,40.21724],[-79.84228,40.21836],[-79.84426,40.21985],[-79.84645,40.22101],[-79.84696,40.22123],[-79.84861,40.2224],[-79.84927,40.2227],[-79.84988,40.22399],[-79.85004,40.22419],[-79.85231,40.22587],[-79.85287,40.22637],[-79.85344,40.22704],[-79.85379,40.22752],[-79.85422,40.22837],[-79.85505,40.23096],[-79.85575,40.23212],[-79.85583,40.23256],[-79.85574,40.23376],[-79.85588,40.23535],[-79.85597,40.23571],[-79.8574,40.23748],[-79.85956,40.24001],[-79.86014,40.24094],[-79.86127,40.24088],[-79.8625,40.24064],[-79.86478,40.23931],[-79.86494,40.23926],[-79.86785,40.23947],[-79.86962,40.23965],[-79.87037,40.24043],[-79.87069,40.24091],[-79.87089,40.24159],[-79.87124,40.24232],[-79.87178,40.24386],[-79.8722,40.24463],[-79.87252,40.24509],[-79.87298,40.2456],[-79.8737,40.24625],[-79.87644,40.24824],[-79.87702,40.24882],[-79.87744,40.24944],[-79.87777,40.2503],[-79.87889,40.25473],[-79.87908,40.25573],[-79.87905,40.25688],[-79.87826,40.26276],[-79.87829,40.26358],[-79.87841,40.26398],[-79.87882,40.26484],[-79.87952,40.26553],[-79.88026,40.26605],[-79.88198,40.26691],[-79.88311,40.26764],[-79.88379,40.2683],[-79.88424,40.26894],[-79.88414,40.26972],[-79.88319,40.2706],[-79.88188,40.27168],[-79.88113,40.27205],[-79.88074,40.2724],[-79.87903,40.27362],[-79.87933,40.27381],[-79.88099,40.27437],[-79.88129,40.27498],[-79.8792,40.27595],[-79.88272,40.27942],[-79.8805,40.28066],[-79.87835,40.28226],[-79.87776,40.28264],[-79.87576,40.28099],[-79.87449,40.27967],[-79.87533,40.27884],[-79.87468,40.27841],[-79.87438,40.27813],[-79.87387,40.27747],[-79.87322,40.27697],[-79.87187,40.27641],[-79.87151,40.27634],[-79.87096,40.27636],[-79.87023,40.27648],[-79.86955,40.27672],[-79.86873,40.27731],[-79.86687,40.279],[-79.8666,40.27917],[-79.86614,40.27927],[-79.86562,40.27922],[-79.86483,40.27894],[-79.86324,40.27819],[-79.86285,40.27797],[-79.86224,40.2775],[-79.86201,40.27742],[-79.86181,40.27742],[-79.86072,40.27764],[-79.85975,40.27794],[-79.85834,40.27814],[-79.85683,40.27849],[-79.85566,40.27851],[-79.8554,40.27857],[-79.85429,40.2791],[-79.85343,40.27932],[-79.85298,40.27936],[-79.85242,40.2793],[-79.8518,40.27938],[-79.85147,40.27955],[-79.85119,40.27989],[-79.85083,40.2802],[-79.84929,40.28113],[-79.84909,40.28139],[-79.84869,40.28232],[-79.84823,40.2827],[-79.84717,40.28344],[-79.84658,40.28404],[-79.84631,40.28422],[-79.84571,40.28435],[-79.84472,40.2844],[-79.84427,40.28453],[-79.84368,40.28481],[-79.84127,40.28545],[-79.8384,40.28963],[-79.83579,40.29019],[-79.83538,40.29054],[-79.83422,40.29128],[-79.83361,40.29201],[-79.83229,40.29392],[-79.83134,40.2947],[-79.8303,40.29571],[-79.83007,40.296],[-79.82975,40.29686],[-79.8297,40.29766],[-79.82923,40.29832],[-79.83231,40.29919],[-79.83789,40.30166],[-79.83954,40.30274],[-79.83689,40.30743],[-79.83589,40.30763],[-79.83645,40.30873],[-79.83563,40.30895],[-79.83841,40.31429],[-79.83778,40.31466],[-79.83675,40.31322],[-79.83628,40.31277],[-79.83588,40.31249],[-79.83512,40.31233],[-79.83403,40.31218],[-79.8328,40.31212],[-79.83152,40.31212],[-79.83019,40.31227],[-79.829,40.31258],[-79.82707,40.31345],[-79.8251,40.31472],[-79.82281,40.31638],[-79.82107,40.31755],[-79.81847,40.31888],[-79.81732,40.31927],[-79.81607,40.31961],[-79.81442,40.31988],[-79.81248,40.32007],[-79.81051,40.32017],[-79.80332,40.31981],[-79.79982,40.31917],[-79.79632,40.31825],[-79.79541,40.31795],[-79.79331,40.31708],[-79.79247,40.31658],[-79.79181,40.31599],[-79.79106,40.31522],[-79.79052,40.31447],[-79.79028,40.31379],[-79.79014,40.31289]]]]}},{"type":"Feature","properties":{"id":"826","name":"Emsworth Borough","type":"borough","fips":23616},"geometry":{"type":"MultiPolygon","coordinates":[[[[-80.08769,40.51074],[-80.08756,40.51067],[-80.08792,40.51023],[-80.08816,40.51031],[-80.08823,40.51022],[-80.08831,40.51025],[-80.08885,40.50967],[-80.08871,40.50944],[-80.0887,40.50809],[-80.0881,40.50705],[-80.08803,40.50558],[-80.08812,40.50554],[-80.08951,40.50321],[-80.09163,40.50385],[-80.0929,40.50433],[-80.09572,40.50576],[-80.09855,40.50697],[-80.10837,40.51053],[-80.10862,40.51322],[-80.10815,40.51395],[-80.10798,40.51461],[-80.10803,40.51473],[-80.10748,40.51683],[-80.10598,40.51657],[-80.1011,40.51549],[-80.10107,40.51536],[-80.09907,40.51463],[-80.09877,40.51472],[-80.09591,40.51479],[-80.09607,40.5156],[-80.09631,40.51641],[-80.09355,40.51653],[-80.08862,40.51665],[-80.08863,40.51703],[-80.08711,40.51707],[-80.08709,40.51309],[-80.08731,40.51308],[-80.08729,40.51275],[-80.08764,40.51275],[-80.08762,40.51231],[-80.08791,40.5123],[-80.08787,40.51123],[-80.08772,40.51124],[-80.08769,40.51074]]]]}},{"type":"Feature","properties":{"id":"827","name":"Etna Borough","type":"borough","fips":24160},"geometry":{"type":"MultiPolygon","coordinates":[[[[-79.94819,40.50788],[-79.94814,40.50736],[-79.94766,40.5075],[-79.94615,40.50735],[-79.94613,40.50761],[-79.94324,40.50733],[-79.94439,40.50623],[-79.94453,40.50602],[-79.94464,40.50563],[-79.94459,40.50493],[-79.94479,40.50418],[-79.94354,40.50395],[-79.94368,40.50325],[-79.94415,40.50334],[-79.94249,40.50149],[-79.94189,40.50152],[-79.94055,40.50149],[-79.94046,40.4964],[-79.94018,40.49585],[-79.93883,40.49539],[-79.93861,40.49518],[-79.93947,40.49461],[-79.93931,40.49426],[-79.93899,40.49296],[-79.93836,40.49099],[-79.94091,40.49049],[-79.94467,40.48943],[-79.94784,40.48871],[-79.94933,40.48826],[-79.95128,40.4876],[-79.95432,40.4909],[-79.95445,40.49083],[-79.95529,40.4919],[-79.95567,40.49168],[-79.95656,40.49334],[-79.95559,40.49339],[-79.95024,40.49672],[-79.95035,40.49707],[-79.94943,40.49713],[-79.94903,40.49722],[-79.94887,40.49744],[-79.94819,40.49801],[-79.94809,40.49816],[-79.94819,40.49914],[-79.94853,40.49913],[-79.94942,40.5006],[-79.94966,40.5006],[-79.94997,40.50115],[-79.94981,40.50138],[-79.94991,40.50163],[-79.95068,40.50212],[-79.95217,40.50238],[-79.95217,40.50242],[-79.95415,40.50199],[-79.95461,40.50209],[-79.95591,40.50192],[-79.95588,40.50148],[-79.95821,40.50142],[-79.95828,40.50391],[-79.95539,40.50398],[-79.9558,40.50447],[-79.95622,40.50537],[-79.95076,40.50553],[-79.95161,40.50675],[-79.95178,40.50674],[-79.95205,40.50748],[-79.95243,40.5081],[-79.95186,40.5082],[-79.9521,40.50852],[-79.94862,40.50867],[-79.94819,40.50788]]]]}},{"type":"Feature","properties":{"id":"909","name":"Fawn Township","type":"township","fips":25400},"geometry":{"type":"MultiPolygon","coordinates":[[[[-79.71782,40.66966],[-79.71915,40.66638],[-79.72131,40.66174],[-79.7247,40.65558],[-79.73234,40.63886],[-79.73427,40.63551],[-79.75556,40.61276],[-79.75659,40.61182],[-79.75923,40.61433],[-79.76137,40.61428],[-79.76138,40.61465],[-79.76079,40.61531],[-79.7622,40.61599],[-79.76227,40.61614],[-79.76262,40.61609],[-79.76491,40.61649],[-79.76598,40.6165],[-79.76663,40.61745],[-79.76666,40.61865],[-79.77097,40.61837],[-79.77234,40.61877],[-79.78573,40.64384],[-79.81645,40.6441],[-79.81652,40.6509],[-79.81696,40.67171],[-79.77996,40.67123],[-79.77162,40.67088],[-79.76423,40.67044],[-79.75713,40.67023],[-79.73275,40.66925],[-79.72909,40.66926],[-79.72448,40.66946],[-79.71782,40.66966]]]]}},{"type":"Feature","properties":{"id":"910","name":"Findlay Township","type":"township","fips":25904},"geometry":{"type":"MultiPolygon","coordinates":[[[[-80.2226,40.48086],[-80.22228,40.4808],[-80.22058,40.48094],[-80.22041,40.48091],[-80.22046,40.48082],[-80.21973,40.4804],[-80.21911,40.47995],[-80.21901,40.47967],[-80.219,40.47938],[-80.21881,40.47855],[-80.21859,40.47827],[-80.2176,40.47822],[-80.21713,40.47814],[-80.21673,40.47794],[-80.21642,40.47768],[-80.21598,40.47751],[-80.21573,40.47713],[-80.2155,40.47694],[-80.21503,40.47681],[-80.21434,40.4767],[-80.21417,40.47649],[-80.21408,40.47597],[-80.21376,40.47532],[-80.21347,40.47512],[-80.21312,40.47507],[-80.21264,40.4751],[-80.21219,40.47527],[-80.21179,40.47517],[-80.2115,40.47493],[-80.21119,40.47453],[-80.21104,40.47411],[-80.21065,40.47361],[-80.20976,40.47268],[-80.20934,40.47237],[-80.20873,40.47214],[-80.20817,40.47212],[-80.20787,40.47196],[-80.20717,40.47113],[-80.20691,40.47096],[-80.20636,40.47094],[-80.20582,40.47067],[-80.20536,40.47019],[-80.20472,40.46979],[-80.20386,40.46943],[-80.20197,40.46888],[-80.20091,40.46833],[-80.19738,40.46609],[-80.19645,40.46531],[-80.19626,40.46507],[-80.19622,40.46483],[-80.19561,40.46443],[-80.1954,40.46405],[-80.19516,40.46386],[-80.19491,40.46341],[-80.19404,40.46274],[-80.19346,40.46217],[-80.19183,40.46028],[-80.19166,40.45998],[-80.19164,40.45977],[-80.19149,40.45945],[-80.19112,40.45902],[-80.19075,40.45878],[-80.18986,40.45847],[-80.18961,40.45832],[-80.18911,40.45825],[-80.18885,40.45796],[-80.18853,40.45795],[-80.18835,40.45783],[-80.18866,40.45776],[-80.18924,40.45744],[-80.19032,40.45652],[-80.19049,40.45647],[-80.19096,40.45653],[-80.19132,40.4565],[-80.19257,40.45581],[-80.19272,40.45559],[-80.19317,40.45518],[-80.19338,40.45513],[-80.19356,40.45457],[-80.19393,40.45453],[-80.19424,40.45429],[-80.19471,40.45435],[-80.19525,40.45435],[-80.19536,40.45431],[-80.1955,40.45395],[-80.19593,40.45398],[-80.19613,40.45393],[-80.19646,40.45358],[-80.19749,40.45321],[-80.19808,40.4528],[-80.19842,40.45246],[-80.19851,40.45235],[-80.19846,40.45207],[-80.19891,40.45158],[-80.1993,40.45134],[-80.19994,40.45138],[-80.20086,40.45116],[-80.2018,40.451],[-80.20193,40.45114],[-80.20205,40.45118],[-80.20223,40.45113],[-80.2022,40.45093],[-80.20224,40.45089],[-80.20255,40.45086],[-80.20279,40.45095],[-80.20274,40.4512],[-80.2028,40.45127],[-80.20301,40.45132],[-80.2035,40.45126],[-80.20368,40.45133],[-80.20486,40.45209],[-80.20578,40.45286],[-80.20671,40.4534],[-80.20845,40.45379],[-80.20868,40.45379],[-80.20875,40.45371],[-80.20872,40.45356],[-80.20836,40.45343],[-80.20817,40.45306],[-80.20819,40.45299],[-80.20826,40.45296],[-80.20868,40.45292],[-80.20939,40.45312],[-80.21016,40.45341],[-80.21179,40.45372],[-80.212,40.45404],[-80.21225,40.45425],[-80.21279,40.45497],[-80.21323,40.45597],[-80.21348,40.45759],[-80.2142,40.45813],[-80.21438,40.45811],[-80.21444,40.45784],[-80.21481,40.4575],[-80.215,40.45721],[-80.21509,40.4569],[-80.21523,40.45673],[-80.21596,40.4568],[-80.21621,40.45673],[-80.21641,40.45662],[-80.21659,40.45631],[-80.21681,40.45622],[-80.21707,40.45628],[-80.21711,40.45637],[-80.21699,40.45669],[-80.21705,40.45687],[-80.21763,40.45738],[-80.21783,40.45747],[-80.21803,40.45747],[-80.2183,40.45754],[-80.21877,40.4579],[-80.21906,40.45802],[-80.21927,40.45793],[-80.21942,40.45791],[-80.21962,40.45811],[-80.22004,40.4583],[-80.22061,40.45837],[-80.22103,40.45832],[-80.22127,40.45819],[-80.22133,40.45803],[-80.22113,40.4572],[-80.22123,40.45687],[-80.22121,40.45621],[-80.22134,40.45585],[-80.22156,40.45567],[-80.2218,40.45564],[-80.22195,40.45541],[-80.22239,40.45512],[-80.22311,40.45486],[-80.22358,40.45481],[-80.22394,40.45487],[-80.2241,40.4551],[-80.22453,40.45543],[-80.22464,40.45558],[-80.22462,40.4564],[-80.22437,40.45665],[-80.22427,40.45703],[-80.22424,40.45785],[-80.22443,40.45832],[-80.2247,40.45844],[-80.22531,40.45853],[-80.22586,40.45852],[-80.22633,40.4584],[-80.22675,40.45838],[-80.22705,40.45829],[-80.22789,40.45761],[-80.22831,40.45745],[-80.22844,40.45716],[-80.22908,40.45686],[-80.22917,40.45675],[-80.22939,40.45666],[-80.23029,40.45548],[-80.23061,40.45526],[-80.23192,40.45488],[-80.23233,40.45481],[-80.23262,40.45469],[-80.2328,40.45471],[-80.233,40.4551],[-80.23324,40.45517],[-80.23358,40.45515],[-80.23447,40.45493],[-80.2346,40.45463],[-80.23445,40.45403],[-80.23452,40.45378],[-80.23448,40.4531],[-80.23453,40.45298],[-80.23473,40.45281],[-80.23534,40.45246],[-80.23591,40.45234],[-80.23615,40.45238],[-80.23695,40.45231],[-80.23763,40.45208],[-80.23794,40.45224],[-80.23823,40.45211],[-80.2385,40.45206],[-80.23964,40.45214],[-80.2405,40.452],[-80.24078,40.45188],[-80.24105,40.45163],[-80.24115,40.45135],[-80.24111,40.45124],[-80.24123,40.45115],[-80.24289,40.45048],[-80.2435,40.45037],[-80.24373,40.45],[-80.24476,40.44979],[-80.24492,40.44977],[-80.24563,40.44989],[-80.24596,40.44982],[-80.24784,40.44979],[-80.24866,40.44971],[-80.24887,40.44978],[-80.24906,40.44999],[-80.24924,40.45005],[-80.25047,40.44997],[-80.25064,40.44991],[-80.25136,40.44957],[-80.25157,40.44936],[-80.25186,40.44933],[-80.25203,40.44904],[-80.25261,40.44873],[-80.25286,40.44875],[-80.25309,40.44863],[-80.25328,40.44845],[-80.25322,40.44817],[-80.25327,40.44807],[-80.25355,40.44787],[-80.25436,40.4475],[-80.2544,40.44717],[-80.25489,40.44685],[-80.25495,40.44685],[-80.25492,40.44707],[-80.25535,40.44713],[-80.25552,40.44707],[-80.25568,40.44695],[-80.25589,40.44662],[-80.25641,40.44644],[-80.25699,40.44561],[-80.25725,40.44551],[-80.25818,40.44547],[-80.25824,40.44519],[-80.25851,40.4452],[-80.25856,40.44502],[-80.25882,40.44492],[-80.25852,40.44478],[-80.25857,40.44468],[-80.25936,40.4445],[-80.26043,40.44403],[-80.26102,40.44384],[-80.26105,40.44381],[-80.261,40.44378],[-80.26065,40.44379],[-80.26078,40.4436],[-80.26086,40.44304],[-80.26093,40.44297],[-80.26182,40.44237],[-80.26247,40.44232],[-80.26257,40.44226],[-80.26259,40.44206],[-80.26404,40.44141],[-80.26498,40.44131],[-80.26505,40.44126],[-80.2655,40.44137],[-80.26604,40.44114],[-80.26658,40.44103],[-80.26757,40.44099],[-80.26851,40.44128],[-80.2692,40.44141],[-80.26967,40.44144],[-80.27065,40.44177],[-80.27354,40.44193],[-80.27443,40.44193],[-80.27508,40.44206],[-80.2754,40.44227],[-80.27554,40.44228],[-80.27559,40.44236],[-80.27574,40.44235],[-80.27651,40.44247],[-80.2767,40.4426],[-80.27695,40.44254],[-80.27707,40.44261],[-80.27787,40.4426],[-80.27795,40.44264],[-80.278,40.44277],[-80.27831,40.44272],[-80.27843,40.44286],[-80.27879,40.44276],[-80.27913,40.44291],[-80.27946,40.44294],[-80.27998,40.44281],[-80.28168,40.44273],[-80.28208,40.44279],[-80.2823,40.44261],[-80.28271,40.44191],[-80.28339,40.44136],[-80.28378,40.44092],[-80.2842,40.44017],[-80.28504,40.43353],[-80.2962,40.42548],[-80.31286,40.43938],[-80.32977,40.45274],[-80.33759,40.4593],[-80.36091,40.47768],[-80.27433,40.53932],[-80.27316,40.53758],[-80.27125,40.53382],[-80.27007,40.53122],[-80.25937,40.51164],[-80.22806,40.49545],[-80.22802,40.49518],[-80.2281,40.49498],[-80.22807,40.49471],[-80.22734,40.4939],[-80.22675,40.49297],[-80.22653,40.49249],[-80.22594,40.49188],[-80.22569,40.49149],[-80.22551,40.49096],[-80.22448,40.48538],[-80.22421,40.48449],[-80.22363,40.48364],[-80.2232,40.48335],[-80.22317,40.48318],[-80.22264,40.48259],[-80.22268,40.48243],[-80.22251,40.4822],[-80.22226,40.48207],[-80.22206,40.48172],[-80.22219,40.48145],[-80.22246,40.48133],[-80.22282,40.48104],[-80.2226,40.48086]]]]}},{"type":"Feature","properties":{"id":"828","name":"Forest Hills Borough","type":"borough","fips":26592},"geometry":{"type":"MultiPolygon","coordinates":[[[[-79.84716,40.42857],[-79.84405,40.42511],[-79.8436,40.4245],[-79.84302,40.42212],[-79.84145,40.42018],[-79.84091,40.41932],[-79.84152,40.41902],[-79.84129,40.41866],[-79.84066,40.41892],[-79.83966,40.41723],[-79.84049,40.41694],[-79.84,40.4162],[-79.83921,40.41648],[-79.83854,40.41534],[-79.83873,40.41522],[-79.84319,40.40919],[-79.84384,40.40966],[-79.84422,40.41225],[-79.8453,40.41208],[-79.84528,40.41162],[-79.84607,40.41202],[-79.84907,40.41174],[-79.84987,40.41393],[-79.85068,40.41433],[-79.84992,40.41462],[-79.85001,40.41535],[-79.8499,40.41556],[-79.8505,40.41577],[-79.85262,40.41679],[-79.85152,40.41838],[-79.85453,40.41955],[-79.85821,40.42111],[-79.8597,40.42073],[-79.86146,40.42162],[-79.86175,40.42172],[-79.86414,40.42249],[-79.86656,40.42289],[-79.86797,40.42345],[-79.86829,40.42385],[-79.86868,40.42489],[-79.86899,40.42533],[-79.86942,40.42563],[-79.87172,40.42646],[-79.87203,40.42664],[-79.87236,40.42691],[-79.87105,40.42759],[-79.87121,40.4284],[-79.87116,40.42866],[-79.87087,40.42937],[-79.87046,40.42994],[-79.87157,40.43176],[-79.87113,40.43206],[-79.87051,40.43192],[-79.87007,40.4319],[-79.86943,40.43201],[-79.86885,40.43222],[-79.86675,40.43133],[-79.86135,40.43844],[-79.85604,40.43382],[-79.85201,40.43688],[-79.84853,40.43378],[-79.84833,40.43344],[-79.8483,40.43317],[-79.84835,40.43282],[-79.8488,40.43141],[-79.84887,40.43106],[-79.84886,40.43066],[-79.84852,40.43009],[-79.84716,40.42857]]]]}},{"type":"Feature","properties":{"id":"911","name":"Forward Township","type":"township","fips":26896},"geometry":{"type":"MultiPolygon","coordinates":[[[[-79.88262,40.26729],[-79.88198,40.26691],[-79.88026,40.26605],[-79.87952,40.26553],[-79.87882,40.26484],[-79.87841,40.26398],[-79.87829,40.26358],[-79.87826,40.26276],[-79.87905,40.25688],[-79.87908,40.25573],[-79.87889,40.25473],[-79.87777,40.2503],[-79.87745,40.24947],[-79.87702,40.24882],[-79.87644,40.24824],[-79.87353,40.24611],[-79.87298,40.2456],[-79.87252,40.24509],[-79.8722,40.24463],[-79.87178,40.24386],[-79.87124,40.24232],[-79.87089,40.24159],[-79.87069,40.24091],[-79.87037,40.24043],[-79.86962,40.23965],[-79.86785,40.23947],[-79.86494,40.23926],[-79.86478,40.23931],[-79.8625,40.24064],[-79.86127,40.24088],[-79.86014,40.24094],[-79.85956,40.24001],[-79.8574,40.23748],[-79.85597,40.23571],[-79.85588,40.23535],[-79.85574,40.23376],[-79.85583,40.23256],[-79.85575,40.23212],[-79.85505,40.23096],[-79.85422,40.22837],[-79.85379,40.22752],[-79.85344,40.22704],[-79.85287,40.22637],[-79.85231,40.22587],[-79.85004,40.22419],[-79.84988,40.22399],[-79.84927,40.2227],[-79.84861,40.2224],[-79.84696,40.22123],[-79.84645,40.22101],[-79.84426,40.21985],[-79.84228,40.21836],[-79.84203,40.21724],[-79.84198,40.21646],[-79.84176,40.2149],[-79.84095,40.21267],[-79.84072,40.21114],[-79.84026,40.21028],[-79.83926,40.20876],[-79.84753,40.20561],[-79.85014,40.20466],[-79.86688,40.19891],[-79.8717,40.19731],[-79.87485,40.19723],[-79.87788,40.19704],[-79.8811,40.19666],[-79.8856,40.19538],[-79.88874,40.19474],[-79.89127,40.19449],[-79.8948,40.19429],[-79.89735,40.19447],[-79.90022,40.19483],[-79.90372,40.19545],[-79.90725,40.19616],[-79.9106,40.19693],[-79.91364,40.19786],[-79.91644,40.199],[-79.91868,40.20026],[-79.92073,40.20188],[-79.92154,40.20267],[-79.92281,40.20371],[-79.9246,40.20496],[-79.92686,40.20606],[-79.92933,40.20711],[-79.93262,40.20789],[-79.93658,40.20899],[-79.94433,40.21066],[-79.95003,40.2115],[-79.95301,40.21221],[-79.95501,40.21281],[-79.95794,40.21427],[-79.96692,40.22216],[-79.96924,40.22457],[-79.97092,40.2269],[-79.97128,40.22818],[-79.9713,40.22949],[-79.97114,40.23066],[-79.97069,40.23201],[-79.97005,40.23331],[-79.96809,40.23545],[-79.96684,40.23655],[-79.96257,40.23879],[-79.95919,40.23967],[-79.95684,40.24021],[-79.95406,40.24056],[-79.95064,40.24085],[-79.94301,40.2411],[-79.93759,40.24153],[-79.93416,40.24214],[-79.93077,40.24298],[-79.92526,40.24507],[-79.9218,40.24679],[-79.91751,40.24945],[-79.91593,40.25083],[-79.91475,40.25199],[-79.91323,40.25449],[-79.91209,40.25603],[-79.91145,40.25677],[-79.90966,40.25847],[-79.90878,40.25915],[-79.90693,40.26043],[-79.90603,40.26099],[-79.90346,40.26243],[-79.90276,40.26292],[-79.90114,40.26412],[-79.89942,40.26558],[-79.8987,40.26609],[-79.89764,40.26698],[-79.89632,40.26793],[-79.8949,40.26716],[-79.89499,40.2665],[-79.89494,40.26607],[-79.89499,40.2656],[-79.89492,40.26518],[-79.89479,40.265],[-79.89464,40.26426],[-79.89418,40.2644],[-79.89398,40.26357],[-79.89158,40.26439],[-79.8923,40.26504],[-79.89198,40.26525],[-79.89087,40.2657],[-79.89076,40.26558],[-79.89123,40.26531],[-79.89099,40.26504],[-79.89092,40.26498],[-79.89046,40.26524],[-79.89036,40.26517],[-79.88951,40.26564],[-79.88739,40.26742],[-79.88653,40.26683],[-79.88589,40.26736],[-79.88424,40.26894],[-79.88364,40.26814],[-79.88311,40.26764],[-79.88262,40.26729]]]]}},{"type":"Feature","properties":{"id":"868","name":"Fox Chapel Borough","type":"borough","fips":27120},"geometry":{"type":"MultiPolygon","coordinates":[[[[-79.87459,40.5521],[-79.87462,40.55127],[-79.87453,40.54679],[-79.86834,40.54691],[-79.86801,40.54186],[-79.86785,40.5373],[-79.8677,40.53595],[-79.85551,40.53642],[-79.85527,40.5288],[-79.86758,40.52852],[-79.86726,40.52223],[-79.87168,40.52632],[-79.87194,40.52663],[-79.87226,40.52718],[-79.87162,40.50975],[-79.87278,40.50972],[-79.87254,40.50389],[-79.87863,40.5037],[-79.87846,40.49951],[-79.88354,40.4992],[-79.88393,40.49915],[-79.88507,40.49887],[-79.88536,40.49885],[-79.8859,40.49895],[-79.88641,40.49886],[-79.88739,40.49867],[-79.88891,40.49812],[-79.89043,40.49732],[-79.89116,40.49705],[-79.89045,40.49479],[-79.88997,40.49481],[-79.88984,40.49153],[-79.89432,40.49219],[-79.89691,40.49262],[-79.89656,40.49381],[-79.89787,40.49514],[-79.89855,40.49527],[-79.89919,40.49552],[-79.8998,40.49582],[-79.90002,40.49611],[-79.89984,40.4968],[-79.8994,40.49715],[-79.90035,40.49887],[-79.90037,40.49893],[-79.90015,40.499],[-79.901,40.50036],[-79.90106,40.5004],[-79.90138,40.50012],[-79.90189,40.49986],[-79.90221,40.49976],[-79.90236,40.50399],[-79.90832,40.50381],[-79.90858,40.50875],[-79.91129,40.50868],[-79.91127,40.50778],[-79.91284,40.50777],[-79.91292,40.50863],[-79.91408,40.50861],[-79.91458,40.51763],[-79.91502,40.52701],[-79.91181,40.5271],[-79.91147,40.52821],[-79.91164,40.52877],[-79.91225,40.52895],[-79.91254,40.52913],[-79.91278,40.5294],[-79.91307,40.52958],[-79.91328,40.52993],[-79.9131,40.53037],[-79.91163,40.53041],[-79.91163,40.53057],[-79.91135,40.53057],[-79.91138,40.53113],[-79.91448,40.53104],[-79.91403,40.53233],[-79.91326,40.53579],[-79.91313,40.53611],[-79.9129,40.53647],[-79.9125,40.53688],[-79.9111,40.53774],[-79.91161,40.53827],[-79.91366,40.54086],[-79.91272,40.54087],[-79.91294,40.54687],[-79.9102,40.54699],[-79.91019,40.54831],[-79.90898,40.54795],[-79.90836,40.5477],[-79.90779,40.54742],[-79.90657,40.54666],[-79.90601,40.54638],[-79.90538,40.5462],[-79.90435,40.54609],[-79.9041,40.5423],[-79.90403,40.53952],[-79.90364,40.53944],[-79.90316,40.53845],[-79.90316,40.53835],[-79.90349,40.53829],[-79.90302,40.53833],[-79.90302,40.53825],[-79.90282,40.53806],[-79.90239,40.53803],[-79.90214,40.53785],[-79.90178,40.53952],[-79.90299,40.53949],[-79.903,40.53959],[-79.90076,40.54368],[-79.89848,40.54263],[-79.89662,40.54613],[-79.89594,40.54615],[-79.89607,40.54869],[-79.89707,40.54865],[-79.8971,40.5492],[-79.89232,40.54952],[-79.89237,40.55099],[-79.8908,40.55103],[-79.89048,40.55081],[-79.88989,40.55008],[-79.88888,40.5492],[-79.8884,40.54896],[-79.88805,40.54884],[-79.88689,40.54866],[-79.88618,40.54886],[-79.88572,40.54917],[-79.8854,40.54956],[-79.88495,40.55058],[-79.88458,40.5509],[-79.88425,40.55103],[-79.88311,40.55127],[-79.88171,40.55128],[-79.87931,40.5516],[-79.8773,40.55177],[-79.87459,40.5521]]]]}},{"type":"Feature","properties":{"id":"884","name":"Franklin Park Borough","type":"borough","fips":27552},"geometry":{"type":"MultiPolygon","coordinates":[[[[-80.0683,40.61632],[-80.06762,40.60379],[-80.06766,40.60261],[-80.06736,40.59418],[-80.06681,40.58609],[-80.06467,40.55139],[-80.06402,40.54223],[-80.06695,40.54434],[-80.06808,40.54508],[-80.06912,40.54573],[-80.06922,40.54564],[-80.07461,40.54909],[-80.09097,40.56008],[-80.09278,40.5614],[-80.09395,40.56207],[-80.09854,40.56507],[-80.10429,40.56911],[-80.10985,40.57274],[-80.11389,40.57547],[-80.12409,40.58221],[-80.12831,40.58483],[-80.13397,40.58825],[-80.13377,40.58825],[-80.15865,40.60525],[-80.1587,40.60929],[-80.15824,40.60917],[-80.15765,40.60888],[-80.15702,40.60872],[-80.15636,40.60838],[-80.15588,40.60819],[-80.15502,40.60802],[-80.1548,40.60807],[-80.15458,40.60836],[-80.15435,40.60847],[-80.15377,40.60842],[-80.15365,40.60846],[-80.15329,40.60896],[-80.15286,40.60933],[-80.15269,40.60942],[-80.15251,40.60945],[-80.15207,40.60941],[-80.15192,40.60954],[-80.15176,40.61018],[-80.15165,40.61115],[-80.15113,40.61148],[-80.15014,40.61189],[-80.15001,40.61207],[-80.14906,40.6122],[-80.14853,40.61234],[-80.14786,40.61234],[-80.14723,40.61243],[-80.14549,40.61348],[-80.14511,40.61345],[-80.14519,40.61476],[-80.0683,40.61632]]]]}},{"type":"Feature","properties":{"id":"913","name":"Frazer Township","type":"township","fips":27608},"geometry":{"type":"MultiPolygon","coordinates":[[[[-79.76598,40.6165],[-79.76418,40.61425],[-79.76689,40.61422],[-79.76675,40.60927],[-79.77095,40.60919],[-79.77085,40.6062],[-79.77197,40.60602],[-79.7723,40.60604],[-79.7728,40.60619],[-79.77366,40.60615],[-79.78912,40.60597],[-79.78848,40.59015],[-79.78979,40.59015],[-79.79103,40.59025],[-79.79644,40.59013],[-79.79611,40.58354],[-79.79574,40.58331],[-79.79537,40.58316],[-79.79371,40.58299],[-79.79311,40.58287],[-79.79185,40.58298],[-79.79075,40.5833],[-79.78813,40.58337],[-79.78795,40.57558],[-79.78761,40.57184],[-79.78018,40.57194],[-79.7757,40.56284],[-79.79874,40.56228],[-79.80157,40.56227],[-79.80639,40.56207],[-79.8113,40.56194],[-79.81214,40.58452],[-79.81209,40.58759],[-79.81222,40.58875],[-79.81222,40.59028],[-79.81253,40.59853],[-79.81258,40.59912],[-79.81264,40.59912],[-79.81264,40.60109],[-79.81287,40.60357],[-79.81285,40.60791],[-79.81302,40.61204],[-79.81313,40.6136],[-79.81612,40.63514],[-79.81638,40.63879],[-79.81645,40.6441],[-79.78573,40.64384],[-79.77234,40.61877],[-79.77097,40.61837],[-79.76666,40.61865],[-79.76663,40.61745],[-79.76598,40.6165]]]]}},{"type":"Feature","properties":{"id":"829","name":"Glassport Borough","type":"borough","fips":29432},"geometry":{"type":"MultiPolygon","coordinates":[[[[-79.88096,40.34177],[-79.88244,40.34064],[-79.88329,40.33982],[-79.88341,40.33955],[-79.88349,40.33955],[-79.88472,40.33697],[-79.88354,40.33613],[-79.88391,40.33547],[-79.88308,40.33235],[-79.87544,40.32909],[-79.87424,40.32797],[-79.87231,40.32645],[-79.87442,40.32351],[-79.8763,40.321],[-79.87411,40.32022],[-79.87445,40.31988],[-79.87469,40.31934],[-79.8747,40.31908],[-79.87525,40.31787],[-79.87469,40.31713],[-79.87622,40.31634],[-79.87583,40.31546],[-79.87618,40.31465],[-79.87783,40.3131],[-79.87977,40.31412],[-79.88183,40.31497],[-79.88297,40.31335],[-79.88418,40.31146],[-79.89149,40.31476],[-79.89501,40.31779],[-79.89601,40.31887],[-79.89668,40.31975],[-79.89741,40.32102],[-79.89763,40.32185],[-79.89754,40.32374],[-79.89731,40.32488],[-79.89709,40.32701],[-79.89649,40.33044],[-79.89587,40.33281],[-79.89551,40.33378],[-79.89505,40.33473],[-79.89448,40.33563],[-79.89247,40.33817],[-79.89189,40.339],[-79.89088,40.33992],[-79.88947,40.34106],[-79.88871,40.34174],[-79.88605,40.34452],[-79.88565,40.34513],[-79.8818,40.34339],[-79.88096,40.34177]]]]}},{"type":"Feature","properties":{"id":"846","name":"Glen Osborne Borough","type":"borough","fips":29732},"geometry":{"type":"MultiPolygon","coordinates":[[[[-80.16882,40.53689],[-80.16898,40.53615],[-80.16574,40.53619],[-80.16569,40.53312],[-80.16455,40.53309],[-80.15931,40.53324],[-80.15895,40.5266],[-80.15902,40.52636],[-80.15911,40.52639],[-80.16174,40.52392],[-80.16763,40.52624],[-80.17126,40.52741],[-80.17235,40.52781],[-80.17536,40.52863],[-80.1763,40.52896],[-80.17865,40.52995],[-80.17515,40.53498],[-80.17225,40.53763],[-80.16882,40.53689]]]]}},{"type":"Feature","properties":{"id":"830","name":"Glenfield Borough","type":"borough","fips":29592},"geometry":{"type":"MultiPolygon","coordinates":[[[[-80.12029,40.51315],[-80.1221,40.51345],[-80.12519,40.5142],[-80.12886,40.51482],[-80.13232,40.51505],[-80.13418,40.51535],[-80.13773,40.51634],[-80.13976,40.5174],[-80.14164,40.51828],[-80.14347,40.51908],[-80.14514,40.51969],[-80.14727,40.52041],[-80.14929,40.52094],[-80.15251,40.52169],[-80.15197,40.52359],[-80.15177,40.5239],[-80.15103,40.52455],[-80.15044,40.5252],[-80.14926,40.52529],[-80.14643,40.52532],[-80.14153,40.52525],[-80.13876,40.52553],[-80.13525,40.52567],[-80.13233,40.52575],[-80.12929,40.52575],[-80.12235,40.52592],[-80.12082,40.526],[-80.12044,40.51579],[-80.12029,40.51315]]]]}},{"type":"Feature","properties":{"id":"831","name":"Green Tree Borough","type":"borough","fips":31256},"geometry":{"type":"MultiPolygon","coordinates":[[[[-80.04329,40.4282],[-80.04268,40.42871],[-80.04315,40.42805],[-80.04249,40.42863],[-80.04174,40.42901],[-80.0407,40.42869],[-80.03837,40.42785],[-80.0375,40.42854],[-80.03482,40.42838],[-80.05121,40.40195],[-80.05787,40.40508],[-80.06668,40.40907],[-80.0691,40.41026],[-80.07472,40.41287],[-80.07471,40.413],[-80.07441,40.41306],[-80.07385,40.41342],[-80.07287,40.41419],[-80.07233,40.41488],[-80.07191,40.41562],[-80.07178,40.41573],[-80.07153,40.41582],[-80.06985,40.41587],[-80.06797,40.41603],[-80.06729,40.41623],[-80.06671,40.41657],[-80.06641,40.41683],[-80.06617,40.41715],[-80.06609,40.41744],[-80.06673,40.41991],[-80.06723,40.42271],[-80.06706,40.42306],[-80.06552,40.42512],[-80.0639,40.42633],[-80.06373,40.42638],[-80.06328,40.4264],[-80.06173,40.42638],[-80.05724,40.42645],[-80.05641,40.42671],[-80.05419,40.42761],[-80.05378,40.42795],[-80.05138,40.42713],[-80.05072,40.4271],[-80.04946,40.42684],[-80.04865,40.4264],[-80.04778,40.42575],[-80.04738,40.42597],[-80.04739,40.42697],[-80.04658,40.42701],[-80.0468,40.42736],[-80.0466,40.42942],[-80.04463,40.42907],[-80.04329,40.4282]]]]}},{"type":"Feature","properties":{"id":"914","name":"Hampton Township","type":"township","fips":32328},"geometry":{"type":"MultiPolygon","coordinates":[[[[-79.91595,40.59638],[-79.91569,40.58717],[-79.91543,40.58187],[-79.91509,40.55493],[-79.93597,40.55413],[-79.94434,40.55391],[-79.94849,40.55388],[-79.94965,40.55393],[-79.94962,40.55358],[-79.95017,40.55363],[-79.95022,40.55455],[-79.95811,40.55427],[-79.9626,40.55423],[-79.96734,40.55407],[-79.97187,40.55416],[-79.97199,40.55394],[-79.97929,40.5538],[-79.97903,40.55508],[-79.98272,40.55515],[-79.98269,40.55396],[-79.98893,40.55395],[-79.9899,40.57496],[-79.99093,40.60545],[-79.99114,40.61432],[-79.97622,40.61447],[-79.96787,40.61481],[-79.94706,40.61546],[-79.93398,40.61582],[-79.92061,40.61608],[-79.92043,40.61095],[-79.92013,40.60671],[-79.9201,40.60497],[-79.91974,40.59629],[-79.91595,40.59638]]]]}},{"type":"Feature","properties":{"id":"915","name":"Harmar Township","type":"township","fips":32624},"geometry":{"type":"MultiPolygon","coordinates":[[[[-79.80757,40.53729],[-79.80855,40.53713],[-79.81367,40.53663],[-79.82068,40.53637],[-79.82178,40.53627],[-79.82333,40.53603],[-79.82854,40.53501],[-79.83082,40.53435],[-79.83319,40.53353],[-79.83528,40.53264],[-79.83818,40.53151],[-79.84032,40.53077],[-79.84231,40.52981],[-79.84397,40.52878],[-79.84647,40.52698],[-79.84744,40.52621],[-79.84843,40.52513],[-79.84921,40.52396],[-79.84968,40.52303],[-79.8502,40.52172],[-79.8505,40.52052],[-79.85178,40.52066],[-79.85489,40.52088],[-79.85502,40.52385],[-79.85517,40.52567],[-79.85551,40.53642],[-79.8677,40.53595],[-79.86785,40.5373],[-79.86801,40.54186],[-79.86834,40.54691],[-79.86846,40.55228],[-79.86873,40.55459],[-79.86901,40.56036],[-79.86494,40.56049],[-79.84969,40.56078],[-79.84225,40.56107],[-79.83158,40.56138],[-79.82359,40.56168],[-79.82364,40.56298],[-79.82336,40.56353],[-79.82317,40.56406],[-79.82303,40.56404],[-79.82296,40.5643],[-79.82271,40.5647],[-79.82243,40.56468],[-79.82218,40.56635],[-79.81144,40.56654],[-79.8113,40.56194],[-79.81117,40.55398],[-79.80805,40.554],[-79.80764,40.54344],[-79.80755,40.54013],[-79.80757,40.53729]]]]}},{"type":"Feature","properties":{"id":"916","name":"Harrison Township","type":"township","fips":32832},"geometry":{"type":"MultiPolygon","coordinates":[[[[-79.73317,40.60314],[-79.73358,40.60435],[-79.7345,40.60637],[-79.73367,40.60658],[-79.73357,40.60854],[-79.73519,40.608],[-79.73551,40.60894],[-79.73567,40.61227],[-79.73581,40.61289],[-79.73606,40.61329],[-79.73629,40.61352],[-79.73874,40.61569],[-79.74354,40.61363],[-79.74451,40.61311],[-79.74531,40.61254],[-79.74718,40.61106],[-79.74799,40.61154],[-79.74961,40.61131],[-79.74922,40.60995],[-79.75106,40.60886],[-79.75219,40.60885],[-79.75232,40.60902],[-79.75262,40.60886],[-79.7528,40.60909],[-79.75325,40.60886],[-79.75373,40.60953],[-79.75417,40.60989],[-79.75586,40.60904],[-79.75714,40.61074],[-79.75659,40.61182],[-79.75556,40.61276],[-79.73427,40.63551],[-79.73234,40.63886],[-79.7247,40.65558],[-79.72131,40.66174],[-79.71915,40.66638],[-79.71782,40.66966],[-79.70755,40.66986],[-79.69289,40.66962],[-79.69291,40.66826],[-79.69404,40.66745],[-79.69496,40.66648],[-79.69547,40.66577],[-79.69566,40.66527],[-79.69584,40.66475],[-79.69595,40.66404],[-79.69582,40.66144],[-79.69544,40.6602],[-79.69417,40.65747],[-79.69273,40.65499],[-79.69109,40.65248],[-79.69049,40.65116],[-79.68921,40.64786],[-79.68898,40.64544],[-79.68908,40.64479],[-79.68923,40.64385],[-79.68957,40.64261],[-79.69028,40.64088],[-79.6912,40.6395],[-79.69436,40.63514],[-79.69896,40.63038],[-79.69989,40.62912],[-79.70134,40.62766],[-79.70334,40.6257],[-79.70801,40.6223],[-79.71178,40.6193],[-79.71206,40.61915],[-79.71458,40.61702],[-79.71566,40.61585],[-79.7164,40.61479],[-79.71771,40.6133],[-79.71896,40.61132],[-79.72,40.6095],[-79.72133,40.60817],[-79.72316,40.607],[-79.72471,40.60632],[-79.73317,40.60314]]]]}},{"type":"Feature","properties":{"id":"832","name":"Haysville Borough","type":"borough","fips":33312},"geometry":{"type":"MultiPolygon","coordinates":[[[[-80.15212,40.52307],[-80.15251,40.52169],[-80.15409,40.52206],[-80.15704,40.52257],[-80.15977,40.52324],[-80.16174,40.52392],[-80.15911,40.52639],[-80.15902,40.52636],[-80.15895,40.5266],[-80.15933,40.53352],[-80.15356,40.5327],[-80.1534,40.53115],[-80.1552,40.53031],[-80.15692,40.52914],[-80.15768,40.52842],[-80.14926,40.52529],[-80.15044,40.5252],[-80.15103,40.52455],[-80.15177,40.5239],[-80.15197,40.52359],[-80.15212,40.52307]]]]}},{"type":"Feature","properties":{"id":"833","name":"Heidelberg Borough","type":"borough","fips":33592},"geometry":{"type":"MultiPolygon","coordinates":[[[[-80.0991,40.39388],[-80.09874,40.3939],[-80.09713,40.39416],[-80.09445,40.39479],[-80.09257,40.39511],[-80.08928,40.39514],[-80.08841,40.39503],[-80.08804,40.39493],[-80.08751,40.39455],[-80.08718,40.39424],[-80.08685,40.3938],[-80.08635,40.39293],[-80.08606,40.39204],[-80.08609,40.39121],[-80.08635,40.3901],[-80.08669,40.38926],[-80.08696,40.38886],[-80.08778,40.38802],[-80.08836,40.38759],[-80.08885,40.38743],[-80.0898,40.38731],[-80.09085,40.38701],[-80.0911,40.38739],[-80.09162,40.38791],[-80.09259,40.38856],[-80.0941,40.38873],[-80.0953,40.38862],[-80.09608,40.38846],[-80.097,40.38819],[-80.09746,40.38787],[-80.0991,40.39388]]]]}},{"type":"Feature","properties":{"id":"834","name":"Homestead Borough","type":"borough","fips":35424},"geometry":{"type":"MultiPolygon","coordinates":[[[[-79.90333,40.40903],[-79.90745,40.40875],[-79.90271,40.40328],[-79.90133,40.4038],[-79.89963,40.3994],[-79.90263,40.40132],[-79.90648,40.3994],[-79.90704,40.40007],[-79.90776,40.39905],[-79.90877,40.39986],[-79.90969,40.39915],[-79.91146,40.39893],[-79.91217,40.39944],[-79.91203,40.39956],[-79.91435,40.40031],[-79.91553,40.40093],[-79.91367,40.40235],[-79.91284,40.40276],[-79.91174,40.40314],[-79.91185,40.40332],[-79.91328,40.40519],[-79.91539,40.40664],[-79.91847,40.40897],[-79.9196,40.40977],[-79.91876,40.4106],[-79.91727,40.41192],[-79.91541,40.41323],[-79.91345,40.41421],[-79.91096,40.41501],[-79.90799,40.41547],[-79.90598,40.41572],[-79.90528,40.41375],[-79.90333,40.40903]]]]}},{"type":"Feature","properties":{"id":"917","name":"Indiana Township","type":"township","fips":36808},"geometry":{"type":"MultiPolygon","coordinates":[[[[-79.81264,40.59912],[-79.81258,40.59912],[-79.81253,40.59853],[-79.81222,40.59028],[-79.81222,40.58875],[-79.81209,40.58759],[-79.81214,40.58452],[-79.81144,40.56654],[-79.82218,40.56635],[-79.82243,40.56468],[-79.82271,40.5647],[-79.82296,40.5643],[-79.82303,40.56404],[-79.82317,40.56406],[-79.82336,40.56353],[-79.82364,40.56298],[-79.82359,40.56168],[-79.83158,40.56138],[-79.84225,40.56107],[-79.84969,40.56078],[-79.86494,40.56049],[-79.86901,40.56036],[-79.86873,40.55459],[-79.86846,40.55228],[-79.86834,40.54691],[-79.87453,40.54679],[-79.87462,40.55127],[-79.87459,40.5521],[-79.8773,40.55177],[-79.87931,40.5516],[-79.88171,40.55128],[-79.88311,40.55127],[-79.88425,40.55103],[-79.88458,40.5509],[-79.88495,40.55058],[-79.8854,40.54956],[-79.88572,40.54917],[-79.88618,40.54886],[-79.88689,40.54866],[-79.88805,40.54884],[-79.8884,40.54896],[-79.88888,40.5492],[-79.88989,40.55008],[-79.89048,40.55081],[-79.8908,40.55103],[-79.89237,40.55099],[-79.89232,40.54952],[-79.8971,40.5492],[-79.89707,40.54865],[-79.89607,40.54869],[-79.89594,40.54615],[-79.89662,40.54613],[-79.89848,40.54263],[-79.90076,40.54368],[-79.903,40.53959],[-79.90299,40.53949],[-79.90178,40.53952],[-79.90214,40.53785],[-79.90239,40.53803],[-79.90282,40.53806],[-79.90302,40.53825],[-79.90302,40.53833],[-79.90349,40.53829],[-79.90316,40.53835],[-79.90316,40.53845],[-79.90364,40.53944],[-79.90403,40.53952],[-79.9041,40.5423],[-79.90435,40.54609],[-79.90538,40.5462],[-79.90601,40.54638],[-79.90657,40.54666],[-79.90779,40.54742],[-79.90836,40.5477],[-79.90898,40.54795],[-79.91019,40.54831],[-79.9102,40.54699],[-79.91294,40.54687],[-79.91272,40.54087],[-79.91366,40.54086],[-79.91161,40.53827],[-79.9111,40.53774],[-79.9125,40.53688],[-79.91308,40.53621],[-79.92056,40.53598],[-79.92715,40.53587],[-79.92712,40.53428],[-79.93772,40.53413],[-79.93798,40.53968],[-79.93812,40.53972],[-79.93818,40.53985],[-79.9383,40.54546],[-79.93868,40.55219],[-79.9387,40.55406],[-79.93597,40.55413],[-79.91509,40.55493],[-79.91543,40.58187],[-79.91569,40.58717],[-79.91595,40.59638],[-79.90296,40.59671],[-79.86935,40.59777],[-79.85243,40.59812],[-79.82062,40.59908],[-79.81264,40.59912]]]]}},{"type":"Feature","properties":{"id":"835","name":"Ingram Borough","type":"borough","fips":37000},"geometry":{"type":"MultiPolygon","coordinates":[[[[-80.0662,40.44939],[-80.06535,40.44883],[-80.06535,40.44855],[-80.06429,40.44818],[-80.0643,40.44769],[-80.06406,40.4476],[-80.06364,40.44793],[-80.0626,40.44723],[-80.0619,40.44782],[-80.05995,40.44564],[-80.0585,40.44456],[-80.05824,40.44444],[-80.05675,40.44432],[-80.05538,40.44394],[-80.06046,40.4423],[-80.06089,40.44178],[-80.06121,40.44058],[-80.06269,40.44189],[-80.06637,40.44204],[-80.07318,40.44108],[-80.07407,40.44034],[-80.07503,40.44051],[-80.07496,40.4421],[-80.07636,40.44182],[-80.07852,40.44653],[-80.07688,40.44718],[-80.07636,40.44725],[-80.07654,40.44799],[-80.07315,40.44866],[-80.07295,40.44833],[-80.07159,40.44863],[-80.06837,40.44779],[-80.06715,40.4489],[-80.06669,40.44883],[-80.0662,40.44939]]]]}},{"type":"Feature","properties":{"id":"878","name":"Jefferson Hills Borough","type":"borough","fips":37955},"geometry":{"type":"MultiPolygon","coordinates":[[[[-79.89382,40.29698],[-79.89545,40.29709],[-79.89617,40.29706],[-79.89688,40.29696],[-79.89662,40.29653],[-79.89831,40.29619],[-79.89926,40.29587],[-79.90036,40.2956],[-79.89991,40.29182],[-79.90032,40.28643],[-79.90047,40.28323],[-79.89792,40.28101],[-79.8927,40.28092],[-79.88835,40.2832],[-79.88356,40.28298],[-79.88204,40.28342],[-79.88013,40.28538],[-79.87832,40.28504],[-79.87618,40.2836],[-79.87662,40.28338],[-79.87835,40.28226],[-79.8805,40.28066],[-79.88295,40.27929],[-79.88419,40.27869],[-79.88535,40.27783],[-79.8863,40.27692],[-79.88736,40.27778],[-79.88789,40.2783],[-79.88942,40.27717],[-79.8909,40.2763],[-79.89352,40.27465],[-79.89674,40.27384],[-79.899,40.27261],[-79.90206,40.27105],[-79.9034,40.27046],[-79.90455,40.26984],[-79.90154,40.26804],[-79.89987,40.26921],[-79.89737,40.26717],[-79.8987,40.26609],[-79.89942,40.26558],[-79.90114,40.26412],[-79.90276,40.26292],[-79.90346,40.26243],[-79.90603,40.26099],[-79.90693,40.26043],[-79.90877,40.25915],[-79.90965,40.25847],[-79.91144,40.25677],[-79.91209,40.25603],[-79.91323,40.25449],[-79.91446,40.25245],[-79.96911,40.26865],[-79.96309,40.27277],[-79.95615,40.27804],[-79.96028,40.27967],[-79.96497,40.2811],[-79.96395,40.28228],[-79.96521,40.28527],[-79.9655,40.28878],[-79.97015,40.2918],[-79.97105,40.29233],[-79.9715,40.2933],[-79.97266,40.29632],[-79.97296,40.29762],[-79.97279,40.29975],[-79.97392,40.30163],[-79.97638,40.30605],[-79.97642,40.30762],[-79.97636,40.3092],[-79.97903,40.31169],[-79.9789,40.31505],[-79.97902,40.31674],[-79.98029,40.32329],[-79.98508,40.3284],[-79.98261,40.3294],[-79.97916,40.32748],[-79.97621,40.32756],[-79.97537,40.32561],[-79.97521,40.32471],[-79.96196,40.31989],[-79.96132,40.31862],[-79.95964,40.3177],[-79.95698,40.32015],[-79.95691,40.32027],[-79.95692,40.32119],[-79.95593,40.32085],[-79.95298,40.32044],[-79.94256,40.31646],[-79.93688,40.31855],[-79.94007,40.32335],[-79.94042,40.32339],[-79.9392,40.32608],[-79.93876,40.32732],[-79.93848,40.32783],[-79.93826,40.32854],[-79.93775,40.32936],[-79.93731,40.32995],[-79.93416,40.32805],[-79.9315,40.32687],[-79.93132,40.32547],[-79.93092,40.32521],[-79.92917,40.32589],[-79.92831,40.32556],[-79.9277,40.32523],[-79.92743,40.32499],[-79.92709,40.32448],[-79.92624,40.32458],[-79.92581,40.32561],[-79.89846,40.31949],[-79.8987,40.31923],[-79.89903,40.31901],[-79.89922,40.31864],[-79.90047,40.31898],[-79.90043,40.31841],[-79.90059,40.31827],[-79.90038,40.31742],[-79.90047,40.3172],[-79.89976,40.31703],[-79.89921,40.31637],[-79.89886,40.31658],[-79.89796,40.31509],[-79.89778,40.3149],[-79.89774,40.31476],[-79.8973,40.31426],[-79.89959,40.31211],[-79.90021,40.31251],[-79.90049,40.31225],[-79.90077,40.31207],[-79.89995,40.31114],[-79.89471,40.30564],[-79.89699,40.30329],[-79.89958,40.30195],[-79.89537,40.2989],[-79.88892,40.30053],[-79.88468,40.29865],[-79.88355,40.29809],[-79.88938,40.29716],[-79.88946,40.29733],[-79.89108,40.29714],[-79.89293,40.29707],[-79.89339,40.29695],[-79.89382,40.29698]]]]}},{"type":"Feature","properties":{"id":"919","name":"Kennedy Township","type":"township","fips":39312},"geometry":{"type":"MultiPolygon","coordinates":[[[[-80.08085,40.4723],[-80.07919,40.47104],[-80.07986,40.47053],[-80.07943,40.47022],[-80.07954,40.46916],[-80.0819,40.47002],[-80.08352,40.46767],[-80.08092,40.46672],[-80.07979,40.4667],[-80.08007,40.46547],[-80.07951,40.46505],[-80.07895,40.46542],[-80.07791,40.46574],[-80.07766,40.46574],[-80.0777,40.46474],[-80.07806,40.46469],[-80.0794,40.46386],[-80.07972,40.46358],[-80.07994,40.46337],[-80.08025,40.4625],[-80.08089,40.46125],[-80.08119,40.46089],[-80.08228,40.46001],[-80.08316,40.45961],[-80.08371,40.45945],[-80.08611,40.45982],[-80.08679,40.45986],[-80.08803,40.45975],[-80.09186,40.45985],[-80.09346,40.45983],[-80.09461,40.45972],[-80.09504,40.45943],[-80.09523,40.45911],[-80.09533,40.4575],[-80.09455,40.45333],[-80.09465,40.45202],[-80.09458,40.45144],[-80.09436,40.45114],[-80.09404,40.45094],[-80.09359,40.45076],[-80.1045,40.44818],[-80.10604,40.44882],[-80.10637,40.44904],[-80.10672,40.44931],[-80.1085,40.45105],[-80.10878,40.45121],[-80.10935,40.45134],[-80.10969,40.45138],[-80.10993,40.45134],[-80.11048,40.45213],[-80.11268,40.45437],[-80.11188,40.45553],[-80.11185,40.45567],[-80.11253,40.45643],[-80.11257,40.45662],[-80.11216,40.45785],[-80.11213,40.45818],[-80.11226,40.45852],[-80.11245,40.45887],[-80.11362,40.46025],[-80.11312,40.46084],[-80.11293,40.4612],[-80.11292,40.46138],[-80.11309,40.46169],[-80.1131,40.46181],[-80.11284,40.46193],[-80.11244,40.46252],[-80.11237,40.46271],[-80.11239,40.46283],[-80.11207,40.46348],[-80.11211,40.46386],[-80.1123,40.4643],[-80.11268,40.46492],[-80.11287,40.46508],[-80.11294,40.46534],[-80.11313,40.46561],[-80.11302,40.46582],[-80.11301,40.46613],[-80.11313,40.46629],[-80.11322,40.46657],[-80.11344,40.46669],[-80.11349,40.46675],[-80.11347,40.46686],[-80.11378,40.46697],[-80.11375,40.46709],[-80.11368,40.46713],[-80.11372,40.46718],[-80.11389,40.46726],[-80.11406,40.46743],[-80.11423,40.46745],[-80.11469,40.46828],[-80.11521,40.46877],[-80.11541,40.46909],[-80.1163,40.47148],[-80.11639,40.47157],[-80.1164,40.4717],[-80.11658,40.47191],[-80.11668,40.47228],[-80.11678,40.47235],[-80.11699,40.47275],[-80.11699,40.47284],[-80.11721,40.47316],[-80.11731,40.47348],[-80.11755,40.4739],[-80.11756,40.47409],[-80.11777,40.47429],[-80.11781,40.47452],[-80.11828,40.47545],[-80.11876,40.47617],[-80.11866,40.47637],[-80.11888,40.47673],[-80.11886,40.47683],[-80.11895,40.47685],[-80.11924,40.47707],[-80.11932,40.47738],[-80.11954,40.47763],[-80.11965,40.47809],[-80.11981,40.47826],[-80.11985,40.47846],[-80.12004,40.47866],[-80.12002,40.47876],[-80.12028,40.47916],[-80.12035,40.47951],[-80.12084,40.48022],[-80.12083,40.48033],[-80.12108,40.48069],[-80.12107,40.48086],[-80.12116,40.48101],[-80.12133,40.4811],[-80.12136,40.48135],[-80.12191,40.48231],[-80.12201,40.48266],[-80.1221,40.48269],[-80.12216,40.48279],[-80.12225,40.48318],[-80.12241,40.48334],[-80.12296,40.48439],[-80.12316,40.48496],[-80.12338,40.4853],[-80.12346,40.48565],[-80.12398,40.48627],[-80.12425,40.48684],[-80.1245,40.4876],[-80.12492,40.48828],[-80.12516,40.48852],[-80.12513,40.48871],[-80.12559,40.48929],[-80.12577,40.48981],[-80.12591,40.48995],[-80.12265,40.49445],[-80.11962,40.49902],[-80.11809,40.50095],[-80.11593,40.50397],[-80.11435,40.50368],[-80.11228,40.50319],[-80.11018,40.50257],[-80.10344,40.50089],[-80.10166,40.50021],[-80.09914,40.49944],[-80.0997,40.49817],[-80.09971,40.49731],[-80.09996,40.49559],[-80.09995,40.49504],[-80.09989,40.49485],[-80.09141,40.49174],[-80.0876,40.48641],[-80.08751,40.4857],[-80.08348,40.47974],[-80.08384,40.47717],[-80.08415,40.47572],[-80.08351,40.47554],[-80.08257,40.47501],[-80.0821,40.47463],[-80.08168,40.47406],[-80.08085,40.4723]]]]}},{"type":"Feature","properties":{"id":"920","name":"Kilbuck Township","type":"township","fips":39624},"geometry":{"type":"MultiPolygon","coordinates":[[[[-80.12156,40.53626],[-80.0989,40.52762],[-80.09492,40.52622],[-80.07124,40.51818],[-80.0623,40.51545],[-80.0616,40.50581],[-80.06681,40.5083],[-80.0685,40.50901],[-80.06952,40.509],[-80.07135,40.51201],[-80.07046,40.51191],[-80.07008,40.51179],[-80.06921,40.51108],[-80.06849,40.51074],[-80.0688,40.51539],[-80.07023,40.51539],[-80.07152,40.51532],[-80.07901,40.51517],[-80.07852,40.51459],[-80.07679,40.51148],[-80.07578,40.51181],[-80.07548,40.51196],[-80.07534,40.50884],[-80.07753,40.50946],[-80.07851,40.51017],[-80.07797,40.511],[-80.08052,40.51225],[-80.08052,40.51154],[-80.08074,40.51153],[-80.08074,40.51131],[-80.08129,40.5113],[-80.0814,40.51141],[-80.08267,40.51138],[-80.08359,40.51019],[-80.08449,40.5103],[-80.08545,40.51075],[-80.08569,40.511],[-80.08769,40.51074],[-80.08772,40.51124],[-80.08787,40.51123],[-80.08791,40.5123],[-80.08762,40.51231],[-80.08764,40.51275],[-80.08729,40.51275],[-80.08731,40.51308],[-80.08709,40.51309],[-80.08711,40.51707],[-80.08863,40.51703],[-80.08862,40.51665],[-80.09355,40.51653],[-80.09631,40.51641],[-80.09607,40.5156],[-80.09591,40.51479],[-80.09877,40.51472],[-80.09907,40.51463],[-80.10107,40.51536],[-80.1011,40.51549],[-80.10598,40.51657],[-80.10748,40.51683],[-80.10803,40.51473],[-80.10798,40.51461],[-80.10815,40.51395],[-80.10862,40.51322],[-80.10837,40.51053],[-80.11005,40.5111],[-80.11251,40.51185],[-80.1178,40.51284],[-80.12029,40.51315],[-80.12044,40.51579],[-80.12084,40.52658],[-80.1215,40.53323],[-80.12156,40.53626]]]]}},{"type":"Feature","properties":{"id":"921","name":"Leet Township","type":"township","fips":42368},"geometry":{"type":"MultiPolygon","coordinates":[[[[-80.20273,40.58327],[-80.19929,40.58029],[-80.19778,40.57888],[-80.19756,40.57875],[-80.19616,40.57752],[-80.19196,40.57374],[-80.1894,40.57135],[-80.18651,40.56891],[-80.18973,40.56709],[-80.19316,40.56493],[-80.19415,40.56414],[-80.19773,40.56167],[-80.20331,40.56622],[-80.20452,40.56539],[-80.20452,40.56521],[-80.20529,40.56457],[-80.20702,40.56586],[-80.20917,40.5671],[-80.20889,40.56728],[-80.21011,40.56796],[-80.21255,40.56971],[-80.21463,40.57136],[-80.21352,40.57224],[-80.21484,40.57336],[-80.21588,40.57384],[-80.2174,40.57472],[-80.21823,40.57745],[-80.21876,40.57846],[-80.21914,40.57935],[-80.21902,40.57938],[-80.21869,40.57963],[-80.21871,40.57983],[-80.21901,40.58056],[-80.21925,40.58175],[-80.2192,40.58188],[-80.21909,40.58197],[-80.21898,40.582],[-80.21791,40.58188],[-80.21688,40.58135],[-80.21648,40.5812],[-80.2155,40.58092],[-80.21455,40.58083],[-80.21443,40.581],[-80.21335,40.58165],[-80.21273,40.58188],[-80.21219,40.5822],[-80.21139,40.58305],[-80.21125,40.58342],[-80.21105,40.58421],[-80.21103,40.58456],[-80.21117,40.58499],[-80.2103,40.58572],[-80.20922,40.58622],[-80.20871,40.58661],[-80.20849,40.58683],[-80.20848,40.58704],[-80.20857,40.58721],[-80.20844,40.5876],[-80.20823,40.5879],[-80.20798,40.58808],[-80.20708,40.58715],[-80.20273,40.58327]]]]}},{"type":"Feature","properties":{"id":"836","name":"Leetsdale Borough","type":"borough","fips":42392},"geometry":{"type":"MultiPolygon","coordinates":[[[[-80.20219,40.56528],[-80.19773,40.56167],[-80.19962,40.56035],[-80.19979,40.56031],[-80.20092,40.55948],[-80.20343,40.55792],[-80.20489,40.55685],[-80.20828,40.55469],[-80.21012,40.55333],[-80.21274,40.55504],[-80.21436,40.5563],[-80.2156,40.55777],[-80.21799,40.56018],[-80.21996,40.56163],[-80.222,40.56395],[-80.22491,40.56753],[-80.22691,40.57052],[-80.22868,40.57244],[-80.22898,40.57288],[-80.22729,40.57409],[-80.22405,40.57528],[-80.22384,40.57546],[-80.22363,40.57593],[-80.22395,40.57643],[-80.22415,40.57723],[-80.22328,40.57788],[-80.22303,40.57801],[-80.22252,40.57787],[-80.22227,40.57798],[-80.22171,40.57856],[-80.22124,40.57884],[-80.22069,40.57984],[-80.22056,40.57992],[-80.22014,40.57992],[-80.21996,40.57983],[-80.21949,40.57941],[-80.21925,40.57933],[-80.21914,40.57935],[-80.21876,40.57846],[-80.21823,40.57745],[-80.2174,40.57472],[-80.21588,40.57384],[-80.21484,40.57336],[-80.21352,40.57224],[-80.21463,40.57136],[-80.21255,40.56971],[-80.21011,40.56796],[-80.20889,40.56728],[-80.20917,40.5671],[-80.20702,40.56586],[-80.20529,40.56457],[-80.20452,40.56521],[-80.20452,40.56539],[-80.20331,40.56622],[-80.20219,40.56528]]]]}},{"type":"Feature","properties":{"id":"837","name":"Liberty Borough","type":"borough","fips":43064},"geometry":{"type":"MultiPolygon","coordinates":[[[[-79.84117,40.32016],[-79.84382,40.31895],[-79.84609,40.31801],[-79.8475,40.3173],[-79.8523,40.31795],[-79.85358,40.31929],[-79.85535,40.31929],[-79.85583,40.31911],[-79.85693,40.32004],[-79.85681,40.32082],[-79.85684,40.32079],[-79.85817,40.32114],[-79.85833,40.32082],[-79.85955,40.31924],[-79.85838,40.31873],[-79.85817,40.319],[-79.85774,40.31881],[-79.85848,40.31775],[-79.86014,40.31848],[-79.86078,40.31761],[-79.85996,40.31733],[-79.8602,40.31569],[-79.86017,40.31537],[-79.86004,40.315],[-79.86035,40.31505],[-79.8603,40.3151],[-79.86187,40.31612],[-79.86239,40.31546],[-79.86452,40.31634],[-79.86391,40.31737],[-79.86492,40.3179],[-79.86546,40.31824],[-79.86708,40.31953],[-79.86829,40.31784],[-79.87002,40.31603],[-79.87219,40.31596],[-79.87388,40.31755],[-79.87469,40.31713],[-79.87525,40.31787],[-79.8747,40.31908],[-79.87469,40.31934],[-79.87445,40.31988],[-79.87411,40.32022],[-79.8763,40.321],[-79.87442,40.32351],[-79.87231,40.32645],[-79.87424,40.32797],[-79.87508,40.32874],[-79.87328,40.32977],[-79.87259,40.32995],[-79.8714,40.32991],[-79.86955,40.32923],[-79.8681,40.32915],[-79.86714,40.32897],[-79.86675,40.32885],[-79.86595,40.32886],[-79.86508,40.32873],[-79.86361,40.32902],[-79.86335,40.3292],[-79.86246,40.32948],[-79.86107,40.3306],[-79.86113,40.33265],[-79.86091,40.33336],[-79.86071,40.33368],[-79.85828,40.33677],[-79.85758,40.33622],[-79.85583,40.33423],[-79.85502,40.3335],[-79.85371,40.33258],[-79.84839,40.32945],[-79.84698,40.32873],[-79.84603,40.328],[-79.84525,40.32724],[-79.84455,40.32654],[-79.84397,40.32555],[-79.84319,40.32447],[-79.84276,40.32367],[-79.84173,40.32116],[-79.84117,40.32016]]]]}},{"type":"Feature","properties":{"id":"881","name":"Lincoln Borough","type":"borough","fips":43408},"geometry":{"type":"MultiPolygon","coordinates":[[[[-79.84117,40.32016],[-79.84031,40.31846],[-79.83986,40.31774],[-79.83932,40.31721],[-79.83841,40.31587],[-79.83809,40.31515],[-79.83778,40.31466],[-79.83841,40.31429],[-79.83563,40.30895],[-79.83645,40.30873],[-79.83589,40.30763],[-79.83689,40.30743],[-79.83954,40.30274],[-79.83789,40.30166],[-79.83231,40.29919],[-79.82923,40.29832],[-79.8297,40.29766],[-79.82972,40.29706],[-79.82982,40.29656],[-79.83019,40.29584],[-79.83158,40.29448],[-79.83229,40.29392],[-79.83361,40.29201],[-79.83433,40.29118],[-79.83515,40.2907],[-79.83579,40.29019],[-79.8384,40.28963],[-79.84127,40.28545],[-79.84368,40.28481],[-79.84427,40.28453],[-79.84472,40.2844],[-79.84571,40.28435],[-79.84631,40.28422],[-79.84658,40.28404],[-79.84717,40.28344],[-79.84823,40.2827],[-79.84869,40.28232],[-79.84909,40.28139],[-79.84929,40.28113],[-79.85083,40.2802],[-79.85119,40.27989],[-79.85147,40.27955],[-79.85165,40.27944],[-79.85214,40.27932],[-79.85242,40.2793],[-79.85298,40.27936],[-79.85343,40.27932],[-79.85429,40.2791],[-79.8554,40.27857],[-79.85566,40.27851],[-79.85683,40.27849],[-79.85834,40.27814],[-79.85975,40.27794],[-79.86072,40.27764],[-79.86181,40.27742],[-79.86201,40.27742],[-79.86224,40.2775],[-79.86285,40.27797],[-79.86324,40.27819],[-79.86483,40.27894],[-79.86562,40.27922],[-79.86614,40.27927],[-79.8666,40.27917],[-79.86687,40.279],[-79.86873,40.27731],[-79.86928,40.27687],[-79.86986,40.27659],[-79.87096,40.27636],[-79.87151,40.27634],[-79.87187,40.27641],[-79.87269,40.27674],[-79.87322,40.27697],[-79.87361,40.27724],[-79.87387,40.27747],[-79.87438,40.27813],[-79.87468,40.27841],[-79.87533,40.27884],[-79.87449,40.27967],[-79.87576,40.28099],[-79.87776,40.28264],[-79.87662,40.28338],[-79.87503,40.2842],[-79.87363,40.28549],[-79.87209,40.28662],[-79.87069,40.2879],[-79.86832,40.29115],[-79.86775,40.29263],[-79.86733,40.29442],[-79.8671,40.296],[-79.86731,40.29831],[-79.86778,40.30024],[-79.86846,40.30201],[-79.86974,40.30351],[-79.87157,40.30516],[-79.8734,40.30654],[-79.87509,40.30792],[-79.87656,40.30884],[-79.87843,40.30965],[-79.88058,40.31019],[-79.88418,40.31146],[-79.88297,40.31335],[-79.88183,40.31497],[-79.87977,40.31412],[-79.87783,40.3131],[-79.87618,40.31465],[-79.87583,40.31546],[-79.87622,40.31634],[-79.87388,40.31755],[-79.87219,40.31596],[-79.87002,40.31603],[-79.86829,40.31784],[-79.86708,40.31953],[-79.86546,40.31824],[-79.86492,40.3179],[-79.86391,40.31737],[-79.86452,40.31634],[-79.86239,40.31546],[-79.86187,40.31612],[-79.8603,40.3151],[-79.86035,40.31505],[-79.86004,40.315],[-79.86017,40.31537],[-79.8602,40.31569],[-79.85996,40.31733],[-79.86078,40.31761],[-79.86014,40.31848],[-79.85848,40.31775],[-79.85774,40.31881],[-79.85817,40.319],[-79.85838,40.31873],[-79.85955,40.31924],[-79.85833,40.32082],[-79.85817,40.32114],[-79.85684,40.32079],[-79.85681,40.32082],[-79.85693,40.32004],[-79.85583,40.31911],[-79.85535,40.31929],[-79.85358,40.31929],[-79.8523,40.31795],[-79.8475,40.3173],[-79.84609,40.31801],[-79.84382,40.31895],[-79.84117,40.32016]]]]}},{"type":"Feature","properties":{"id":"923","name":"Marshall Township","type":"township","fips":47696},"geometry":{"type":"MultiPolygon","coordinates":[[[[-80.1485,40.67378],[-80.1278,40.67361],[-80.11994,40.6738],[-80.10137,40.67401],[-80.07144,40.67494],[-80.07082,40.66242],[-80.06997,40.64716],[-80.06978,40.64258],[-80.07746,40.64241],[-80.07958,40.64231],[-80.07969,40.6451],[-80.08057,40.64567],[-80.08171,40.64595],[-80.08317,40.64602],[-80.08313,40.64506],[-80.08269,40.64396],[-80.08255,40.64316],[-80.08227,40.64217],[-80.08757,40.64202],[-80.08752,40.64091],[-80.08892,40.64086],[-80.08885,40.63862],[-80.09651,40.63834],[-80.09649,40.63768],[-80.09628,40.6355],[-80.08874,40.63581],[-80.08842,40.62932],[-80.08423,40.62952],[-80.07866,40.62972],[-80.07893,40.63261],[-80.06936,40.63288],[-80.06919,40.62879],[-80.0683,40.61633],[-80.14519,40.61476],[-80.14656,40.63916],[-80.14664,40.6417],[-80.14838,40.67022],[-80.1485,40.67378]]]]}},{"type":"Feature","properties":{"id":"927","name":"McCandless Township","type":"township","fips":45900},"geometry":{"type":"MultiPolygon","coordinates":[[[[-79.98917,40.55991],[-79.98893,40.55395],[-79.99505,40.55402],[-80.01871,40.55388],[-80.02747,40.55388],[-80.03836,40.5535],[-80.06473,40.55272],[-80.06736,40.59418],[-80.06766,40.60261],[-80.06762,40.60387],[-80.06806,40.61254],[-79.99114,40.61432],[-79.99093,40.60545],[-79.9899,40.57496],[-79.98917,40.55991]]]]}},{"type":"Feature","properties":{"id":"841","name":"McDonald Borough","type":"borough","fips":46072},"geometry":{"type":"MultiPolygon","coordinates":[[[[-80.22292,40.37273],[-80.22044,40.36852],[-80.22166,40.36764],[-80.22221,40.36756],[-80.22197,40.36707],[-80.22096,40.36669],[-80.22124,40.36638],[-80.22177,40.36659],[-80.22186,40.36639],[-80.22211,40.36645],[-80.22296,40.3659],[-80.23315,40.37427],[-80.2347,40.37549],[-80.23426,40.37751],[-80.23065,40.3766],[-80.22984,40.37414],[-80.22872,40.37445],[-80.22813,40.37247],[-80.22807,40.37244],[-80.22778,40.37257],[-80.22708,40.37143],[-80.22679,40.37156],[-80.22663,40.37172],[-80.22675,40.37219],[-80.22431,40.37291],[-80.2231,40.373],[-80.22292,40.37273]]]]}},{"type":"Feature","properties":{"id":"842","name":"McKees Rocks Borough","type":"borough","fips":46264},"geometry":{"type":"MultiPolygon","coordinates":[[[[-80.04965,40.46998],[-80.05027,40.46929],[-80.05064,40.46831],[-80.05096,40.46726],[-80.05118,40.46561],[-80.05364,40.46489],[-80.05418,40.46481],[-80.05504,40.46456],[-80.0578,40.46351],[-80.05814,40.46344],[-80.05849,40.46345],[-80.05944,40.46393],[-80.06011,40.46415],[-80.06084,40.46419],[-80.06172,40.46362],[-80.0634,40.46282],[-80.06401,40.46267],[-80.0645,40.46246],[-80.06691,40.46131],[-80.06776,40.46101],[-80.06855,40.4608],[-80.06953,40.46084],[-80.07189,40.46126],[-80.07234,40.46138],[-80.07476,40.46361],[-80.07627,40.46457],[-80.07671,40.4647],[-80.0777,40.46474],[-80.07766,40.46574],[-80.07791,40.46574],[-80.07894,40.46542],[-80.07951,40.46505],[-80.08007,40.46547],[-80.07979,40.4667],[-80.08092,40.46672],[-80.08351,40.46767],[-80.0819,40.47002],[-80.07954,40.46916],[-80.07942,40.47022],[-80.07986,40.47053],[-80.07919,40.47104],[-80.07877,40.47084],[-80.07868,40.47074],[-80.07866,40.47059],[-80.07876,40.47022],[-80.0786,40.47005],[-80.07829,40.47005],[-80.07774,40.47034],[-80.07743,40.47036],[-80.07682,40.47004],[-80.07646,40.46975],[-80.0761,40.47035],[-80.07503,40.46998],[-80.07318,40.46894],[-80.07293,40.46922],[-80.07107,40.4696],[-80.06565,40.47097],[-80.06583,40.47573],[-80.05256,40.47586],[-80.04787,40.47582],[-80.04757,40.47493],[-80.04713,40.47404],[-80.04684,40.4724],[-80.0471,40.4717],[-80.04777,40.47116],[-80.04965,40.46998]]]]}},{"type":"Feature","properties":{"id":"838","name":"Millvale Borough","type":"borough","fips":49920},"geometry":{"type":"MultiPolygon","coordinates":[[[[-79.97719,40.47086],[-79.97672,40.47135],[-79.9756,40.47188],[-79.97457,40.47221],[-79.97212,40.47551],[-79.97369,40.4755],[-79.97352,40.47628],[-79.9741,40.47629],[-79.97404,40.47724],[-79.97554,40.47722],[-79.97579,40.47748],[-79.97762,40.47831],[-79.97861,40.47882],[-79.97957,40.47709],[-79.98255,40.47699],[-79.98251,40.47808],[-79.98257,40.48164],[-79.98266,40.48307],[-79.97882,40.48317],[-79.97517,40.48338],[-79.97548,40.48659],[-79.97614,40.49532],[-79.97118,40.49551],[-79.97047,40.4929],[-79.97037,40.49104],[-79.9699,40.4853],[-79.96985,40.48361],[-79.97181,40.48358],[-79.97189,40.48309],[-79.97203,40.4828],[-79.97221,40.48262],[-79.9728,40.48225],[-79.97288,40.48208],[-79.97285,40.48186],[-79.97266,40.48157],[-79.97219,40.48124],[-79.97181,40.48107],[-79.97084,40.48083],[-79.97049,40.48069],[-79.96963,40.48025],[-79.96742,40.47899],[-79.96476,40.47793],[-79.966,40.47608],[-79.96662,40.47533],[-79.96737,40.47456],[-79.96806,40.47368],[-79.96932,40.47183],[-79.97004,40.47112],[-79.97077,40.47067],[-79.97175,40.47048],[-79.97285,40.47035],[-79.9734,40.4701],[-79.9741,40.46957],[-79.97468,40.46944],[-79.97719,40.47086]]]]}},{"type":"Feature","properties":{"id":"879","name":"Monroeville Municipality","type":"municipality","fips":50528},"geometry":{"type":"MultiPolygon","coordinates":[[[[-79.7584,40.45993],[-79.75771,40.45973],[-79.75705,40.45965],[-79.75661,40.45966],[-79.75596,40.45977],[-79.75427,40.46029],[-79.7538,40.46033],[-79.75352,40.46029],[-79.75294,40.45999],[-79.75177,40.4592],[-79.74948,40.45821],[-79.74837,40.45736],[-79.74802,40.45717],[-79.7474,40.45699],[-79.74541,40.45662],[-79.74461,40.45664],[-79.74369,40.45689],[-79.73959,40.4578],[-79.73911,40.45782],[-79.73883,40.45776],[-79.7364,40.45653],[-79.73609,40.45627],[-79.73566,40.45565],[-79.73521,40.45527],[-79.73487,40.45507],[-79.73325,40.4544],[-79.73149,40.45338],[-79.73043,40.45307],[-79.72904,40.45245],[-79.72734,40.45141],[-79.72584,40.45067],[-79.72432,40.45006],[-79.72329,40.44942],[-79.72202,40.4488],[-79.72059,40.44781],[-79.71988,40.44744],[-79.71932,40.4472],[-79.71714,40.4465],[-79.71614,40.44631],[-79.7144,40.44588],[-79.71179,40.44581],[-79.71111,40.44598],[-79.71076,40.44619],[-79.7104,40.4465],[-79.71005,40.44699],[-79.70953,40.44812],[-79.70889,40.44798],[-79.70815,40.44768],[-79.70792,40.44753],[-79.70776,40.44729],[-79.70768,40.44662],[-79.70753,40.44638],[-79.70661,40.44591],[-79.70584,40.44545],[-79.7049,40.44468],[-79.70437,40.44402],[-79.70399,40.44367],[-79.704,40.44136],[-79.70421,40.43922],[-79.70421,40.4385],[-79.70439,40.43647],[-79.70479,40.42633],[-79.70524,40.42631],[-79.70536,40.42623],[-79.70543,40.42612],[-79.70531,40.42595],[-79.70528,40.42576],[-79.7054,40.42545],[-79.70548,40.42537],[-79.7064,40.42508],[-79.7066,40.4249],[-79.70676,40.42465],[-79.70698,40.42403],[-79.70698,40.42336],[-79.70685,40.42246],[-79.70694,40.42233],[-79.70933,40.421],[-79.71069,40.42048],[-79.71077,40.42036],[-79.71088,40.41992],[-79.71098,40.4198],[-79.71152,40.41975],[-79.71205,40.41959],[-79.71221,40.41948],[-79.71233,40.4193],[-79.71233,40.41886],[-79.71255,40.41865],[-79.71435,40.41779],[-79.71508,40.41752],[-79.71548,40.41743],[-79.7157,40.4175],[-79.71603,40.41742],[-79.71607,40.41722],[-79.71591,40.41634],[-79.71607,40.41583],[-79.71616,40.41574],[-79.71683,40.41546],[-79.71697,40.41528],[-79.71702,40.41505],[-79.71684,40.41448],[-79.71681,40.41414],[-79.71723,40.4138],[-79.71749,40.41368],[-79.71785,40.41365],[-79.71879,40.41367],[-79.71945,40.41375],[-79.72078,40.41415],[-79.72136,40.4144],[-79.72223,40.41488],[-79.72252,40.41496],[-79.72303,40.41496],[-79.72389,40.41487],[-79.72601,40.41455],[-79.72681,40.41449],[-79.727,40.41441],[-79.7274,40.41383],[-79.72759,40.4134],[-79.72766,40.41303],[-79.72763,40.41272],[-79.72754,40.41245],[-79.72742,40.4123],[-79.72706,40.41214],[-79.72602,40.41216],[-79.72536,40.41184],[-79.72488,40.41141],[-79.72474,40.41118],[-79.72449,40.41098],[-79.7226,40.40996],[-79.72214,40.40894],[-79.7224,40.40858],[-79.72267,40.4084],[-79.72301,40.4083],[-79.72332,40.40828],[-79.72405,40.40852],[-79.72494,40.40865],[-79.72734,40.40819],[-79.72801,40.4084],[-79.72842,40.40846],[-79.72886,40.40872],[-79.72928,40.40883],[-79.72984,40.40882],[-79.73011,40.40873],[-79.73042,40.4085],[-79.73053,40.40829],[-79.73078,40.40806],[-79.73134,40.40768],[-79.7316,40.40743],[-79.73174,40.40722],[-79.73197,40.40657],[-79.73195,40.40643],[-79.73217,40.40613],[-79.73227,40.40583],[-79.73217,40.40396],[-79.73204,40.40348],[-79.7322,40.40314],[-79.73227,40.40275],[-79.73221,40.40228],[-79.73236,40.40059],[-79.73231,40.40017],[-79.73236,40.39987],[-79.73253,40.39961],[-79.73426,40.39806],[-79.73454,40.3979],[-79.73477,40.39784],[-79.7349,40.39786],[-79.73537,40.39856],[-79.73573,40.39941],[-79.73584,40.39951],[-79.7364,40.39954],[-79.73666,40.39946],[-79.73686,40.39931],[-79.73734,40.39883],[-79.73769,40.39864],[-79.73818,40.39855],[-79.73869,40.39808],[-79.73876,40.39772],[-79.73827,40.3958],[-79.73868,40.39554],[-79.7394,40.39541],[-79.74,40.39551],[-79.74034,40.39568],[-79.74072,40.39601],[-79.74092,40.39633],[-79.74113,40.39651],[-79.7415,40.39675],[-79.74191,40.3969],[-79.74218,40.39694],[-79.74252,40.39693],[-79.74289,40.39674],[-79.74464,40.39617],[-79.74546,40.39473],[-79.74633,40.39353],[-79.74717,40.39214],[-79.74755,40.39132],[-79.74783,40.39088],[-79.74803,40.39076],[-79.74827,40.39078],[-79.74858,40.39091],[-79.74921,40.39136],[-79.74956,40.39146],[-79.75007,40.39147],[-79.75032,40.3914],[-79.75065,40.39092],[-79.75091,40.39019],[-79.75097,40.38915],[-79.75218,40.38929],[-79.75363,40.38977],[-79.75407,40.38969],[-79.75468,40.39001],[-79.75724,40.39207],[-79.75819,40.39274],[-79.75929,40.3936],[-79.75972,40.39372],[-79.76003,40.39371],[-79.76167,40.39319],[-79.76284,40.39269],[-79.76377,40.39156],[-79.7642,40.39118],[-79.76484,40.39046],[-79.76574,40.38965],[-79.76594,40.38937],[-79.76576,40.3888],[-79.76483,40.38765],[-79.76543,40.38532],[-79.76817,40.38657],[-79.76854,40.3871],[-79.76918,40.38829],[-79.77196,40.3923],[-79.77486,40.39674],[-79.77634,40.39831],[-79.77709,40.39888],[-79.77853,40.39898],[-79.77897,40.39895],[-79.77924,40.39866],[-79.78062,40.39773],[-79.78153,40.39687],[-79.78289,40.39649],[-79.78398,40.39633],[-79.7848,40.39651],[-79.78648,40.39657],[-79.7872,40.39646],[-79.78745,40.39648],[-79.78829,40.39635],[-79.78854,40.39649],[-79.78855,40.39665],[-79.78835,40.39728],[-79.78852,40.39782],[-79.78887,40.39796],[-79.78924,40.39788],[-79.78976,40.39754],[-79.79016,40.39737],[-79.79066,40.3974],[-79.79086,40.39764],[-79.79204,40.39787],[-79.79303,40.39731],[-79.7932,40.39646],[-79.79352,40.39581],[-79.79425,40.39527],[-79.79638,40.39436],[-79.79725,40.39408],[-79.79852,40.39395],[-79.80025,40.39397],[-79.80145,40.39411],[-79.80146,40.39463],[-79.80181,40.39482],[-79.80149,40.39514],[-79.80217,40.39559],[-79.80209,40.39565],[-79.80366,40.39653],[-79.80454,40.3968],[-79.80432,40.39843],[-79.80544,40.39864],[-79.80563,40.39822],[-79.80597,40.39786],[-79.80646,40.39692],[-79.80646,40.39681],[-79.80765,40.39681],[-79.80917,40.39704],[-79.81124,40.39877],[-79.81164,40.39901],[-79.81143,40.39931],[-79.81243,40.39998],[-79.81361,40.40105],[-79.81407,40.4006],[-79.815,40.40119],[-79.81476,40.40132],[-79.81415,40.40182],[-79.81343,40.40268],[-79.81273,40.40235],[-79.81178,40.40336],[-79.81308,40.40552],[-79.81491,40.4053],[-79.8152,40.40521],[-79.81544,40.40564],[-79.81518,40.40579],[-79.81478,40.40624],[-79.81308,40.40819],[-79.81187,40.40971],[-79.81162,40.41045],[-79.8113,40.41104],[-79.80958,40.4123],[-79.81018,40.41248],[-79.8107,40.41272],[-79.8116,40.41296],[-79.81149,40.41315],[-79.81228,40.41379],[-79.81066,40.4164],[-79.81166,40.41787],[-79.81209,40.41761],[-79.8132,40.41743],[-79.81378,40.41812],[-79.81364,40.41832],[-79.81365,40.41844],[-79.81421,40.41884],[-79.81499,40.41814],[-79.81486,40.41758],[-79.8161,40.41704],[-79.81852,40.41549],[-79.81904,40.416],[-79.81937,40.4158],[-79.81989,40.41629],[-79.82035,40.41599],[-79.82087,40.41649],[-79.82182,40.4163],[-79.82131,40.41675],[-79.82014,40.41689],[-79.81953,40.41705],[-79.81817,40.41765],[-79.81783,40.41789],[-79.81722,40.41872],[-79.81676,40.41922],[-79.81617,40.41974],[-79.81175,40.42259],[-79.81144,40.42275],[-79.81084,40.42282],[-79.81069,40.42288],[-79.81049,40.42298],[-79.81023,40.42326],[-79.80997,40.42345],[-79.80962,40.42351],[-79.80934,40.42364],[-79.80881,40.42437],[-79.80801,40.4251],[-79.80727,40.42543],[-79.80655,40.42563],[-79.80614,40.42568],[-79.80507,40.42609],[-79.80472,40.4263],[-79.80363,40.4268],[-79.80338,40.42696],[-79.80311,40.42723],[-79.80277,40.42791],[-79.80258,40.4291],[-79.8024,40.42951],[-79.80237,40.43074],[-79.80231,40.43098],[-79.80198,40.43154],[-79.80197,40.43167],[-79.80209,40.43202],[-79.80359,40.43297],[-79.80422,40.43356],[-79.80456,40.43424],[-79.80454,40.43475],[-79.80447,40.43494],[-79.80355,40.43595],[-79.80316,40.43626],[-79.80296,40.4365],[-79.80294,40.43668],[-79.80309,40.43738],[-79.8031,40.43773],[-79.80287,40.43849],[-79.80245,40.43869],[-79.80183,40.43887],[-79.80135,40.43893],[-79.80094,40.43907],[-79.80035,40.43952],[-79.80049,40.43971],[-79.8008,40.43982],[-79.80149,40.43992],[-79.80178,40.44001],[-79.80198,40.44019],[-79.80191,40.44035],[-79.8017,40.44044],[-79.80129,40.44048],[-79.80106,40.44055],[-79.80012,40.44115],[-79.79884,40.44124],[-79.79858,40.44133],[-79.79827,40.4415],[-79.79792,40.44189],[-79.79751,40.44279],[-79.79751,40.44328],[-79.79742,40.4435],[-79.79711,40.44369],[-79.79675,40.44456],[-79.79661,40.4456],[-79.79628,40.44643],[-79.79637,40.4469],[-79.79698,40.44767],[-79.79698,40.44798],[-79.79689,40.44808],[-79.79667,40.44869],[-79.79642,40.44896],[-79.79628,40.45013],[-79.79475,40.45085],[-79.79333,40.45143],[-79.7929,40.45157],[-79.78916,40.45241],[-79.788,40.45274],[-79.78721,40.45315],[-79.78587,40.45426],[-79.78535,40.45452],[-79.78409,40.45559],[-79.78322,40.456],[-79.7825,40.45653],[-79.78216,40.45691],[-79.78189,40.45757],[-79.7811,40.45895],[-79.78085,40.45923],[-79.77985,40.45981],[-79.77928,40.4599],[-79.7793,40.46096],[-79.7761,40.46031],[-79.77432,40.45973],[-79.77391,40.45966],[-79.77349,40.45966],[-79.77269,40.45983],[-79.76944,40.46086],[-79.76921,40.46098],[-79.76822,40.46188],[-79.76805,40.46198],[-79.76777,40.46204],[-79.76208,40.46182],[-79.76184,40.46178],[-79.76146,40.4616],[-79.76062,40.46085],[-79.76031,40.46049],[-79.75898,40.46032],[-79.75875,40.46004],[-79.7584,40.45993]],[[-79.77987,40.42241],[-79.7813,40.41903],[-79.77753,40.41812],[-79.77837,40.41614],[-79.77749,40.41586],[-79.77747,40.41622],[-79.77795,40.41625],[-79.7778,40.4166],[-79.77752,40.41657],[-79.77749,40.41677],[-79.77714,40.41688],[-79.77717,40.41617],[-79.77724,40.41618],[-79.77755,40.41549],[-79.77837,40.41342],[-79.77965,40.41056],[-79.77889,40.41058],[-79.77945,40.40926],[-79.77918,40.40924],[-79.77989,40.40761],[-79.78239,40.40498],[-79.78306,40.40438],[-79.78271,40.40398],[-79.78301,40.40308],[-79.78327,40.40249],[-79.78282,40.40217],[-79.7832,40.40192],[-79.78508,40.40042],[-79.78427,40.40065],[-79.7829,40.40094],[-79.77796,40.40179],[-79.77772,40.40098],[-79.77811,40.40108],[-79.77822,40.40083],[-79.77848,40.40051],[-79.77627,40.40009],[-79.77526,40.40003],[-79.77418,40.40058],[-79.77523,40.40188],[-79.77528,40.40188],[-79.77538,40.40221],[-79.77527,40.40222],[-79.77288,40.40083],[-79.77167,40.39987],[-79.77064,40.40043],[-79.77175,40.40138],[-79.7723,40.40171],[-79.77027,40.4036],[-79.76981,40.40406],[-79.76974,40.40424],[-79.76943,40.40599],[-79.76997,40.40708],[-79.77009,40.40764],[-79.76987,40.40803],[-79.77074,40.40922],[-79.77154,40.41048],[-79.77268,40.40986],[-79.77337,40.4104],[-79.77373,40.40982],[-79.77312,40.40961],[-79.77323,40.40956],[-79.77431,40.40992],[-79.77425,40.41021],[-79.77475,40.41036],[-79.7748,40.41008],[-79.77582,40.41044],[-79.77276,40.41455],[-79.77567,40.41398],[-79.776,40.41436],[-79.77654,40.41603],[-79.7765,40.41673],[-79.77631,40.41719],[-79.77686,40.41732],[-79.77658,40.41815],[-79.77593,40.41908],[-79.77619,40.41926],[-79.77592,40.41985],[-79.77739,40.42022],[-79.77987,40.42241]]]]}},{"type":"Feature","properties":{"id":"925","name":"Moon Township","type":"township","fips":50784},"geometry":{"type":"MultiPolygon","coordinates":[[[[-80.24584,40.55643],[-80.24216,40.55317],[-80.24028,40.55326],[-80.24043,40.54631],[-80.23894,40.54666],[-80.23848,40.54667],[-80.23697,40.54632],[-80.23659,40.54612],[-80.23612,40.54571],[-80.23491,40.54638],[-80.23447,40.54593],[-80.23213,40.54722],[-80.23208,40.54793],[-80.22555,40.54463],[-80.2258,40.54425],[-80.21755,40.54574],[-80.2135,40.54431],[-80.2081,40.55234],[-80.20504,40.55101],[-80.20386,40.55019],[-80.20257,40.54915],[-80.20082,40.54743],[-80.19904,40.54545],[-80.197,40.54294],[-80.19568,40.54121],[-80.19271,40.53647],[-80.19104,40.53448],[-80.18996,40.53378],[-80.18875,40.53331],[-80.18682,40.53236],[-80.1833,40.53121],[-80.17865,40.52995],[-80.1763,40.52896],[-80.17536,40.52863],[-80.17235,40.52781],[-80.17126,40.52741],[-80.17519,40.5219],[-80.17526,40.52194],[-80.17815,40.51787],[-80.17626,40.51759],[-80.17345,40.51192],[-80.17442,40.51047],[-80.17232,40.5096],[-80.17208,40.50995],[-80.17157,40.50976],[-80.17178,40.51037],[-80.17221,40.51083],[-80.17219,40.51087],[-80.16411,40.50747],[-80.16398,40.5076],[-80.16122,40.50627],[-80.1503,40.50356],[-80.14769,40.50578],[-80.14629,40.5069],[-80.14593,40.5066],[-80.14568,40.50627],[-80.14558,40.50596],[-80.14463,40.50469],[-80.14425,40.50385],[-80.14396,40.50369],[-80.14347,40.50368],[-80.14322,40.50361],[-80.14291,40.50328],[-80.14257,40.50311],[-80.1425,40.503],[-80.14239,40.50297],[-80.14213,40.50304],[-80.14161,40.50286],[-80.14149,40.50269],[-80.14133,40.50213],[-80.14108,40.50174],[-80.14108,40.50136],[-80.14124,40.50084],[-80.14119,40.50022],[-80.14131,40.49964],[-80.14158,40.4993],[-80.14197,40.49914],[-80.14271,40.4993],[-80.14344,40.49976],[-80.14405,40.50043],[-80.14453,40.50069],[-80.14464,40.50096],[-80.14463,40.5012],[-80.14477,40.50131],[-80.14499,40.50127],[-80.14572,40.50092],[-80.14631,40.50006],[-80.14669,40.49968],[-80.14704,40.49949],[-80.14729,40.49953],[-80.14791,40.50007],[-80.14851,40.50014],[-80.14998,40.49985],[-80.15111,40.4997],[-80.15161,40.49958],[-80.15182,40.49942],[-80.15219,40.49933],[-80.15271,40.49943],[-80.15338,40.49924],[-80.15355,40.49915],[-80.15349,40.49879],[-80.15425,40.49814],[-80.1544,40.49783],[-80.15506,40.49711],[-80.15523,40.49678],[-80.15522,40.49644],[-80.15481,40.49571],[-80.15458,40.49546],[-80.15421,40.49528],[-80.15306,40.49554],[-80.15285,40.49549],[-80.1522,40.49513],[-80.15187,40.49505],[-80.15153,40.49486],[-80.15134,40.4947],[-80.15117,40.49421],[-80.15079,40.49392],[-80.15006,40.49363],[-80.14976,40.49344],[-80.14917,40.49227],[-80.14912,40.49173],[-80.1492,40.49147],[-80.14945,40.4913],[-80.15085,40.49109],[-80.15111,40.49099],[-80.15133,40.49075],[-80.15163,40.4907],[-80.15249,40.49076],[-80.15282,40.49067],[-80.153,40.49047],[-80.15308,40.49013],[-80.15299,40.48778],[-80.15284,40.48738],[-80.15261,40.48699],[-80.15254,40.48657],[-80.15281,40.48537],[-80.15319,40.48507],[-80.15357,40.48453],[-80.15367,40.48413],[-80.15341,40.48351],[-80.15422,40.48062],[-80.15442,40.48014],[-80.15469,40.47906],[-80.15489,40.47875],[-80.15579,40.47793],[-80.15625,40.47712],[-80.15624,40.47635],[-80.15673,40.47553],[-80.15671,40.47522],[-80.15662,40.475],[-80.15569,40.47425],[-80.15536,40.47418],[-80.1548,40.47414],[-80.15434,40.47398],[-80.15389,40.47406],[-80.15241,40.4737],[-80.15201,40.47352],[-80.15176,40.47309],[-80.15176,40.47278],[-80.15193,40.4726],[-80.15209,40.47229],[-80.15225,40.47225],[-80.15315,40.47254],[-80.15358,40.47264],[-80.15396,40.47266],[-80.15413,40.47255],[-80.15423,40.47232],[-80.15447,40.47209],[-80.15493,40.47184],[-80.15558,40.47157],[-80.15603,40.47159],[-80.15611,40.47144],[-80.15591,40.47122],[-80.15589,40.47097],[-80.15605,40.47077],[-80.15648,40.47083],[-80.15668,40.47079],[-80.15672,40.47068],[-80.15648,40.4701],[-80.1564,40.4696],[-80.15598,40.46907],[-80.15569,40.46795],[-80.15565,40.46689],[-80.15578,40.46652],[-80.15617,40.46614],[-80.15652,40.46615],[-80.15793,40.46664],[-80.1587,40.46661],[-80.15947,40.46668],[-80.16005,40.46659],[-80.16079,40.46625],[-80.16135,40.46587],[-80.1623,40.46395],[-80.15953,40.46058],[-80.15948,40.46041],[-80.16013,40.46009],[-80.16051,40.45963],[-80.16067,40.45902],[-80.16094,40.45862],[-80.16122,40.45855],[-80.1617,40.45879],[-80.16202,40.4587],[-80.16248,40.45878],[-80.16262,40.45906],[-80.16255,40.45914],[-80.16198,40.45927],[-80.16172,40.45951],[-80.16177,40.45981],[-80.16201,40.46033],[-80.16196,40.4606],[-80.16167,40.46121],[-80.16174,40.46143],[-80.16198,40.46154],[-80.16267,40.46157],[-80.16324,40.46153],[-80.16377,40.46139],[-80.16473,40.46144],[-80.16757,40.46241],[-80.16814,40.46248],[-80.16886,40.46227],[-80.16904,40.46192],[-80.16907,40.46158],[-80.16886,40.4613],[-80.16822,40.46088],[-80.16745,40.46027],[-80.16749,40.4601],[-80.16788,40.45981],[-80.16868,40.45896],[-80.17005,40.45881],[-80.17083,40.45892],[-80.17119,40.4588],[-80.17251,40.45819],[-80.17272,40.45771],[-80.17284,40.45758],[-80.17405,40.45697],[-80.1744,40.45689],[-80.17463,40.45709],[-80.17508,40.45707],[-80.17541,40.45691],[-80.17581,40.45656],[-80.176,40.45648],[-80.1766,40.45646],[-80.17707,40.45633],[-80.17731,40.45619],[-80.17764,40.45579],[-80.17832,40.45556],[-80.17865,40.45559],[-80.18118,40.45621],[-80.18166,40.45624],[-80.18238,40.45641],[-80.18246,40.45632],[-80.18249,40.45615],[-80.18263,40.45604],[-80.18303,40.45593],[-80.18338,40.45592],[-80.18351,40.45601],[-80.18355,40.45617],[-80.18432,40.45667],[-80.18561,40.45683],[-80.18592,40.4571],[-80.18641,40.45782],[-80.18698,40.45763],[-80.1873,40.45761],[-80.18779,40.45769],[-80.18799,40.45779],[-80.18825,40.45777],[-80.18853,40.45795],[-80.18885,40.45796],[-80.18911,40.45825],[-80.18961,40.45832],[-80.18986,40.45847],[-80.19075,40.45878],[-80.19132,40.45922],[-80.19149,40.45945],[-80.19164,40.45977],[-80.19166,40.45998],[-80.19183,40.46028],[-80.19346,40.46217],[-80.19404,40.46274],[-80.19491,40.46341],[-80.19516,40.46386],[-80.1954,40.46405],[-80.19561,40.46443],[-80.19622,40.46483],[-80.19626,40.46507],[-80.19645,40.46531],[-80.19738,40.46609],[-80.20091,40.46833],[-80.20197,40.46888],[-80.20386,40.46943],[-80.20472,40.46979],[-80.20536,40.47019],[-80.20582,40.47067],[-80.20636,40.47094],[-80.20691,40.47096],[-80.20717,40.47113],[-80.20787,40.47196],[-80.20817,40.47212],[-80.20873,40.47214],[-80.20934,40.47237],[-80.20976,40.47268],[-80.21065,40.47361],[-80.21104,40.47411],[-80.21119,40.47453],[-80.2115,40.47493],[-80.21179,40.47517],[-80.21219,40.47527],[-80.21264,40.4751],[-80.21312,40.47507],[-80.21347,40.47512],[-80.21376,40.47532],[-80.21408,40.47597],[-80.21417,40.47649],[-80.21434,40.4767],[-80.21503,40.47681],[-80.2155,40.47694],[-80.21573,40.47713],[-80.21598,40.47751],[-80.21642,40.47768],[-80.21673,40.47794],[-80.21713,40.47814],[-80.2176,40.47822],[-80.21859,40.47827],[-80.21881,40.47855],[-80.219,40.47938],[-80.21901,40.47967],[-80.21911,40.47995],[-80.21973,40.4804],[-80.22046,40.48082],[-80.22041,40.48091],[-80.22058,40.48094],[-80.22228,40.4808],[-80.2226,40.48086],[-80.22282,40.48104],[-80.22246,40.48133],[-80.22219,40.48145],[-80.22206,40.48172],[-80.22226,40.48207],[-80.22251,40.4822],[-80.22268,40.48243],[-80.22264,40.48259],[-80.22317,40.48318],[-80.2232,40.48335],[-80.22363,40.48364],[-80.22421,40.48449],[-80.22448,40.48538],[-80.22551,40.49096],[-80.22569,40.49149],[-80.22594,40.49188],[-80.22653,40.49249],[-80.22675,40.49297],[-80.22734,40.4939],[-80.22807,40.49471],[-80.2281,40.49498],[-80.22802,40.49518],[-80.22806,40.49545],[-80.25937,40.51164],[-80.27007,40.53122],[-80.27125,40.53382],[-80.27316,40.53758],[-80.27433,40.53932],[-80.27163,40.54149],[-80.25139,40.55605],[-80.24874,40.55465],[-80.24584,40.55643]]]]}},{"type":"Feature","properties":{"id":"926","name":"Mount Lebanon Township","type":"township","fips":51696},"geometry":{"type":"MultiPolygon","coordinates":[[[[-80.05121,40.40195],[-80.04505,40.39905],[-80.04489,40.39907],[-80.04649,40.39588],[-80.04652,40.39563],[-80.04632,40.39395],[-80.04353,40.39015],[-80.04336,40.39002],[-80.04235,40.38952],[-80.04156,40.38957],[-80.04244,40.38889],[-80.04288,40.38843],[-80.04235,40.38769],[-80.0417,40.38798],[-80.04058,40.38675],[-80.04125,40.38631],[-80.0409,40.38593],[-80.03919,40.38433],[-80.03909,40.38412],[-80.03887,40.38302],[-80.03627,40.38378],[-80.03677,40.38435],[-80.03597,40.38462],[-80.03582,40.38485],[-80.03481,40.38719],[-80.03453,40.38719],[-80.03453,40.38841],[-80.03439,40.38841],[-80.03374,40.3882],[-80.0328,40.38825],[-80.03251,40.38832],[-80.03363,40.38981],[-80.0287,40.3913],[-80.02868,40.39127],[-80.02783,40.39161],[-80.0214,40.38817],[-80.02169,40.38785],[-80.02228,40.38816],[-80.02313,40.38712],[-80.02022,40.38671],[-80.02017,40.38374],[-80.02276,40.38077],[-80.02346,40.37747],[-80.02271,40.37714],[-80.02122,40.3766],[-80.02246,40.37523],[-80.01844,40.37172],[-80.02172,40.36958],[-80.02419,40.36907],[-80.02758,40.36816],[-80.02791,40.36798],[-80.02831,40.36826],[-80.03022,40.36928],[-80.03194,40.37042],[-80.03308,40.36979],[-80.03358,40.37025],[-80.03424,40.36983],[-80.03791,40.36905],[-80.03841,40.36878],[-80.03255,40.36355],[-80.03282,40.36331],[-80.03037,40.36224],[-80.031,40.36117],[-80.03291,40.36195],[-80.03321,40.36213],[-80.03355,40.36269],[-80.03572,40.36081],[-80.03709,40.35637],[-80.03626,40.35622],[-80.03667,40.355],[-80.03508,40.35507],[-80.03337,40.35526],[-80.03377,40.35446],[-80.03788,40.35362],[-80.03969,40.35179],[-80.04193,40.35288],[-80.05117,40.35105],[-80.05093,40.35301],[-80.05848,40.35783],[-80.06436,40.36176],[-80.0725,40.36407],[-80.07267,40.36379],[-80.07446,40.36504],[-80.07359,40.3655],[-80.07402,40.36591],[-80.07508,40.36671],[-80.078,40.36966],[-80.07876,40.37084],[-80.07907,40.37159],[-80.07955,40.3722],[-80.07938,40.37229],[-80.07972,40.37267],[-80.07947,40.37281],[-80.08411,40.37711],[-80.08397,40.37759],[-80.07904,40.3764],[-80.07759,40.3765],[-80.07743,40.37674],[-80.07528,40.37741],[-80.06957,40.37824],[-80.06849,40.37636],[-80.06839,40.37642],[-80.06809,40.37607],[-80.06742,40.3765],[-80.06822,40.37727],[-80.06856,40.3777],[-80.06908,40.37857],[-80.06722,40.37982],[-80.0675,40.38028],[-80.06764,40.38082],[-80.06761,40.38137],[-80.06844,40.38243],[-80.06885,40.38277],[-80.06868,40.38292],[-80.06942,40.38332],[-80.06908,40.3868],[-80.07155,40.38546],[-80.07388,40.38736],[-80.07399,40.38755],[-80.07403,40.38818],[-80.0689,40.3889],[-80.06875,40.39197],[-80.06835,40.39204],[-80.06778,40.39222],[-80.06734,40.39244],[-80.06655,40.39299],[-80.06583,40.39324],[-80.06541,40.3933],[-80.06434,40.39325],[-80.06343,40.39305],[-80.05935,40.39098],[-80.05913,40.39083],[-80.05894,40.39099],[-80.05674,40.39146],[-80.05699,40.39238],[-80.05481,40.39266],[-80.05421,40.39293],[-80.05623,40.3956],[-80.05412,40.3965],[-80.0549,40.40096],[-80.05291,40.40116],[-80.05171,40.40068],[-80.05139,40.40147],[-80.05148,40.40151],[-80.05121,40.40195]]]]}},{"type":"Feature","properties":{"id":"839","name":"Mount Oliver Borough","type":"borough","fips":51744},"geometry":{"type":"MultiPolygon","coordinates":[[[[-79.98819,40.41852],[-79.98631,40.41756],[-79.98228,40.41768],[-79.98216,40.41612],[-79.98189,40.41613],[-79.98157,40.41042],[-79.98082,40.40951],[-79.98146,40.40586],[-79.98447,40.40598],[-79.9877,40.40605],[-79.99106,40.40699],[-79.99193,40.40713],[-79.99126,40.40839],[-79.98946,40.41238],[-79.98804,40.41438],[-79.98824,40.41848],[-79.98819,40.41852]]]]}},{"type":"Feature","properties":{"id":"840","name":"Munhall Borough","type":"borough","fips":52320},"geometry":{"type":"MultiPolygon","coordinates":[[[[-79.89963,40.41546],[-79.8979,40.41496],[-79.89619,40.414],[-79.89431,40.41269],[-79.89063,40.41041],[-79.88988,40.40989],[-79.88451,40.4072],[-79.88541,40.40653],[-79.88706,40.40705],[-79.88754,40.40646],[-79.88728,40.40613],[-79.88677,40.4058],[-79.88437,40.40395],[-79.88425,40.40302],[-79.88837,40.4017],[-79.89053,40.40108],[-79.89029,40.40081],[-79.89612,40.39845],[-79.89516,40.39714],[-79.89371,40.39543],[-79.89352,40.39536],[-79.89375,40.39459],[-79.89428,40.39399],[-79.89433,40.39344],[-79.89366,40.39275],[-79.89365,40.39198],[-79.89357,40.39124],[-79.89435,40.38987],[-79.89469,40.38774],[-79.89486,40.38776],[-79.89473,40.3871],[-79.89439,40.38642],[-79.8946,40.38421],[-79.89094,40.38297],[-79.89092,40.38327],[-79.89048,40.38328],[-79.89037,40.38385],[-79.88977,40.38376],[-79.89,40.3837],[-79.88999,40.3833],[-79.8901,40.38285],[-79.89082,40.38169],[-79.8894,40.38082],[-79.89025,40.38019],[-79.89096,40.37939],[-79.89116,40.37728],[-79.89131,40.37636],[-79.89241,40.37632],[-79.89317,40.37646],[-79.89531,40.37702],[-79.89547,40.37702],[-79.89567,40.37695],[-79.89639,40.37637],[-79.89749,40.37538],[-79.89784,40.37522],[-79.89823,40.37517],[-79.90246,40.37541],[-79.90503,40.37538],[-79.90572,40.37549],[-79.90934,40.3769],[-79.90838,40.37817],[-79.9103,40.37856],[-79.91048,40.37839],[-79.91066,40.3787],[-79.91121,40.37928],[-79.91149,40.37967],[-79.91169,40.38006],[-79.91172,40.38053],[-79.91324,40.38095],[-79.91379,40.38093],[-79.91624,40.38008],[-79.91732,40.3816],[-79.91609,40.38212],[-79.9174,40.38452],[-79.91717,40.38472],[-79.91766,40.38735],[-79.91787,40.38804],[-79.91347,40.39015],[-79.91202,40.38979],[-79.91059,40.3896],[-79.90878,40.38758],[-79.90789,40.38807],[-79.90821,40.38935],[-79.90764,40.38918],[-79.90531,40.39317],[-79.90299,40.39489],[-79.90463,40.39613],[-79.90567,40.396],[-79.90608,40.39604],[-79.90644,40.39621],[-79.90745,40.39683],[-79.90662,40.39833],[-79.90633,40.39858],[-79.9067,40.39907],[-79.90738,40.39958],[-79.90704,40.40007],[-79.90648,40.3994],[-79.90263,40.40132],[-79.89963,40.3994],[-79.90133,40.4038],[-79.90271,40.40328],[-79.90745,40.40875],[-79.90333,40.40903],[-79.90528,40.41375],[-79.90598,40.41572],[-79.90312,40.41592],[-79.90152,40.41589],[-79.89963,40.41546]]]]}},{"type":"Feature","properties":{"id":"928","name":"Neville Township","type":"township","fips":53136},"geometry":{"type":"MultiPolygon","coordinates":[[[[-80.07818,40.49111],[-80.08104,40.49152],[-80.08325,40.49257],[-80.08696,40.49451],[-80.09162,40.49662],[-80.09366,40.49726],[-80.09569,40.4981],[-80.09751,40.49875],[-80.09914,40.49944],[-80.10166,40.50021],[-80.10344,40.50089],[-80.11018,40.50257],[-80.11228,40.50319],[-80.11435,40.50368],[-80.11901,40.50454],[-80.121,40.50483],[-80.12489,40.5057],[-80.12693,40.50629],[-80.13321,40.50852],[-80.13417,40.50891],[-80.13498,40.50932],[-80.13582,40.50991],[-80.13811,40.51131],[-80.14071,40.51244],[-80.14371,40.51347],[-80.1479,40.51451],[-80.14901,40.51471],[-80.14964,40.51493],[-80.15241,40.51617],[-80.15325,40.51671],[-80.15416,40.51718],[-80.15484,40.51765],[-80.1562,40.51871],[-80.15845,40.52027],[-80.15948,40.52105],[-80.16043,40.52248],[-80.16148,40.52381],[-80.15977,40.52324],[-80.15704,40.52257],[-80.15409,40.52206],[-80.14929,40.52094],[-80.14727,40.52041],[-80.14347,40.51908],[-80.13976,40.5174],[-80.13773,40.51634],[-80.13418,40.51535],[-80.13232,40.51505],[-80.12886,40.51482],[-80.12519,40.5142],[-80.1221,40.51345],[-80.12006,40.51311],[-80.1178,40.51284],[-80.11251,40.51185],[-80.11005,40.5111],[-80.10748,40.51023],[-80.09855,40.50697],[-80.09572,40.50576],[-80.0929,40.50433],[-80.09163,40.50385],[-80.08767,40.50262],[-80.08391,40.50197],[-80.08145,40.50145],[-80.07956,40.50084],[-80.0778,40.50019],[-80.07626,40.49934],[-80.07026,40.49483],[-80.06887,40.49371],[-80.06753,40.49228],[-80.06989,40.4919],[-80.0719,40.49174],[-80.07382,40.49153],[-80.07578,40.49123],[-80.07818,40.49111]]]]}},{"type":"Feature","properties":{"id":"843","name":"North Braddock Borough","type":"borough","fips":54816},"geometry":{"type":"MultiPolygon","coordinates":[[[[-79.87203,40.41258],[-79.87046,40.41355],[-79.86952,40.41405],[-79.86453,40.4114],[-79.86094,40.41175],[-79.86055,40.40903],[-79.85296,40.40898],[-79.85088,40.41051],[-79.84905,40.41173],[-79.84607,40.41202],[-79.84528,40.41162],[-79.8453,40.41208],[-79.84422,40.41225],[-79.84384,40.40966],[-79.84319,40.40919],[-79.84313,40.40924],[-79.83827,40.4052],[-79.83814,40.4041],[-79.83709,40.40252],[-79.83794,40.40185],[-79.83784,40.40057],[-79.84047,40.39905],[-79.84444,40.39786],[-79.84634,40.39411],[-79.84671,40.39363],[-79.8479,40.39381],[-79.84977,40.39429],[-79.8517,40.39452],[-79.85235,40.39432],[-79.85296,40.39374],[-79.85321,40.39305],[-79.85288,40.39274],[-79.85179,40.39253],[-79.85166,40.39216],[-79.8518,40.3917],[-79.85203,40.39021],[-79.85244,40.38986],[-79.85348,40.38844],[-79.85507,40.38896],[-79.86043,40.39087],[-79.86219,40.39177],[-79.86411,40.39228],[-79.85885,40.3983],[-79.85961,40.39863],[-79.8603,40.39906],[-79.86402,40.40198],[-79.86474,40.40262],[-79.8652,40.40326],[-79.86543,40.40386],[-79.86551,40.40445],[-79.8655,40.40651],[-79.86561,40.407],[-79.86586,40.40748],[-79.86636,40.40802],[-79.87102,40.41193],[-79.87134,40.41173],[-79.87194,40.41223],[-79.87203,40.41258]]]]}},{"type":"Feature","properties":{"id":"929","name":"North Fayette Township","type":"township","fips":55016},"geometry":{"type":"MultiPolygon","coordinates":[[[[-80.17229,40.4583],[-80.17203,40.44402],[-80.1723,40.44366],[-80.17214,40.44279],[-80.17189,40.44249],[-80.17189,40.44233],[-80.17171,40.4421],[-80.1716,40.44184],[-80.17155,40.44165],[-80.1716,40.44148],[-80.17106,40.43993],[-80.17119,40.43962],[-80.17113,40.43953],[-80.17127,40.43907],[-80.17126,40.43879],[-80.17152,40.43765],[-80.1715,40.43735],[-80.17138,40.43724],[-80.17123,40.43725],[-80.17119,40.43718],[-80.17146,40.43683],[-80.17151,40.4366],[-80.17218,40.43635],[-80.17241,40.43607],[-80.17262,40.43594],[-80.17273,40.43553],[-80.17259,40.43518],[-80.17234,40.43491],[-80.17216,40.43432],[-80.17196,40.43422],[-80.17176,40.43388],[-80.17159,40.43373],[-80.1716,40.43346],[-80.17112,40.43288],[-80.17056,40.43248],[-80.17054,40.4323],[-80.17043,40.43213],[-80.17053,40.43193],[-80.17035,40.43174],[-80.17026,40.43144],[-80.17025,40.4311],[-80.17001,40.43106],[-80.16992,40.43095],[-80.16997,40.43091],[-80.16995,40.43073],[-80.17007,40.43025],[-80.16985,40.42987],[-80.16991,40.42948],[-80.16975,40.42899],[-80.1695,40.42857],[-80.16901,40.42833],[-80.16903,40.4281],[-80.16874,40.42794],[-80.16862,40.42767],[-80.16872,40.42733],[-80.1686,40.42709],[-80.16871,40.42675],[-80.16851,40.42638],[-80.16881,40.42624],[-80.16882,40.42617],[-80.1687,40.42604],[-80.16861,40.42554],[-80.16852,40.42541],[-80.16855,40.42514],[-80.16837,40.425],[-80.16836,40.42486],[-80.16855,40.42448],[-80.16849,40.4244],[-80.1685,40.42416],[-80.16883,40.42397],[-80.16887,40.42376],[-80.16882,40.42357],[-80.16866,40.42335],[-80.16833,40.42314],[-80.16828,40.42299],[-80.1681,40.42288],[-80.16814,40.42246],[-80.16808,40.42228],[-80.16807,40.42195],[-80.16789,40.42138],[-80.16766,40.42096],[-80.16773,40.4208],[-80.16804,40.42083],[-80.16809,40.4204],[-80.16819,40.42029],[-80.1682,40.42015],[-80.16805,40.4196],[-80.1679,40.41844],[-80.16774,40.41818],[-80.16762,40.41815],[-80.16748,40.41828],[-80.16735,40.41824],[-80.16873,40.40181],[-80.16929,40.40115],[-80.16912,40.40072],[-80.16913,40.40054],[-80.16938,40.39999],[-80.16948,40.39928],[-80.16959,40.39894],[-80.1702,40.39811],[-80.17026,40.39793],[-80.17035,40.39787],[-80.1707,40.39777],[-80.17096,40.39781],[-80.17109,40.39795],[-80.17121,40.39799],[-80.17155,40.39793],[-80.17164,40.39795],[-80.1722,40.39834],[-80.17214,40.39908],[-80.17237,40.40055],[-80.17251,40.40093],[-80.17272,40.40109],[-80.17317,40.40126],[-80.17335,40.40128],[-80.17363,40.40128],[-80.1747,40.40111],[-80.17554,40.40089],[-80.17667,40.4001],[-80.17746,40.39973],[-80.17768,40.39958],[-80.17988,40.40106],[-80.17971,40.4013],[-80.18209,40.40316],[-80.18159,40.40349],[-80.18464,40.40644],[-80.18894,40.40311],[-80.18984,40.40365],[-80.19031,40.40435],[-80.19096,40.40473],[-80.19344,40.40636],[-80.19552,40.40562],[-80.19775,40.40474],[-80.19649,40.4038],[-80.19613,40.40363],[-80.19538,40.40345],[-80.19497,40.40321],[-80.19383,40.40216],[-80.19367,40.40193],[-80.19272,40.40037],[-80.19253,40.39957],[-80.19142,40.39863],[-80.19038,40.39794],[-80.18907,40.39722],[-80.18954,40.39605],[-80.19011,40.39569],[-80.19023,40.39553],[-80.19074,40.39527],[-80.19217,40.39426],[-80.1924,40.39412],[-80.1935,40.3938],[-80.19364,40.3937],[-80.19379,40.39357],[-80.19407,40.39301],[-80.19485,40.39256],[-80.19523,40.39228],[-80.19525,40.3922],[-80.19507,40.39199],[-80.19544,40.39169],[-80.19553,40.3915],[-80.19571,40.39141],[-80.19602,40.39111],[-80.19625,40.39105],[-80.19738,40.39036],[-80.19826,40.38965],[-80.19855,40.38953],[-80.19901,40.3897],[-80.1995,40.38955],[-80.20058,40.38911],[-80.20103,40.389],[-80.20123,40.38899],[-80.20171,40.38911],[-80.20203,40.38913],[-80.20225,40.38895],[-80.20266,40.38881],[-80.20285,40.38854],[-80.20318,40.38843],[-80.20346,40.38811],[-80.2036,40.38804],[-80.20415,40.38798],[-80.20455,40.38786],[-80.20468,40.3877],[-80.20474,40.38754],[-80.20472,40.38743],[-80.20452,40.38721],[-80.20459,40.38698],[-80.20474,40.38686],[-80.205,40.38675],[-80.20537,40.38635],[-80.20617,40.38614],[-80.20631,40.386],[-80.20635,40.38572],[-80.20645,40.38557],[-80.20678,40.38533],[-80.20727,40.38523],[-80.20761,40.38501],[-80.20799,40.38504],[-80.20923,40.38496],[-80.20962,40.38482],[-80.20978,40.38473],[-80.20985,40.38457],[-80.20985,40.38437],[-80.20972,40.38397],[-80.20975,40.38384],[-80.21023,40.38355],[-80.21041,40.38332],[-80.21058,40.38339],[-80.21069,40.38366],[-80.21079,40.38374],[-80.21093,40.38376],[-80.21107,40.3837],[-80.21135,40.38353],[-80.21158,40.38333],[-80.21162,40.38319],[-80.21219,40.38246],[-80.21258,40.38222],[-80.21314,40.38113],[-80.2136,40.38074],[-80.21404,40.38057],[-80.21445,40.3807],[-80.21477,40.38071],[-80.21484,40.38065],[-80.21498,40.3803],[-80.21498,40.37987],[-80.21524,40.37936],[-80.21531,40.37896],[-80.21574,40.37818],[-80.21579,40.37785],[-80.21584,40.37775],[-80.21618,40.3776],[-80.21623,40.37753],[-80.21617,40.3772],[-80.21591,40.37689],[-80.21584,40.37668],[-80.21566,40.37663],[-80.21528,40.37677],[-80.21523,40.37677],[-80.2152,40.37668],[-80.21532,40.37625],[-80.2157,40.37585],[-80.21588,40.37541],[-80.21595,40.37532],[-80.21645,40.37521],[-80.21652,40.37501],[-80.21649,40.37473],[-80.2168,40.37448],[-80.21716,40.3741],[-80.21895,40.37314],[-80.21953,40.37302],[-80.22168,40.37289],[-80.22217,40.37274],[-80.22236,40.37254],[-80.22244,40.37252],[-80.2229,40.37271],[-80.2231,40.373],[-80.22431,40.37291],[-80.22675,40.37219],[-80.22663,40.37172],[-80.22679,40.37156],[-80.22708,40.37143],[-80.22778,40.37257],[-80.22807,40.37244],[-80.22813,40.37247],[-80.22872,40.37445],[-80.22984,40.37414],[-80.23065,40.3766],[-80.23426,40.37751],[-80.2347,40.37549],[-80.28792,40.41881],[-80.2962,40.42548],[-80.28504,40.43353],[-80.2842,40.44017],[-80.28378,40.44092],[-80.28339,40.44136],[-80.28271,40.44191],[-80.2823,40.44261],[-80.28208,40.44279],[-80.28168,40.44273],[-80.27998,40.44281],[-80.27946,40.44294],[-80.27913,40.44291],[-80.27879,40.44276],[-80.27843,40.44286],[-80.27831,40.44272],[-80.278,40.44277],[-80.27795,40.44264],[-80.27787,40.4426],[-80.27707,40.44261],[-80.27695,40.44254],[-80.2767,40.4426],[-80.27651,40.44247],[-80.27574,40.44235],[-80.27559,40.44236],[-80.27554,40.44228],[-80.2754,40.44227],[-80.27508,40.44206],[-80.27443,40.44193],[-80.27354,40.44193],[-80.27065,40.44177],[-80.26967,40.44144],[-80.2692,40.44141],[-80.26851,40.44128],[-80.26757,40.44099],[-80.26658,40.44103],[-80.26604,40.44114],[-80.2655,40.44137],[-80.26505,40.44126],[-80.26498,40.44131],[-80.26404,40.44141],[-80.26259,40.44206],[-80.26257,40.44226],[-80.26247,40.44232],[-80.26182,40.44237],[-80.26093,40.44297],[-80.26086,40.44304],[-80.26078,40.4436],[-80.26065,40.44379],[-80.261,40.44378],[-80.26105,40.44381],[-80.26102,40.44384],[-80.26043,40.44403],[-80.25936,40.4445],[-80.25857,40.44468],[-80.25852,40.44478],[-80.25882,40.44492],[-80.25856,40.44502],[-80.25851,40.4452],[-80.25824,40.44519],[-80.25818,40.44547],[-80.25725,40.44551],[-80.25699,40.44561],[-80.25641,40.44644],[-80.25589,40.44662],[-80.25568,40.44695],[-80.25552,40.44707],[-80.25535,40.44713],[-80.25492,40.44707],[-80.25495,40.44685],[-80.25489,40.44685],[-80.2544,40.44717],[-80.25436,40.4475],[-80.25355,40.44787],[-80.25327,40.44807],[-80.25322,40.44817],[-80.25328,40.44845],[-80.25309,40.44863],[-80.25286,40.44875],[-80.25261,40.44873],[-80.25212,40.44898],[-80.25198,40.4491],[-80.25186,40.44933],[-80.25157,40.44936],[-80.25136,40.44957],[-80.25117,40.44967],[-80.25047,40.44997],[-80.24924,40.45005],[-80.24906,40.44999],[-80.24887,40.44978],[-80.24866,40.44971],[-80.24784,40.44979],[-80.24596,40.44982],[-80.24563,40.44989],[-80.24492,40.44977],[-80.24399,40.44992],[-80.24373,40.45],[-80.2435,40.45037],[-80.24289,40.45048],[-80.24123,40.45115],[-80.24111,40.45124],[-80.24115,40.45135],[-80.24105,40.45163],[-80.24078,40.45188],[-80.2405,40.452],[-80.23964,40.45214],[-80.2385,40.45206],[-80.23823,40.45211],[-80.23794,40.45224],[-80.23763,40.45208],[-80.23695,40.45231],[-80.23615,40.45238],[-80.23591,40.45234],[-80.23534,40.45246],[-80.23473,40.45281],[-80.23453,40.45298],[-80.23448,40.4531],[-80.23452,40.45378],[-80.23445,40.45403],[-80.2346,40.45463],[-80.23447,40.45493],[-80.23358,40.45515],[-80.23324,40.45517],[-80.233,40.4551],[-80.2328,40.45471],[-80.23262,40.45469],[-80.23233,40.45481],[-80.23192,40.45488],[-80.23061,40.45526],[-80.23029,40.45548],[-80.22939,40.45666],[-80.22917,40.45675],[-80.22908,40.45686],[-80.22844,40.45716],[-80.22831,40.45745],[-80.22789,40.45761],[-80.22718,40.4582],[-80.22688,40.45836],[-80.22633,40.4584],[-80.22586,40.45852],[-80.22531,40.45853],[-80.2247,40.45844],[-80.22443,40.45832],[-80.22424,40.45785],[-80.22427,40.45703],[-80.22437,40.45665],[-80.22462,40.4564],[-80.22464,40.45558],[-80.22453,40.45543],[-80.2241,40.4551],[-80.22394,40.45487],[-80.22358,40.45481],[-80.22311,40.45486],[-80.22239,40.45512],[-80.22195,40.45541],[-80.2218,40.45564],[-80.22156,40.45567],[-80.22134,40.45585],[-80.22121,40.45621],[-80.22123,40.45687],[-80.22113,40.4572],[-80.22133,40.45803],[-80.22127,40.45819],[-80.22103,40.45832],[-80.22061,40.45837],[-80.22004,40.4583],[-80.21962,40.45811],[-80.21942,40.45791],[-80.21927,40.45793],[-80.21906,40.45802],[-80.21877,40.4579],[-80.2183,40.45754],[-80.21803,40.45747],[-80.21783,40.45747],[-80.21763,40.45738],[-80.21705,40.45687],[-80.21699,40.45669],[-80.21711,40.45637],[-80.21707,40.45628],[-80.21681,40.45622],[-80.21659,40.45631],[-80.21641,40.45662],[-80.21621,40.45673],[-80.21596,40.4568],[-80.21523,40.45673],[-80.21509,40.4569],[-80.215,40.45721],[-80.21481,40.4575],[-80.21444,40.45784],[-80.21438,40.45811],[-80.2142,40.45813],[-80.21348,40.45759],[-80.21323,40.45597],[-80.21279,40.45497],[-80.21225,40.45425],[-80.212,40.45404],[-80.21179,40.45372],[-80.21016,40.45341],[-80.20939,40.45312],[-80.20868,40.45292],[-80.20826,40.45296],[-80.20819,40.45299],[-80.20817,40.45306],[-80.20836,40.45343],[-80.20872,40.45356],[-80.20875,40.45371],[-80.20868,40.45379],[-80.20845,40.45379],[-80.20671,40.4534],[-80.20578,40.45286],[-80.20486,40.45209],[-80.20368,40.45133],[-80.2035,40.45126],[-80.20301,40.45132],[-80.2028,40.45127],[-80.20274,40.4512],[-80.20279,40.45095],[-80.20255,40.45086],[-80.20224,40.45089],[-80.2022,40.45093],[-80.20223,40.45113],[-80.20205,40.45118],[-80.20193,40.45114],[-80.2018,40.451],[-80.20086,40.45116],[-80.19994,40.45138],[-80.1993,40.45134],[-80.19891,40.45158],[-80.19846,40.45207],[-80.19851,40.45235],[-80.19842,40.45246],[-80.19808,40.4528],[-80.19749,40.45321],[-80.19646,40.45358],[-80.19613,40.45393],[-80.19593,40.45398],[-80.1955,40.45395],[-80.19536,40.45431],[-80.19525,40.45435],[-80.19471,40.45435],[-80.19424,40.45429],[-80.19393,40.45453],[-80.19356,40.45457],[-80.19338,40.45513],[-80.19317,40.45518],[-80.19272,40.45559],[-80.19257,40.45581],[-80.19132,40.4565],[-80.19096,40.45653],[-80.19049,40.45647],[-80.19032,40.45652],[-80.18924,40.45744],[-80.18866,40.45776],[-80.18835,40.45783],[-80.18825,40.45777],[-80.18799,40.45779],[-80.18779,40.45769],[-80.1873,40.45761],[-80.18698,40.45763],[-80.18641,40.45782],[-80.18592,40.4571],[-80.18561,40.45683],[-80.18432,40.45667],[-80.18355,40.45617],[-80.18351,40.45601],[-80.18338,40.45592],[-80.18303,40.45593],[-80.18263,40.45604],[-80.18249,40.45615],[-80.18246,40.45632],[-80.18238,40.45641],[-80.18166,40.45624],[-80.18118,40.45621],[-80.17865,40.45559],[-80.17832,40.45556],[-80.17764,40.45579],[-80.17731,40.45619],[-80.17707,40.45633],[-80.1766,40.45646],[-80.176,40.45648],[-80.17581,40.45656],[-80.17541,40.45691],[-80.17508,40.45707],[-80.17463,40.45709],[-80.1744,40.45689],[-80.17405,40.45697],[-80.17284,40.45758],[-80.17272,40.45771],[-80.17251,40.45819],[-80.17229,40.4583]]]]}},{"type":"Feature","properties":{"id":"930","name":"North Versailles Township","type":"township","fips":55488},"geometry":{"type":"MultiPolygon","coordinates":[[[[-79.81441,40.39215],[-79.81445,40.39097],[-79.81439,40.38988],[-79.81152,40.3867],[-79.81215,40.3843],[-79.81325,40.38467],[-79.81615,40.38092],[-79.81559,40.38079],[-79.81618,40.38008],[-79.8165,40.38024],[-79.81669,40.37861],[-79.81388,40.37709],[-79.81275,40.37947],[-79.81125,40.37906],[-79.81056,40.38067],[-79.80701,40.37937],[-79.80567,40.38149],[-79.80498,40.38188],[-79.80556,40.3825],[-79.80571,40.38242],[-79.80618,40.38303],[-79.80572,40.38324],[-79.80531,40.38357],[-79.80515,40.38385],[-79.8044,40.38429],[-79.80406,40.38433],[-79.8037,40.3843],[-79.80323,40.38445],[-79.80276,40.3848],[-79.80236,40.38522],[-79.80151,40.38545],[-79.80059,40.38598],[-79.79989,40.38605],[-79.79842,40.38645],[-79.79977,40.38704],[-79.79913,40.38746],[-79.79911,40.38775],[-79.7986,40.38813],[-79.7981,40.38968],[-79.79848,40.39064],[-79.8026,40.39143],[-79.79657,40.39218],[-79.79466,40.39253],[-79.79317,40.39288],[-79.79109,40.39206],[-79.791,40.39201],[-79.7905,40.39038],[-79.79074,40.38944],[-79.79082,40.38849],[-79.79075,40.38772],[-79.79052,40.38667],[-79.79041,40.38615],[-79.79026,40.38594],[-79.78881,40.38715],[-79.78596,40.38802],[-79.7805,40.38997],[-79.77438,40.3866],[-79.77372,40.38699],[-79.77329,40.38732],[-79.77314,40.38758],[-79.77311,40.38791],[-79.77331,40.38831],[-79.77485,40.3904],[-79.77668,40.39176],[-79.77899,40.39334],[-79.77699,40.39497],[-79.77711,40.39516],[-79.77744,40.39537],[-79.77848,40.39574],[-79.779,40.39582],[-79.77943,40.39579],[-79.79258,40.39389],[-79.79285,40.3939],[-79.79312,40.39399],[-79.79341,40.39416],[-79.79705,40.39364],[-79.80102,40.39333],[-79.80103,40.39352],[-79.80476,40.39358],[-79.80499,40.39376],[-79.80492,40.39408],[-79.80453,40.39424],[-79.80145,40.39411],[-79.80025,40.39397],[-79.79852,40.39395],[-79.79725,40.39408],[-79.79638,40.39436],[-79.79425,40.39527],[-79.79352,40.39581],[-79.7932,40.39646],[-79.79303,40.39731],[-79.79204,40.39787],[-79.79086,40.39764],[-79.79066,40.3974],[-79.79016,40.39737],[-79.78976,40.39754],[-79.78924,40.39788],[-79.78887,40.39796],[-79.78852,40.39782],[-79.78835,40.39728],[-79.78855,40.39665],[-79.78854,40.39649],[-79.78829,40.39635],[-79.78745,40.39648],[-79.7872,40.39646],[-79.78648,40.39657],[-79.7848,40.39651],[-79.78398,40.39633],[-79.78289,40.39649],[-79.78153,40.39687],[-79.78062,40.39773],[-79.77924,40.39866],[-79.77897,40.39895],[-79.77853,40.39898],[-79.77709,40.39888],[-79.77634,40.39831],[-79.77486,40.39674],[-79.77196,40.3923],[-79.76918,40.38829],[-79.76854,40.3871],[-79.76817,40.38657],[-79.76543,40.38532],[-79.76561,40.38448],[-79.76807,40.38426],[-79.77202,40.38557],[-79.77348,40.38305],[-79.77503,40.37907],[-79.77307,40.37813],[-79.773,40.37803],[-79.77277,40.37667],[-79.77109,40.37543],[-79.77441,40.35969],[-79.78585,40.3599],[-79.79601,40.36023],[-79.80163,40.3603],[-79.81262,40.361],[-79.81347,40.36069],[-79.82191,40.36111],[-79.82918,40.36121],[-79.82938,40.36162],[-79.82988,40.36168],[-79.83047,40.36221],[-79.83072,40.36218],[-79.83081,40.3631],[-79.83217,40.36306],[-79.8321,40.3622],[-79.83321,40.36268],[-79.83344,40.36222],[-79.83341,40.36187],[-79.8338,40.36136],[-79.83421,40.3615],[-79.83638,40.365],[-79.83644,40.36709],[-79.83672,40.36949],[-79.83719,40.37166],[-79.83828,40.37412],[-79.83915,40.37589],[-79.84116,40.37842],[-79.84367,40.3807],[-79.84668,40.38305],[-79.8498,40.38517],[-79.85348,40.38844],[-79.85244,40.38986],[-79.85203,40.39021],[-79.8518,40.3917],[-79.85166,40.39216],[-79.85179,40.39253],[-79.85288,40.39274],[-79.85321,40.39305],[-79.85296,40.39374],[-79.85235,40.39432],[-79.85175,40.39452],[-79.84977,40.39429],[-79.8479,40.39381],[-79.84671,40.39363],[-79.84664,40.39371],[-79.84653,40.39369],[-79.84623,40.39356],[-79.84566,40.39319],[-79.84101,40.39175],[-79.83999,40.39113],[-79.83803,40.39075],[-79.83711,40.3909],[-79.83649,40.39212],[-79.83643,40.3927],[-79.83626,40.39339],[-79.83543,40.39456],[-79.83431,40.39509],[-79.83308,40.39633],[-79.8301,40.39836],[-79.83011,40.39935],[-79.83078,40.39956],[-79.82991,40.40065],[-79.82781,40.40288],[-79.8278,40.4043],[-79.82668,40.40424],[-79.82451,40.40303],[-79.81934,40.40077],[-79.81875,40.4005],[-79.81818,40.40016],[-79.81735,40.39982],[-79.81617,40.39849],[-79.81597,40.39793],[-79.81631,40.3971],[-79.813,40.39514],[-79.81441,40.39293],[-79.81441,40.39215]]]]}},{"type":"Feature","properties":{"id":"931","name":"O Hara Township","type":"township","fips":56384},"geometry":{"type":"MultiPolygon","coordinates":[[[[-79.85502,40.52385],[-79.85489,40.52088],[-79.85178,40.52066],[-79.8505,40.52052],[-79.85066,40.51986],[-79.85094,40.51728],[-79.85097,40.51587],[-79.85085,40.5142],[-79.84995,40.50919],[-79.84946,40.50743],[-79.84918,40.50612],[-79.84886,40.50367],[-79.84903,40.50126],[-79.84938,40.49887],[-79.84968,40.4976],[-79.85042,40.49575],[-79.85112,40.49361],[-79.85355,40.49566],[-79.85687,40.49818],[-79.85918,40.49644],[-79.85922,40.4977],[-79.86006,40.49767],[-79.86005,40.49756],[-79.86077,40.49755],[-79.86077,40.49746],[-79.86134,40.49744],[-79.86134,40.49748],[-79.86204,40.49747],[-79.86211,40.49767],[-79.86281,40.49766],[-79.86278,40.49704],[-79.86587,40.49557],[-79.86581,40.49416],[-79.86551,40.49339],[-79.86583,40.49338],[-79.86563,40.48681],[-79.8655,40.48508],[-79.8705,40.4842],[-79.87289,40.48372],[-79.875,40.48339],[-79.87726,40.48318],[-79.88213,40.48309],[-79.88392,40.48322],[-79.88822,40.48369],[-79.88811,40.48518],[-79.88818,40.4864],[-79.88449,40.48671],[-79.88459,40.48852],[-79.88461,40.49093],[-79.88697,40.49112],[-79.88984,40.49153],[-79.88997,40.49481],[-79.89045,40.49479],[-79.89116,40.49705],[-79.89043,40.49732],[-79.88891,40.49812],[-79.88739,40.49867],[-79.88641,40.49886],[-79.8859,40.49895],[-79.88536,40.49885],[-79.88507,40.49887],[-79.88393,40.49915],[-79.88354,40.4992],[-79.87846,40.49951],[-79.87863,40.5037],[-79.87254,40.50389],[-79.87278,40.50972],[-79.87162,40.50975],[-79.87226,40.52718],[-79.87194,40.52663],[-79.87168,40.52632],[-79.86726,40.52223],[-79.86758,40.52852],[-79.85527,40.5288],[-79.85517,40.52567],[-79.85502,40.52385]]],[[[-79.9131,40.53617],[-79.91326,40.53579],[-79.91403,40.53233],[-79.91448,40.53104],[-79.91138,40.53113],[-79.91135,40.53057],[-79.91163,40.53057],[-79.91163,40.53041],[-79.9131,40.53037],[-79.91328,40.52993],[-79.91307,40.52958],[-79.91278,40.5294],[-79.91254,40.52913],[-79.91225,40.52895],[-79.91164,40.52877],[-79.91147,40.52821],[-79.91181,40.5271],[-79.91502,40.52701],[-79.91458,40.51763],[-79.91408,40.50861],[-79.91292,40.50863],[-79.91284,40.50777],[-79.91127,40.50778],[-79.91129,40.50868],[-79.90858,40.50875],[-79.90832,40.50381],[-79.90236,40.50399],[-79.90223,40.50025],[-79.90809,40.50008],[-79.90787,40.49539],[-79.90878,40.49559],[-79.90877,40.49511],[-79.90992,40.49543],[-79.91224,40.49584],[-79.91763,40.49663],[-79.92542,40.4973],[-79.92549,40.49906],[-79.92737,40.499],[-79.92737,40.49768],[-79.93119,40.49739],[-79.93608,40.49729],[-79.93663,40.51223],[-79.93714,40.52217],[-79.93726,40.52586],[-79.93733,40.52618],[-79.93772,40.53413],[-79.92712,40.53428],[-79.92715,40.53587],[-79.92056,40.53598],[-79.91308,40.53621],[-79.9131,40.53617]]],[[[-79.91019,40.4934],[-79.90998,40.49309],[-79.91015,40.4929],[-79.91021,40.49272],[-79.9098,40.49252],[-79.90936,40.4922],[-79.90886,40.49167],[-79.90853,40.49189],[-79.9083,40.49182],[-79.9077,40.4923],[-79.90766,40.49083],[-79.90735,40.48721],[-79.91519,40.48884],[-79.91423,40.49165],[-79.91374,40.49329],[-79.91152,40.49319],[-79.91103,40.49335],[-79.91074,40.49355],[-79.91042,40.49354],[-79.91019,40.4934]]],[[[-79.89672,40.49334],[-79.89682,40.49301],[-79.8969,40.49301],[-79.89863,40.49318],[-79.90179,40.49356],[-79.90215,40.49978],[-79.90189,40.49986],[-79.90138,40.50012],[-79.90106,40.5004],[-79.90015,40.499],[-79.90037,40.49893],[-79.90035,40.49887],[-79.8994,40.49715],[-79.89984,40.4968],[-79.90002,40.49611],[-79.8998,40.49582],[-79.89919,40.49552],[-79.89855,40.49527],[-79.89787,40.49514],[-79.89656,40.49381],[-79.89672,40.49334]]]]}},{"type":"Feature","properties":{"id":"844","name":"Oakdale Borough","type":"borough","fips":55840},"geometry":{"type":"MultiPolygon","coordinates":[[[[-80.18935,40.40336],[-80.18894,40.40311],[-80.18464,40.40644],[-80.18159,40.40349],[-80.18209,40.40316],[-80.17971,40.4013],[-80.17988,40.40106],[-80.17765,40.39956],[-80.17945,40.39885],[-80.17928,40.39873],[-80.18211,40.39767],[-80.18154,40.39685],[-80.18111,40.39636],[-80.18587,40.39421],[-80.18561,40.39393],[-80.18778,40.39265],[-80.18835,40.39327],[-80.18996,40.39229],[-80.19179,40.39416],[-80.19036,40.39441],[-80.18955,40.39494],[-80.18954,40.39605],[-80.18907,40.39722],[-80.19038,40.39794],[-80.19142,40.39863],[-80.19253,40.39957],[-80.19272,40.40037],[-80.19367,40.40193],[-80.19383,40.40216],[-80.19497,40.40321],[-80.19538,40.40345],[-80.19613,40.40363],[-80.19649,40.4038],[-80.19775,40.40474],[-80.19552,40.40562],[-80.19344,40.40636],[-80.19096,40.40473],[-80.19031,40.40435],[-80.18984,40.40365],[-80.18935,40.40336]]]]}},{"type":"Feature","properties":{"id":"845","name":"Oakmont Borough","type":"borough","fips":56088},"geometry":{"type":"MultiPolygon","coordinates":[[[[-79.81968,40.51737],[-79.81997,40.51718],[-79.82016,40.51696],[-79.82036,40.51578],[-79.82071,40.51531],[-79.82101,40.51512],[-79.8218,40.51483],[-79.82239,40.51451],[-79.82256,40.51456],[-79.82269,40.5147],[-79.82309,40.51534],[-79.82373,40.51582],[-79.82411,40.5158],[-79.82453,40.51558],[-79.82477,40.5153],[-79.8249,40.51488],[-79.82507,40.51467],[-79.82536,40.51406],[-79.82581,40.51364],[-79.8259,40.51349],[-79.82606,40.51287],[-79.82757,40.51212],[-79.82856,40.51195],[-79.8291,40.51192],[-79.82947,40.51203],[-79.83101,40.5128],[-79.83211,40.51345],[-79.8323,40.51352],[-79.83343,40.51365],[-79.83372,40.51335],[-79.83404,40.51258],[-79.83442,40.51204],[-79.83551,40.51149],[-79.83645,40.5115],[-79.83697,40.51174],[-79.83816,40.51184],[-79.84087,40.51193],[-79.8419,40.51186],[-79.84252,40.51152],[-79.84341,40.51131],[-79.84445,40.51119],[-79.84518,40.51014],[-79.84586,40.50882],[-79.84653,40.5082],[-79.84754,40.50776],[-79.84946,40.50743],[-79.84995,40.50919],[-79.85085,40.5142],[-79.85097,40.51587],[-79.85094,40.51728],[-79.85066,40.51986],[-79.8502,40.52172],[-79.84968,40.52303],[-79.84921,40.52396],[-79.84843,40.52513],[-79.84744,40.52621],[-79.84647,40.52698],[-79.84397,40.52878],[-79.84231,40.52981],[-79.84032,40.53077],[-79.83818,40.53151],[-79.83529,40.53264],[-79.83473,40.53173],[-79.83573,40.53125],[-79.8362,40.53095],[-79.83675,40.53046],[-79.83653,40.53041],[-79.83669,40.53027],[-79.83612,40.52994],[-79.83606,40.53003],[-79.83351,40.52978],[-79.83304,40.52985],[-79.83259,40.52966],[-79.8325,40.52944],[-79.83157,40.52914],[-79.83118,40.52885],[-79.83064,40.52872],[-79.83003,40.52874],[-79.82924,40.52836],[-79.82884,40.52826],[-79.82869,40.52818],[-79.82857,40.52802],[-79.82812,40.528],[-79.82806,40.52796],[-79.82791,40.52449],[-79.82321,40.52552],[-79.82155,40.52593],[-79.82086,40.52615],[-79.82042,40.52499],[-79.82008,40.5243],[-79.81979,40.52387],[-79.81907,40.52311],[-79.81918,40.52284],[-79.81972,40.52214],[-79.81924,40.52096],[-79.8198,40.52049],[-79.81993,40.51895],[-79.82035,40.51811],[-79.81968,40.51737]]]]}},{"type":"Feature","properties":{"id":"932","name":"Ohio Township","type":"township","fips":56392},"geometry":{"type":"MultiPolygon","coordinates":[[[[-80.06402,40.54223],[-80.06365,40.53714],[-80.06335,40.53174],[-80.06273,40.52341],[-80.06264,40.52174],[-80.06264,40.51908],[-80.0623,40.51545],[-80.07124,40.51818],[-80.09492,40.52622],[-80.0989,40.52762],[-80.12156,40.53626],[-80.12166,40.53916],[-80.12245,40.54892],[-80.12209,40.5491],[-80.1218,40.54934],[-80.12153,40.54966],[-80.12129,40.55008],[-80.12061,40.55053],[-80.12008,40.5511],[-80.11882,40.55152],[-80.11818,40.55192],[-80.11683,40.55222],[-80.11567,40.55287],[-80.11569,40.55318],[-80.11548,40.55421],[-80.11525,40.55484],[-80.11453,40.55641],[-80.11439,40.55707],[-80.11408,40.5578],[-80.11388,40.55865],[-80.11403,40.55953],[-80.11402,40.56022],[-80.11353,40.56228],[-80.11395,40.5668],[-80.11667,40.57047],[-80.11364,40.57056],[-80.11389,40.57547],[-80.10985,40.57274],[-80.10429,40.56911],[-80.09854,40.56507],[-80.09395,40.56207],[-80.09278,40.5614],[-80.09097,40.56008],[-80.07461,40.54909],[-80.06922,40.54564],[-80.06912,40.54573],[-80.06808,40.54508],[-80.06695,40.54434],[-80.06402,40.54223]]]]}},{"type":"Feature","properties":{"id":"934","name":"Penn Hills Municipality","type":"municipality","fips":59032},"geometry":{"type":"MultiPolygon","coordinates":[[[[-79.81675,40.51487],[-79.81648,40.51455],[-79.81615,40.51433],[-79.81564,40.51417],[-79.81542,40.51423],[-79.81455,40.51503],[-79.81405,40.5159],[-79.81381,40.51621],[-79.81329,40.51652],[-79.81305,40.51654],[-79.81283,40.5165],[-79.81124,40.51588],[-79.81019,40.51575],[-79.80901,40.51591],[-79.80875,40.51612],[-79.80847,40.51721],[-79.80823,40.51772],[-79.80803,40.51795],[-79.80776,40.51814],[-79.80721,40.51838],[-79.80705,40.51831],[-79.80698,40.51816],[-79.80689,40.51739],[-79.8067,40.51666],[-79.8067,40.51589],[-79.80696,40.51473],[-79.80675,40.51361],[-79.80663,40.51349],[-79.80623,40.51354],[-79.80528,40.51402],[-79.80427,40.51442],[-79.80404,40.51458],[-79.80374,40.51459],[-79.80232,40.51434],[-79.80185,40.51412],[-79.80138,40.5138],[-79.8006,40.51313],[-79.80024,40.51235],[-79.79972,40.51179],[-79.79954,40.51102],[-79.79942,40.51082],[-79.79916,40.51046],[-79.79852,40.51019],[-79.79809,40.51024],[-79.79791,40.51047],[-79.79737,40.51091],[-79.79669,40.51101],[-79.79604,40.51126],[-79.79572,40.51151],[-79.79463,40.51202],[-79.79442,40.51202],[-79.794,40.51186],[-79.79365,40.51148],[-79.79331,40.51084],[-79.79321,40.51061],[-79.79319,40.51024],[-79.793,40.5098],[-79.79224,40.50858],[-79.7919,40.50819],[-79.7918,40.50795],[-79.79155,40.50673],[-79.79144,40.50583],[-79.79167,40.50549],[-79.79192,40.50526],[-79.79186,40.50464],[-79.79222,40.50392],[-79.79234,40.50378],[-79.79244,40.50348],[-79.7924,40.50316],[-79.79187,40.50229],[-79.79126,40.50178],[-79.79087,40.50158],[-79.7903,40.50159],[-79.79006,40.50153],[-79.78954,40.50122],[-79.7893,40.50098],[-79.78898,40.5004],[-79.78818,40.49958],[-79.78811,40.49939],[-79.78814,40.4992],[-79.78827,40.49898],[-79.78866,40.49864],[-79.78888,40.49837],[-79.78896,40.4981],[-79.78905,40.49666],[-79.78865,40.4957],[-79.78794,40.49539],[-79.78758,40.49518],[-79.78663,40.4954],[-79.78608,40.49547],[-79.78482,40.49542],[-79.78448,40.49525],[-79.78401,40.49474],[-79.78402,40.49453],[-79.7851,40.49332],[-79.78544,40.49155],[-79.78543,40.49131],[-79.78523,40.49102],[-79.78435,40.49039],[-79.78399,40.49028],[-79.78336,40.4899],[-79.78366,40.48919],[-79.78357,40.48895],[-79.78362,40.48853],[-79.78385,40.48825],[-79.78409,40.4881],[-79.78409,40.48787],[-79.78418,40.48773],[-79.7841,40.48749],[-79.78416,40.48733],[-79.78392,40.48731],[-79.78389,40.48726],[-79.78405,40.48718],[-79.78407,40.48697],[-79.78377,40.48677],[-79.78381,40.48668],[-79.78364,40.48654],[-79.78363,40.48643],[-79.7824,40.48536],[-79.78162,40.48477],[-79.78139,40.48437],[-79.78103,40.48393],[-79.78092,40.48367],[-79.78082,40.48219],[-79.78034,40.48194],[-79.78039,40.48179],[-79.77874,40.48087],[-79.77964,40.48008],[-79.77992,40.47847],[-79.77811,40.47825],[-79.77845,40.47649],[-79.77861,40.47656],[-79.77887,40.47618],[-79.7784,40.47597],[-79.77761,40.46961],[-79.77695,40.4664],[-79.77679,40.46584],[-79.77748,40.46503],[-79.77754,40.46404],[-79.77788,40.46355],[-79.77837,40.46322],[-79.77921,40.46278],[-79.77932,40.46105],[-79.77928,40.4599],[-79.77985,40.45981],[-79.78085,40.45923],[-79.7811,40.45895],[-79.78189,40.45757],[-79.78216,40.45691],[-79.7825,40.45653],[-79.78322,40.456],[-79.78409,40.45559],[-79.78535,40.45452],[-79.78587,40.45426],[-79.78721,40.45315],[-79.788,40.45274],[-79.78916,40.45241],[-79.7929,40.45157],[-79.79333,40.45143],[-79.79475,40.45085],[-79.79628,40.45013],[-79.79642,40.44896],[-79.79667,40.44869],[-79.79689,40.44808],[-79.79698,40.44798],[-79.79698,40.44767],[-79.79637,40.4469],[-79.79628,40.44643],[-79.79661,40.4456],[-79.79675,40.44456],[-79.79711,40.44369],[-79.79742,40.4435],[-79.79751,40.44328],[-79.79751,40.44279],[-79.79792,40.44189],[-79.79827,40.4415],[-79.79858,40.44133],[-79.79884,40.44124],[-79.80012,40.44115],[-79.80106,40.44055],[-79.80129,40.44048],[-79.8017,40.44044],[-79.80191,40.44035],[-79.80198,40.44019],[-79.80178,40.44001],[-79.80149,40.43992],[-79.8008,40.43982],[-79.80049,40.43971],[-79.80035,40.43952],[-79.80094,40.43907],[-79.80135,40.43893],[-79.80183,40.43887],[-79.80267,40.43859],[-79.82004,40.4432],[-79.82761,40.44507],[-79.82837,40.44436],[-79.8294,40.4447],[-79.82952,40.44432],[-79.83535,40.44508],[-79.84023,40.4498],[-79.8437,40.45073],[-79.84433,40.44965],[-79.85422,40.45283],[-79.85424,40.45362],[-79.85548,40.45361],[-79.85556,40.4548],[-79.8555,40.45641],[-79.85553,40.4574],[-79.85695,40.45736],[-79.85729,40.45725],[-79.85802,40.45942],[-79.85962,40.45937],[-79.85962,40.45891],[-79.86065,40.45888],[-79.86063,40.4586],[-79.86706,40.45854],[-79.86828,40.45636],[-79.87265,40.45746],[-79.87256,40.45765],[-79.87162,40.4584],[-79.8717,40.46057],[-79.87064,40.46076],[-79.86923,40.46053],[-79.86911,40.46098],[-79.87058,40.4612],[-79.87138,40.46112],[-79.87229,40.46089],[-79.87266,40.46074],[-79.87314,40.46043],[-79.87451,40.45927],[-79.87534,40.4598],[-79.87521,40.45992],[-79.87563,40.45996],[-79.87555,40.46156],[-79.87691,40.46162],[-79.8763,40.45971],[-79.8774,40.45984],[-79.87749,40.45943],[-79.87728,40.45941],[-79.87739,40.4589],[-79.87913,40.4591],[-79.87912,40.45907],[-79.89003,40.46185],[-79.88829,40.47005],[-79.88773,40.47315],[-79.88656,40.47819],[-79.88536,40.4786],[-79.88499,40.47882],[-79.88467,40.47932],[-79.88379,40.48321],[-79.88213,40.48309],[-79.87726,40.48318],[-79.875,40.48339],[-79.87289,40.48372],[-79.8705,40.4842],[-79.8655,40.48508],[-79.86278,40.48582],[-79.86117,40.48636],[-79.85914,40.48724],[-79.85779,40.4881],[-79.85654,40.48898],[-79.85312,40.49183],[-79.85112,40.49361],[-79.85034,40.49595],[-79.84524,40.49599],[-79.84484,40.49645],[-79.84416,40.49748],[-79.84389,40.49798],[-79.84368,40.49867],[-79.84354,40.49951],[-79.84335,40.50139],[-79.84332,40.50232],[-79.84287,40.50337],[-79.84141,40.50345],[-79.84088,40.50365],[-79.84033,40.50361],[-79.83904,40.50308],[-79.83844,40.50279],[-79.83829,40.5026],[-79.83779,40.50221],[-79.83692,40.50209],[-79.83641,40.50187],[-79.83499,40.5015],[-79.83444,40.50122],[-79.83409,40.50085],[-79.8338,40.50085],[-79.8338,40.50136],[-79.83346,40.50139],[-79.83375,40.51032],[-79.83401,40.51262],[-79.83372,40.51335],[-79.83343,40.51365],[-79.8323,40.51352],[-79.83211,40.51345],[-79.83101,40.5128],[-79.82947,40.51203],[-79.8291,40.51192],[-79.82856,40.51195],[-79.82757,40.51212],[-79.82606,40.51287],[-79.8259,40.51349],[-79.82581,40.51364],[-79.82536,40.51406],[-79.82507,40.51467],[-79.8249,40.51488],[-79.82477,40.5153],[-79.82453,40.51558],[-79.82411,40.5158],[-79.82373,40.51582],[-79.82309,40.51534],[-79.82269,40.5147],[-79.82256,40.51456],[-79.82239,40.51451],[-79.8218,40.51483],[-79.82101,40.51512],[-79.82071,40.51531],[-79.82036,40.51578],[-79.82016,40.51696],[-79.81997,40.51718],[-79.81968,40.51737],[-79.81915,40.51801],[-79.81875,40.51826],[-79.81799,40.5184],[-79.81754,40.51836],[-79.8172,40.51826],[-79.81674,40.5179],[-79.81666,40.51772],[-79.81662,40.51667],[-79.81675,40.51487]]]]}},{"type":"Feature","properties":{"id":"871","name":"Pennsbury Village Borough","type":"borough","fips":59152},"geometry":{"type":"MultiPolygon","coordinates":[[[[-80.10453,40.42898],[-80.10189,40.43044],[-80.10086,40.43091],[-80.09913,40.42987],[-80.09871,40.42936],[-80.09785,40.4287],[-80.09928,40.42713],[-80.09999,40.42623],[-80.10025,40.42579],[-80.10056,40.42549],[-80.10068,40.42555],[-80.10141,40.42519],[-80.10453,40.42898]]]]}},{"type":"Feature","properties":{"id":"935","name":"Pine Township","type":"township","fips":60272},"geometry":{"type":"MultiPolygon","coordinates":[[[[-80.06593,40.61259],[-80.06806,40.61254],[-80.06919,40.62879],[-80.06997,40.64716],[-80.07082,40.66242],[-80.0714,40.67418],[-80.02101,40.67408],[-79.99417,40.67358],[-79.99211,40.6346],[-79.99114,40.61432],[-80.06593,40.61259]]]]}},{"type":"Feature","properties":{"id":"847","name":"Pitcairn Borough","type":"borough","fips":60712},"geometry":{"type":"MultiPolygon","coordinates":[[[[-79.77425,40.41021],[-79.77431,40.40992],[-79.77323,40.40956],[-79.77312,40.40961],[-79.77373,40.40982],[-79.77337,40.4104],[-79.77268,40.40986],[-79.77154,40.41048],[-79.77074,40.40922],[-79.76987,40.40803],[-79.77009,40.40764],[-79.76997,40.40708],[-79.76943,40.40599],[-79.76974,40.40424],[-79.76981,40.40406],[-79.77027,40.4036],[-79.7723,40.40171],[-79.77175,40.40138],[-79.77064,40.40043],[-79.77167,40.39987],[-79.77288,40.40083],[-79.77527,40.40222],[-79.77538,40.40221],[-79.77528,40.40188],[-79.77523,40.40188],[-79.77418,40.40058],[-79.77526,40.40003],[-79.77627,40.40009],[-79.77848,40.40051],[-79.77822,40.40083],[-79.77811,40.40108],[-79.77772,40.40098],[-79.77796,40.40179],[-79.7829,40.40094],[-79.78427,40.40065],[-79.78508,40.40042],[-79.7832,40.40192],[-79.78282,40.40217],[-79.78327,40.40249],[-79.78301,40.40308],[-79.78271,40.40398],[-79.78306,40.40438],[-79.78239,40.40498],[-79.77989,40.40761],[-79.77918,40.40924],[-79.77945,40.40926],[-79.77889,40.41058],[-79.77965,40.41056],[-79.77837,40.41342],[-79.77755,40.41549],[-79.77724,40.41618],[-79.77717,40.41617],[-79.77714,40.41688],[-79.77749,40.41677],[-79.77752,40.41657],[-79.7778,40.4166],[-79.77795,40.41625],[-79.77747,40.41622],[-79.77749,40.41586],[-79.77837,40.41614],[-79.77753,40.41812],[-79.7813,40.41903],[-79.77987,40.42241],[-79.77739,40.42022],[-79.77592,40.41985],[-79.77619,40.41926],[-79.77593,40.41908],[-79.77658,40.41815],[-79.77686,40.41732],[-79.77631,40.41719],[-79.7765,40.41673],[-79.77654,40.41603],[-79.776,40.41436],[-79.77567,40.41398],[-79.77276,40.41455],[-79.77582,40.41044],[-79.7748,40.41008],[-79.77475,40.41036],[-79.77425,40.41021]]]]}},{"type":"Feature","properties":{"id":"873","name":"Pleasant Hills Borough","type":"borough","fips":61328},"geometry":{"type":"MultiPolygon","coordinates":[[[[-79.96196,40.31989],[-79.97521,40.32471],[-79.97537,40.32561],[-79.97621,40.32756],[-79.97916,40.32748],[-79.98261,40.3294],[-79.98508,40.3284],[-79.98554,40.33003],[-79.98558,40.33222],[-79.98527,40.33248],[-79.98538,40.33316],[-79.98536,40.33343],[-79.9843,40.33329],[-79.98157,40.33561],[-79.98079,40.3361],[-79.98033,40.33628],[-79.97959,40.33645],[-79.9787,40.33649],[-79.97808,40.33644],[-79.9767,40.33619],[-79.97644,40.3365],[-79.97808,40.33721],[-79.97588,40.33806],[-79.97475,40.33732],[-79.96909,40.34039],[-79.96939,40.34063],[-79.96828,40.34182],[-79.96734,40.34171],[-79.96698,40.34182],[-79.96688,40.34163],[-79.96676,40.34153],[-79.96675,40.34142],[-79.964,40.345],[-79.96247,40.34416],[-79.9613,40.34345],[-79.95958,40.34254],[-79.95126,40.33776],[-79.9473,40.3357],[-79.9407,40.33178],[-79.9373,40.32996],[-79.93775,40.32936],[-79.93826,40.32854],[-79.93848,40.32783],[-79.93876,40.32732],[-79.9392,40.32608],[-79.94042,40.32339],[-79.94007,40.32335],[-79.93688,40.31855],[-79.94256,40.31646],[-79.95298,40.32044],[-79.95593,40.32085],[-79.95692,40.32119],[-79.95691,40.32027],[-79.95698,40.32015],[-79.95964,40.3177],[-79.96132,40.31862],[-79.96196,40.31989]]]]}},{"type":"Feature","properties":{"id":"880","name":"Plum Borough","type":"borough","fips":61536},"geometry":{"type":"MultiPolygon","coordinates":[[[[-79.70399,40.44367],[-79.70437,40.44402],[-79.7049,40.44468],[-79.70584,40.44545],[-79.70661,40.44591],[-79.70753,40.44638],[-79.70768,40.44662],[-79.70775,40.44725],[-79.70792,40.44753],[-79.70818,40.4477],[-79.70889,40.44798],[-79.70953,40.44812],[-79.71005,40.44699],[-79.7104,40.4465],[-79.71076,40.44619],[-79.71111,40.44598],[-79.71179,40.44581],[-79.71362,40.44584],[-79.71463,40.44591],[-79.71592,40.44626],[-79.71734,40.44656],[-79.71932,40.4472],[-79.72042,40.44771],[-79.72202,40.4488],[-79.72329,40.44942],[-79.72432,40.45006],[-79.72584,40.45067],[-79.72734,40.45141],[-79.72904,40.45245],[-79.73043,40.45307],[-79.73149,40.45338],[-79.73325,40.4544],[-79.73504,40.45516],[-79.73566,40.45565],[-79.73609,40.45627],[-79.7364,40.45653],[-79.73887,40.45777],[-79.73911,40.45782],[-79.73959,40.4578],[-79.74369,40.45689],[-79.74461,40.45664],[-79.74519,40.45661],[-79.74563,40.45666],[-79.7474,40.45699],[-79.74802,40.45717],[-79.74837,40.45736],[-79.74948,40.45821],[-79.75177,40.4592],[-79.75294,40.45999],[-79.75352,40.46029],[-79.7538,40.46033],[-79.75427,40.46029],[-79.75596,40.45977],[-79.75639,40.45968],[-79.75705,40.45965],[-79.75771,40.45973],[-79.75875,40.46004],[-79.75898,40.46032],[-79.76031,40.46049],[-79.76062,40.46085],[-79.76146,40.4616],[-79.76184,40.46178],[-79.76208,40.46182],[-79.76777,40.46204],[-79.76805,40.46198],[-79.76822,40.46188],[-79.76921,40.46098],[-79.76944,40.46086],[-79.77269,40.45983],[-79.77349,40.45966],[-79.77391,40.45966],[-79.77432,40.45973],[-79.7761,40.46031],[-79.7793,40.46096],[-79.77921,40.46278],[-79.77837,40.46322],[-79.77788,40.46355],[-79.77754,40.46404],[-79.77748,40.46503],[-79.77679,40.46584],[-79.77695,40.4664],[-79.77761,40.46961],[-79.7784,40.47597],[-79.77887,40.47618],[-79.77861,40.47656],[-79.77845,40.47649],[-79.77811,40.47825],[-79.77992,40.47847],[-79.77964,40.48008],[-79.77874,40.48087],[-79.78039,40.48179],[-79.78034,40.48194],[-79.78082,40.48219],[-79.78092,40.48367],[-79.78103,40.48393],[-79.78139,40.48437],[-79.78162,40.48477],[-79.7824,40.48536],[-79.78363,40.48643],[-79.78364,40.48654],[-79.78381,40.48668],[-79.78377,40.48677],[-79.78407,40.48697],[-79.78405,40.48718],[-79.78389,40.48726],[-79.78392,40.48731],[-79.78416,40.48733],[-79.7841,40.48749],[-79.78418,40.48773],[-79.78409,40.48787],[-79.78409,40.4881],[-79.78385,40.48825],[-79.78362,40.48853],[-79.78357,40.48895],[-79.78366,40.48919],[-79.78336,40.4899],[-79.78399,40.49028],[-79.78435,40.49039],[-79.78523,40.49102],[-79.78543,40.49131],[-79.78544,40.49155],[-79.7851,40.49332],[-79.78402,40.49453],[-79.78401,40.49474],[-79.78448,40.49525],[-79.78482,40.49542],[-79.78608,40.49547],[-79.78663,40.4954],[-79.78758,40.49518],[-79.78794,40.49539],[-79.78865,40.4957],[-79.78905,40.49666],[-79.78896,40.4981],[-79.78888,40.49837],[-79.78866,40.49864],[-79.78827,40.49898],[-79.78814,40.4992],[-79.78811,40.49939],[-79.78818,40.49958],[-79.78898,40.5004],[-79.7893,40.50098],[-79.78954,40.50122],[-79.79006,40.50153],[-79.7903,40.50159],[-79.79087,40.50158],[-79.79126,40.50178],[-79.79187,40.50229],[-79.7924,40.50316],[-79.79244,40.50348],[-79.79234,40.50378],[-79.79222,40.50392],[-79.79186,40.50464],[-79.79192,40.50526],[-79.79167,40.50549],[-79.79144,40.50583],[-79.79146,40.50612],[-79.7918,40.50795],[-79.7919,40.50819],[-79.79224,40.50858],[-79.793,40.5098],[-79.79319,40.51024],[-79.79321,40.51061],[-79.79365,40.51148],[-79.794,40.51186],[-79.79442,40.51202],[-79.79463,40.51202],[-79.79572,40.51151],[-79.79604,40.51126],[-79.79669,40.51101],[-79.79737,40.51091],[-79.79791,40.51047],[-79.79809,40.51024],[-79.79852,40.51019],[-79.79916,40.51046],[-79.79942,40.51082],[-79.79954,40.51102],[-79.79972,40.51179],[-79.80024,40.51235],[-79.8006,40.51313],[-79.80138,40.5138],[-79.80185,40.51412],[-79.80232,40.51434],[-79.80374,40.51459],[-79.80404,40.51458],[-79.80427,40.51442],[-79.80528,40.51402],[-79.80623,40.51354],[-79.80663,40.51349],[-79.80675,40.51361],[-79.80696,40.51473],[-79.8067,40.51589],[-79.8067,40.51666],[-79.80689,40.51739],[-79.80698,40.51816],[-79.80705,40.51831],[-79.80721,40.51838],[-79.80776,40.51814],[-79.80803,40.51795],[-79.80823,40.51772],[-79.80847,40.51721],[-79.80875,40.51612],[-79.80901,40.51591],[-79.81019,40.51575],[-79.81124,40.51588],[-79.81283,40.5165],[-79.81305,40.51654],[-79.81329,40.51652],[-79.81381,40.51621],[-79.81405,40.5159],[-79.81455,40.51503],[-79.81542,40.51423],[-79.81564,40.51417],[-79.81615,40.51433],[-79.81648,40.51455],[-79.81675,40.51487],[-79.81662,40.51667],[-79.81666,40.51772],[-79.81674,40.5179],[-79.8172,40.51826],[-79.81754,40.51836],[-79.81831,40.51837],[-79.81875,40.51826],[-79.81915,40.51801],[-79.81968,40.51737],[-79.82035,40.51811],[-79.81993,40.51895],[-79.8198,40.52049],[-79.81924,40.52096],[-79.81972,40.52214],[-79.81918,40.52284],[-79.81907,40.52311],[-79.81979,40.52387],[-79.82008,40.5243],[-79.82042,40.52499],[-79.82086,40.52615],[-79.82155,40.52593],[-79.82321,40.52552],[-79.82791,40.52449],[-79.82806,40.52796],[-79.82812,40.528],[-79.82857,40.52802],[-79.82869,40.52818],[-79.82884,40.52826],[-79.82924,40.52836],[-79.83003,40.52874],[-79.83064,40.52872],[-79.83118,40.52885],[-79.83157,40.52914],[-79.8325,40.52944],[-79.83259,40.52966],[-79.83304,40.52985],[-79.83351,40.52978],[-79.83606,40.53003],[-79.83612,40.52994],[-79.83669,40.53027],[-79.83653,40.53041],[-79.83675,40.53046],[-79.8362,40.53095],[-79.83573,40.53125],[-79.83473,40.53173],[-79.83529,40.53264],[-79.83319,40.53353],[-79.83082,40.53435],[-79.82854,40.53501],[-79.82333,40.53603],[-79.82178,40.53627],[-79.82068,40.53637],[-79.81367,40.53663],[-79.80855,40.53713],[-79.80757,40.53729],[-79.80501,40.53746],[-79.80253,40.53726],[-79.79982,40.53682],[-79.79754,40.53624],[-79.79479,40.53579],[-79.7918,40.53524],[-79.78817,40.53463],[-79.78376,40.53412],[-79.78149,40.53424],[-79.77891,40.5345],[-79.77662,40.53494],[-79.77277,40.53634],[-79.77151,40.53698],[-79.77001,40.53782],[-79.76848,40.53879],[-79.7661,40.54072],[-79.76531,40.54176],[-79.76474,40.54293],[-79.76426,40.54411],[-79.76378,40.54501],[-79.7637,40.54603],[-79.76384,40.54695],[-79.76414,40.54776],[-79.76509,40.54925],[-79.76148,40.55094],[-79.76076,40.55105],[-79.76007,40.55107],[-79.75953,40.55064],[-79.75716,40.55013],[-79.75655,40.5502],[-79.7555,40.55043],[-79.75426,40.55044],[-79.75406,40.55048],[-79.75365,40.55065],[-79.75351,40.55086],[-79.75293,40.55091],[-79.75285,40.55097],[-79.7529,40.55125],[-79.75285,40.55135],[-79.75251,40.55156],[-79.7517,40.55183],[-79.75135,40.55182],[-79.75065,40.55168],[-79.75003,40.55149],[-79.7485,40.55127],[-79.7478,40.55086],[-79.7468,40.55069],[-79.74662,40.55061],[-79.7463,40.55021],[-79.74573,40.54972],[-79.74536,40.54957],[-79.74377,40.54911],[-79.74305,40.54877],[-79.74266,40.54853],[-79.74233,40.54872],[-79.74196,40.54911],[-79.74153,40.54934],[-79.74138,40.5494],[-79.74052,40.54949],[-79.73872,40.54947],[-79.73781,40.54937],[-79.73665,40.54932],[-79.73618,40.54919],[-79.7356,40.54898],[-79.73537,40.54885],[-79.73478,40.54828],[-79.73405,40.54684],[-79.73393,40.54679],[-79.73299,40.54671],[-79.73258,40.54657],[-79.73241,40.54633],[-79.73244,40.54622],[-79.73268,40.54602],[-79.73263,40.54583],[-79.73194,40.54507],[-79.73048,40.5447],[-79.7303,40.5446],[-79.7302,40.54446],[-79.72959,40.54395],[-79.72869,40.54345],[-79.72755,40.54327],[-79.72668,40.54302],[-79.72637,40.54286],[-79.7246,40.5422],[-79.72372,40.54214],[-79.72238,40.54224],[-79.72165,40.54078],[-79.72113,40.54116],[-79.72025,40.54004],[-79.72007,40.5396],[-79.71988,40.53878],[-79.71942,40.53833],[-79.7187,40.5374],[-79.71871,40.53726],[-79.71841,40.53661],[-79.71802,40.53628],[-79.71694,40.53504],[-79.7156,40.53368],[-79.71502,40.53324],[-79.71437,40.53288],[-79.71366,40.53272],[-79.71342,40.53273],[-79.71287,40.53294],[-79.71197,40.53299],[-79.71152,40.53285],[-79.71032,40.5322],[-79.70944,40.53147],[-79.70899,40.53121],[-79.70827,40.53067],[-79.70737,40.52972],[-79.70727,40.52954],[-79.70777,40.52879],[-79.7078,40.52862],[-79.70779,40.52802],[-79.70743,40.52767],[-79.7068,40.52722],[-79.70657,40.52718],[-79.70626,40.52719],[-79.70519,40.52701],[-79.70465,40.52698],[-79.70452,40.5269],[-79.70446,40.52677],[-79.70326,40.52558],[-79.70307,40.52546],[-79.70217,40.52524],[-79.70201,40.52321],[-79.70211,40.51942],[-79.7022,40.50334],[-79.70214,40.49064],[-79.70257,40.47524],[-79.70304,40.4662],[-79.70308,40.46104],[-79.7034,40.45147],[-79.70372,40.44924],[-79.70399,40.44367]]]]}},{"type":"Feature","properties":{"id":"848","name":"Port Vue Borough","type":"borough","fips":62320},"geometry":{"type":"MultiPolygon","coordinates":[[[[-79.85828,40.33677],[-79.86071,40.33368],[-79.86091,40.33336],[-79.86113,40.33265],[-79.86107,40.3306],[-79.86246,40.32948],[-79.86335,40.3292],[-79.86361,40.32902],[-79.86508,40.32873],[-79.86595,40.32886],[-79.86675,40.32885],[-79.86714,40.32897],[-79.8681,40.32915],[-79.86955,40.32923],[-79.8714,40.32991],[-79.87259,40.32995],[-79.87328,40.32977],[-79.87508,40.32874],[-79.87544,40.32909],[-79.88308,40.33235],[-79.88391,40.33547],[-79.88354,40.33613],[-79.88472,40.33697],[-79.88349,40.33955],[-79.88341,40.33955],[-79.88329,40.33982],[-79.88244,40.34064],[-79.88121,40.34156],[-79.87438,40.34702],[-79.87344,40.34761],[-79.87253,40.34763],[-79.87163,40.34775],[-79.87092,40.3486],[-79.86996,40.34877],[-79.86981,40.34811],[-79.86851,40.34478],[-79.8675,40.34301],[-79.86688,40.34223],[-79.8649,40.34064],[-79.86269,40.33956],[-79.86158,40.33895],[-79.86085,40.33841],[-79.85983,40.3379],[-79.85889,40.33736],[-79.85828,40.33677]]]]}},{"type":"Feature","properties":{"id":"849","name":"Rankin Borough","type":"borough","fips":63408},"geometry":{"type":"MultiPolygon","coordinates":[[[[-79.87203,40.41258],[-79.87194,40.41223],[-79.87134,40.41173],[-79.87158,40.41157],[-79.87461,40.40754],[-79.87944,40.40424],[-79.88121,40.40555],[-79.88988,40.40989],[-79.89063,40.41041],[-79.88989,40.41154],[-79.88816,40.41481],[-79.88869,40.4151],[-79.88733,40.4169],[-79.88373,40.41619],[-79.88314,40.41603],[-79.88187,40.41593],[-79.88097,40.41541],[-79.8802,40.41504],[-79.87833,40.4144],[-79.8771,40.41416],[-79.87515,40.41391],[-79.87406,40.41363],[-79.87285,40.41312],[-79.87205,40.41267],[-79.87203,40.41258]]]]}},{"type":"Feature","properties":{"id":"937","name":"Reserve Township","type":"township","fips":64240},"geometry":{"type":"MultiPolygon","coordinates":[[[[-79.97601,40.4937],[-79.97548,40.48659],[-79.97517,40.48338],[-79.97882,40.48317],[-79.98266,40.48307],[-79.98257,40.48164],[-79.98251,40.47808],[-79.98255,40.47699],[-79.97957,40.47709],[-79.97861,40.47882],[-79.97762,40.47831],[-79.97579,40.47748],[-79.97554,40.47722],[-79.97404,40.47724],[-79.9741,40.47629],[-79.97352,40.47628],[-79.97369,40.4755],[-79.97212,40.47551],[-79.97457,40.47221],[-79.9756,40.47188],[-79.97672,40.47135],[-79.97719,40.47086],[-79.97879,40.47161],[-79.97893,40.47144],[-79.97985,40.47067],[-79.98114,40.46991],[-79.98182,40.46935],[-79.98295,40.46744],[-79.98298,40.46728],[-79.98388,40.46634],[-79.9859,40.4719],[-79.9871,40.4747],[-79.9881,40.47678],[-79.98846,40.47692],[-79.98894,40.47704],[-79.99269,40.4774],[-79.99497,40.47742],[-79.99345,40.4767],[-79.99336,40.47617],[-79.99327,40.4746],[-79.99186,40.47314],[-79.99755,40.47299],[-79.99761,40.47456],[-79.99645,40.47435],[-79.99578,40.47449],[-79.9959,40.4774],[-79.99531,40.47742],[-79.99644,40.47925],[-79.99857,40.47894],[-79.99884,40.47986],[-80.00162,40.48011],[-80.00177,40.48244],[-80.00322,40.4824],[-80.00352,40.48665],[-80.0036,40.48921],[-80.004,40.4963],[-79.9979,40.49531],[-79.99598,40.49472],[-79.9955,40.49441],[-79.99521,40.49402],[-79.99417,40.49405],[-79.99426,40.49708],[-79.98963,40.49722],[-79.98971,40.50067],[-79.98565,40.50196],[-79.98528,40.49346],[-79.97601,40.4937]]]]}},{"type":"Feature","properties":{"id":"938","name":"Richland Township","type":"township","fips":64528},"geometry":{"type":"MultiPolygon","coordinates":[[[[-79.92418,40.67305],[-79.92389,40.6637],[-79.92291,40.64337],[-79.92267,40.64017],[-79.92237,40.63384],[-79.92211,40.63384],[-79.92135,40.62227],[-79.92115,40.62003],[-79.92061,40.61608],[-79.93398,40.61582],[-79.94706,40.61546],[-79.96787,40.61481],[-79.97622,40.61447],[-79.99114,40.61432],[-79.99211,40.6346],[-79.99417,40.67358],[-79.98983,40.67362],[-79.98294,40.67341],[-79.95992,40.67229],[-79.93762,40.67285],[-79.92828,40.67291],[-79.92418,40.67305]]]]}},{"type":"Feature","properties":{"id":"939","name":"Robinson Township","type":"township","fips":65352},"geometry":{"type":"MultiPolygon","coordinates":[[[[-80.11593,40.50397],[-80.11809,40.50095],[-80.11962,40.49902],[-80.12265,40.49445],[-80.12591,40.48995],[-80.12577,40.48981],[-80.12559,40.48929],[-80.12513,40.48871],[-80.12516,40.48852],[-80.12492,40.48828],[-80.1245,40.4876],[-80.12425,40.48684],[-80.12398,40.48627],[-80.12346,40.48565],[-80.12338,40.4853],[-80.12316,40.48496],[-80.12296,40.48439],[-80.12241,40.48334],[-80.12225,40.48318],[-80.12216,40.48279],[-80.1221,40.48269],[-80.12201,40.48266],[-80.12191,40.48231],[-80.12136,40.48135],[-80.12133,40.4811],[-80.12116,40.48101],[-80.12107,40.48086],[-80.12108,40.48069],[-80.12083,40.48033],[-80.12084,40.48022],[-80.12035,40.47951],[-80.12028,40.47916],[-80.12002,40.47876],[-80.12004,40.47866],[-80.11985,40.47846],[-80.11981,40.47826],[-80.11965,40.47809],[-80.11954,40.47763],[-80.11932,40.47738],[-80.11924,40.47707],[-80.11895,40.47685],[-80.11886,40.47683],[-80.11888,40.47673],[-80.11866,40.47637],[-80.11876,40.47617],[-80.11828,40.47545],[-80.11781,40.47452],[-80.11777,40.47429],[-80.11756,40.47409],[-80.11755,40.4739],[-80.11731,40.47348],[-80.11721,40.47316],[-80.11699,40.47284],[-80.11699,40.47275],[-80.11678,40.47235],[-80.11668,40.47228],[-80.11658,40.47191],[-80.1164,40.4717],[-80.11639,40.47157],[-80.1163,40.47148],[-80.11541,40.46909],[-80.11521,40.46877],[-80.11469,40.46828],[-80.11423,40.46745],[-80.11406,40.46743],[-80.11389,40.46726],[-80.11372,40.46718],[-80.11368,40.46713],[-80.11375,40.46709],[-80.11378,40.46697],[-80.11347,40.46686],[-80.11349,40.46675],[-80.11344,40.46669],[-80.11322,40.46657],[-80.11298,40.46605],[-80.11302,40.46582],[-80.11313,40.46561],[-80.11294,40.46534],[-80.11287,40.46508],[-80.11268,40.46492],[-80.1123,40.4643],[-80.11211,40.46386],[-80.11207,40.46348],[-80.11239,40.46283],[-80.11237,40.46271],[-80.11244,40.46252],[-80.11284,40.46193],[-80.1131,40.46181],[-80.11309,40.46169],[-80.11292,40.46138],[-80.11293,40.4612],[-80.11312,40.46084],[-80.11362,40.46025],[-80.11245,40.45887],[-80.11213,40.45818],[-80.11216,40.45785],[-80.11257,40.45662],[-80.11253,40.45643],[-80.11185,40.45567],[-80.11188,40.45553],[-80.11268,40.45437],[-80.11048,40.45213],[-80.10993,40.45134],[-80.10969,40.45138],[-80.10935,40.45134],[-80.10878,40.45121],[-80.1085,40.45105],[-80.10672,40.44931],[-80.10637,40.44904],[-80.10604,40.44882],[-80.1045,40.44818],[-80.0936,40.45075],[-80.0927,40.4508],[-80.09172,40.45128],[-80.0912,40.45143],[-80.09072,40.45143],[-80.09024,40.45125],[-80.08994,40.45103],[-80.08952,40.45044],[-80.08954,40.44984],[-80.09103,40.44906],[-80.09028,40.44753],[-80.09011,40.44659],[-80.0904,40.44542],[-80.09017,40.44417],[-80.08924,40.44334],[-80.08811,40.44296],[-80.08558,40.44233],[-80.08492,40.4421],[-80.08412,40.44195],[-80.08358,40.44137],[-80.08324,40.44083],[-80.08289,40.44044],[-80.08225,40.4402],[-80.08038,40.43965],[-80.08119,40.43923],[-80.08273,40.43923],[-80.0828,40.43939],[-80.08379,40.44002],[-80.08522,40.43959],[-80.08636,40.43958],[-80.0865,40.43947],[-80.08567,40.43885],[-80.08601,40.43836],[-80.08694,40.43777],[-80.08779,40.43779],[-80.08847,40.43745],[-80.08877,40.437],[-80.08957,40.43629],[-80.09123,40.4371],[-80.09273,40.43235],[-80.09039,40.43092],[-80.09234,40.42847],[-80.09528,40.43],[-80.09549,40.4283],[-80.09596,40.4257],[-80.09648,40.42127],[-80.09943,40.42128],[-80.09883,40.41817],[-80.09831,40.41777],[-80.09801,40.41736],[-80.09786,40.41728],[-80.09834,40.417],[-80.09724,40.41616],[-80.09999,40.41166],[-80.0999,40.41103],[-80.10586,40.41311],[-80.10791,40.41632],[-80.10956,40.4177],[-80.10978,40.41814],[-80.10925,40.41829],[-80.10891,40.42081],[-80.11031,40.42106],[-80.11077,40.42128],[-80.11152,40.42433],[-80.11172,40.4243],[-80.11504,40.42447],[-80.11459,40.4261],[-80.11551,40.42619],[-80.11602,40.42617],[-80.11645,40.42611],[-80.11812,40.42569],[-80.11894,40.42561],[-80.11977,40.42563],[-80.12065,40.42576],[-80.12266,40.42631],[-80.12422,40.42659],[-80.12541,40.42713],[-80.12643,40.42777],[-80.12892,40.42839],[-80.12938,40.42863],[-80.13096,40.42972],[-80.13413,40.43063],[-80.13505,40.43008],[-80.13535,40.4302],[-80.1363,40.43015],[-80.13749,40.43052],[-80.13805,40.4305],[-80.13849,40.43041],[-80.13915,40.43044],[-80.1394,40.43082],[-80.13955,40.43096],[-80.14036,40.43122],[-80.14578,40.43217],[-80.14619,40.43217],[-80.14693,40.43205],[-80.14724,40.43207],[-80.14824,40.43244],[-80.14889,40.43289],[-80.14915,40.43301],[-80.1508,40.43341],[-80.15124,40.43346],[-80.15166,40.43341],[-80.15291,40.43297],[-80.15443,40.4325],[-80.15475,40.43246],[-80.155,40.43252],[-80.15539,40.43234],[-80.16352,40.42481],[-80.16806,40.42192],[-80.16814,40.42246],[-80.1681,40.42288],[-80.16828,40.42299],[-80.16833,40.42314],[-80.16866,40.42335],[-80.16882,40.42357],[-80.16887,40.42376],[-80.16883,40.42397],[-80.1685,40.42416],[-80.16849,40.4244],[-80.16855,40.42448],[-80.16836,40.42486],[-80.16837,40.425],[-80.16855,40.42514],[-80.16852,40.42541],[-80.16861,40.42554],[-80.1687,40.42604],[-80.16882,40.42617],[-80.16881,40.42624],[-80.16851,40.42638],[-80.16871,40.42675],[-80.1686,40.42709],[-80.16872,40.42733],[-80.16862,40.42767],[-80.16874,40.42794],[-80.16903,40.4281],[-80.16901,40.42833],[-80.1695,40.42857],[-80.16975,40.42899],[-80.16991,40.42948],[-80.16985,40.42987],[-80.17007,40.43025],[-80.16995,40.43073],[-80.16997,40.43091],[-80.16992,40.43095],[-80.17001,40.43106],[-80.17025,40.4311],[-80.17026,40.43144],[-80.17035,40.43174],[-80.17053,40.43193],[-80.17043,40.43213],[-80.17054,40.4323],[-80.17056,40.43248],[-80.17112,40.43288],[-80.1716,40.43346],[-80.17159,40.43373],[-80.17176,40.43388],[-80.17196,40.43422],[-80.17216,40.43432],[-80.17234,40.43491],[-80.17259,40.43518],[-80.17273,40.43553],[-80.17262,40.43594],[-80.17241,40.43607],[-80.17218,40.43635],[-80.17151,40.4366],[-80.17146,40.43683],[-80.17119,40.43718],[-80.17123,40.43725],[-80.17138,40.43724],[-80.1715,40.43735],[-80.17152,40.43765],[-80.17126,40.43879],[-80.17127,40.43907],[-80.17113,40.43953],[-80.17119,40.43962],[-80.17106,40.43993],[-80.1716,40.44148],[-80.17155,40.44165],[-80.1716,40.44184],[-80.17171,40.4421],[-80.17189,40.44233],[-80.17189,40.44249],[-80.17214,40.44279],[-80.1723,40.44366],[-80.17203,40.44402],[-80.17229,40.4583],[-80.17119,40.4588],[-80.17083,40.45892],[-80.17005,40.45881],[-80.16868,40.45896],[-80.16788,40.45981],[-80.16749,40.4601],[-80.16745,40.46027],[-80.16822,40.46088],[-80.16886,40.4613],[-80.16907,40.46158],[-80.16904,40.46192],[-80.16886,40.46227],[-80.16814,40.46248],[-80.16757,40.46241],[-80.16473,40.46144],[-80.16377,40.46139],[-80.16324,40.46153],[-80.16267,40.46157],[-80.16198,40.46154],[-80.16174,40.46143],[-80.16167,40.46121],[-80.16196,40.4606],[-80.16201,40.46033],[-80.16177,40.45981],[-80.16172,40.45951],[-80.16198,40.45927],[-80.16255,40.45914],[-80.16262,40.45906],[-80.16248,40.45878],[-80.16202,40.4587],[-80.1617,40.45879],[-80.16122,40.45855],[-80.16094,40.45862],[-80.16067,40.45902],[-80.16051,40.45963],[-80.16013,40.46009],[-80.15948,40.46041],[-80.15953,40.46058],[-80.1623,40.46395],[-80.16135,40.46587],[-80.16079,40.46625],[-80.16005,40.46659],[-80.15947,40.46668],[-80.1587,40.46661],[-80.15793,40.46664],[-80.15652,40.46615],[-80.15617,40.46614],[-80.15578,40.46652],[-80.15565,40.46689],[-80.15569,40.46795],[-80.15598,40.46907],[-80.1564,40.4696],[-80.15648,40.4701],[-80.15672,40.47068],[-80.15668,40.47079],[-80.15648,40.47083],[-80.15605,40.47077],[-80.15589,40.47097],[-80.15591,40.47122],[-80.15611,40.47144],[-80.15603,40.47159],[-80.15558,40.47157],[-80.15493,40.47184],[-80.15447,40.47209],[-80.15423,40.47232],[-80.15413,40.47255],[-80.15396,40.47266],[-80.15358,40.47264],[-80.15315,40.47254],[-80.15225,40.47225],[-80.15209,40.47229],[-80.15193,40.4726],[-80.15176,40.47278],[-80.15176,40.47309],[-80.15201,40.47352],[-80.15241,40.4737],[-80.15389,40.47406],[-80.15434,40.47398],[-80.1548,40.47414],[-80.15536,40.47418],[-80.15569,40.47425],[-80.15662,40.475],[-80.15671,40.47522],[-80.15673,40.47553],[-80.15624,40.47635],[-80.15625,40.47712],[-80.15579,40.47793],[-80.15489,40.47875],[-80.15469,40.47906],[-80.15442,40.48014],[-80.15422,40.48062],[-80.15341,40.48351],[-80.15367,40.48413],[-80.15357,40.48453],[-80.15319,40.48507],[-80.15281,40.48537],[-80.15254,40.48657],[-80.15261,40.48699],[-80.15284,40.48738],[-80.15299,40.48778],[-80.15308,40.49013],[-80.153,40.49047],[-80.15282,40.49067],[-80.15249,40.49076],[-80.15163,40.4907],[-80.15133,40.49075],[-80.15111,40.49099],[-80.15085,40.49109],[-80.14945,40.4913],[-80.1492,40.49147],[-80.14912,40.49173],[-80.14917,40.49227],[-80.14976,40.49344],[-80.15006,40.49363],[-80.15079,40.49392],[-80.15117,40.49421],[-80.15134,40.4947],[-80.15153,40.49486],[-80.15187,40.49505],[-80.1522,40.49513],[-80.15285,40.49549],[-80.15306,40.49554],[-80.15421,40.49528],[-80.15458,40.49546],[-80.15481,40.49571],[-80.15522,40.49644],[-80.15523,40.49678],[-80.15506,40.49711],[-80.1544,40.49783],[-80.15425,40.49814],[-80.15349,40.49879],[-80.15355,40.49915],[-80.15338,40.49924],[-80.15271,40.49943],[-80.15219,40.49933],[-80.15182,40.49942],[-80.15161,40.49958],[-80.15111,40.4997],[-80.14998,40.49985],[-80.14851,40.50014],[-80.14791,40.50007],[-80.14729,40.49953],[-80.14704,40.49949],[-80.14669,40.49968],[-80.14631,40.50006],[-80.14572,40.50092],[-80.14499,40.50127],[-80.14477,40.50131],[-80.14463,40.5012],[-80.14464,40.50096],[-80.14453,40.50069],[-80.14405,40.50043],[-80.14344,40.49976],[-80.14271,40.4993],[-80.14197,40.49914],[-80.14158,40.4993],[-80.14131,40.49964],[-80.14119,40.50022],[-80.14124,40.50084],[-80.14108,40.50136],[-80.14108,40.50174],[-80.14133,40.50213],[-80.14149,40.50269],[-80.14161,40.50286],[-80.14213,40.50304],[-80.14239,40.50297],[-80.1425,40.503],[-80.14257,40.50311],[-80.14291,40.50328],[-80.14322,40.50361],[-80.14347,40.50368],[-80.14396,40.50369],[-80.14425,40.50385],[-80.14463,40.50469],[-80.14558,40.50596],[-80.14568,40.50627],[-80.14659,40.50726],[-80.14676,40.50782],[-80.14729,40.50831],[-80.1476,40.50847],[-80.14857,40.5087],[-80.14875,40.50889],[-80.14874,40.50924],[-80.14839,40.51006],[-80.14831,40.5105],[-80.14885,40.51078],[-80.14918,40.51104],[-80.14931,40.51136],[-80.14903,40.51226],[-80.14902,40.51266],[-80.14906,40.51297],[-80.14921,40.51333],[-80.14962,40.5141],[-80.14981,40.51433],[-80.1498,40.51453],[-80.14964,40.51493],[-80.14901,40.51471],[-80.1479,40.51451],[-80.14371,40.51347],[-80.14071,40.51244],[-80.13811,40.51131],[-80.13582,40.50991],[-80.13498,40.50932],[-80.13417,40.50891],[-80.13321,40.50852],[-80.12693,40.50629],[-80.12489,40.5057],[-80.121,40.50483],[-80.11901,40.50454],[-80.11593,40.50397]],[[-80.10453,40.42898],[-80.10141,40.42519],[-80.10068,40.42555],[-80.10056,40.42549],[-80.10025,40.42579],[-80.09999,40.42623],[-80.09928,40.42713],[-80.09785,40.4287],[-80.09871,40.42936],[-80.09913,40.42987],[-80.10086,40.43091],[-80.10189,40.43044],[-80.10453,40.42898]]]]}},{"type":"Feature","properties":{"id":"940","name":"Ross Township","type":"township","fips":66264},"geometry":{"type":"MultiPolygon","coordinates":[[[[-79.98822,40.53053],[-79.98826,40.52459],[-79.98812,40.52319],[-79.98699,40.51449],[-79.98686,40.50986],[-79.98658,40.50594],[-79.98647,40.50326],[-79.9857,40.50325],[-79.98565,40.50196],[-79.98971,40.50067],[-79.98963,40.49722],[-79.99426,40.49708],[-79.99417,40.49405],[-79.99521,40.49402],[-79.9955,40.49441],[-79.99598,40.49472],[-79.9979,40.49531],[-80.00396,40.49629],[-80.00403,40.4978],[-80.00501,40.49716],[-80.00634,40.4974],[-80.00746,40.49797],[-80.00782,40.49799],[-80.0079,40.49753],[-80.00914,40.49755],[-80.00923,40.49848],[-80.00892,40.49915],[-80.01069,40.4991],[-80.01082,40.50104],[-80.01118,40.50075],[-80.01168,40.50022],[-80.01208,40.49951],[-80.01226,40.49889],[-80.01238,40.49876],[-80.01334,40.49873],[-80.01577,40.49992],[-80.01656,40.49978],[-80.01699,40.49984],[-80.01725,40.49894],[-80.01784,40.49736],[-80.02008,40.49772],[-80.01997,40.49724],[-80.01995,40.49679],[-80.02007,40.49615],[-80.02023,40.49575],[-80.02056,40.49518],[-80.02098,40.49463],[-80.02128,40.49433],[-80.02199,40.49385],[-80.02291,40.4953],[-80.02417,40.49505],[-80.0246,40.49549],[-80.02543,40.49534],[-80.0259,40.49681],[-80.0278,40.4965],[-80.02777,40.49111],[-80.03576,40.49094],[-80.03749,40.49007],[-80.04072,40.49146],[-80.04645,40.48717],[-80.04648,40.48753],[-80.0464,40.48784],[-80.04563,40.48831],[-80.0454,40.48851],[-80.04519,40.48891],[-80.04513,40.48906],[-80.04543,40.4895],[-80.04558,40.48995],[-80.04554,40.49017],[-80.04548,40.49025],[-80.0451,40.49034],[-80.04464,40.49148],[-80.04468,40.49221],[-80.04526,40.49324],[-80.04525,40.49336],[-80.04541,40.49377],[-80.0453,40.49393],[-80.04532,40.49401],[-80.04553,40.49444],[-80.04602,40.49488],[-80.04635,40.49495],[-80.04712,40.49499],[-80.04733,40.49507],[-80.04779,40.4953],[-80.04823,40.49574],[-80.04844,40.49583],[-80.05132,40.49647],[-80.05001,40.49869],[-80.04912,40.50034],[-80.04795,40.50226],[-80.05119,40.50407],[-80.05342,40.50541],[-80.0583,40.50819],[-80.05871,40.50741],[-80.05901,40.50706],[-80.05939,40.50676],[-80.05984,40.50652],[-80.0616,40.50581],[-80.06233,40.51591],[-80.06264,40.51908],[-80.06264,40.52174],[-80.06273,40.52341],[-80.06335,40.53174],[-80.06365,40.53714],[-80.06473,40.55272],[-80.03836,40.5535],[-80.02747,40.55388],[-80.01871,40.55388],[-79.99505,40.55402],[-79.98893,40.55395],[-79.98838,40.54194],[-79.98823,40.53598],[-79.98822,40.53053]],[[-80.04126,40.52204],[-80.04227,40.52171],[-80.04584,40.52171],[-80.0479,40.52185],[-80.04812,40.5219],[-80.04804,40.52051],[-80.0478,40.51869],[-80.04733,40.5136],[-80.04737,40.51354],[-80.04732,40.51301],[-80.04309,40.51438],[-80.03995,40.5153],[-80.0351,40.5159],[-80.03272,40.51671],[-80.03018,40.5138],[-80.03079,40.51322],[-80.03105,40.51275],[-80.0314,40.51257],[-80.03157,40.5118],[-80.0315,40.51167],[-80.03136,40.51157],[-80.03001,40.51119],[-80.02867,40.51014],[-80.0282,40.50947],[-80.02655,40.50899],[-80.0251,40.5101],[-80.02389,40.50977],[-80.01777,40.51442],[-80.02327,40.52108],[-80.02411,40.52092],[-80.02579,40.52103],[-80.02671,40.52147],[-80.02688,40.52223],[-80.02881,40.52225],[-80.02895,40.52427],[-80.03229,40.52412],[-80.03504,40.52389],[-80.03525,40.52438],[-80.0356,40.52576],[-80.03657,40.52564],[-80.03677,40.5257],[-80.03692,40.52584],[-80.03704,40.52649],[-80.03685,40.52693],[-80.03682,40.52711],[-80.0369,40.52732],[-80.03704,40.52747],[-80.0373,40.52759],[-80.0376,40.52762],[-80.03781,40.52758],[-80.03867,40.52723],[-80.03897,40.5272],[-80.03927,40.52724],[-80.03961,40.52741],[-80.0401,40.52789],[-80.04091,40.52852],[-80.04224,40.52706],[-80.03997,40.52226],[-80.04126,40.52204]]]]}},{"type":"Feature","properties":{"id":"850","name":"Rosslyn Farms Borough","type":"borough","fips":66320},"geometry":{"type":"MultiPolygon","coordinates":[[[[-80.09039,40.43092],[-80.08633,40.42839],[-80.08656,40.42798],[-80.0867,40.42549],[-80.08545,40.42528],[-80.085,40.42459],[-80.08555,40.42385],[-80.08575,40.4228],[-80.08541,40.42125],[-80.08451,40.42053],[-80.08258,40.42009],[-80.08126,40.42022],[-80.0796,40.42005],[-80.07663,40.42057],[-80.07571,40.42083],[-80.07548,40.42084],[-80.07516,40.42077],[-80.07486,40.42061],[-80.07479,40.42042],[-80.07481,40.42013],[-80.07604,40.41796],[-80.07631,40.41766],[-80.07716,40.4171],[-80.07866,40.41647],[-80.0793,40.4161],[-80.07959,40.4156],[-80.07964,40.41518],[-80.07948,40.41483],[-80.08443,40.41751],[-80.08595,40.41696],[-80.08847,40.41889],[-80.08937,40.41844],[-80.092,40.42023],[-80.09276,40.42003],[-80.09883,40.41817],[-80.09943,40.42128],[-80.09648,40.42127],[-80.09596,40.4257],[-80.09549,40.4283],[-80.09528,40.43],[-80.09234,40.42847],[-80.09039,40.43092]]]]}},{"type":"Feature","properties":{"id":"941","name":"Scott Township","type":"township","fips":68388},"geometry":{"type":"MultiPolygon","coordinates":[[[[-80.07385,40.41342],[-80.07441,40.41306],[-80.07471,40.413],[-80.07472,40.41287],[-80.0691,40.41026],[-80.06668,40.40907],[-80.05787,40.40508],[-80.05121,40.40195],[-80.05148,40.40151],[-80.05139,40.40147],[-80.05171,40.40068],[-80.05291,40.40116],[-80.0549,40.40096],[-80.05412,40.3965],[-80.05623,40.3956],[-80.05421,40.39293],[-80.05481,40.39266],[-80.05699,40.39238],[-80.05674,40.39146],[-80.05894,40.39099],[-80.05913,40.39083],[-80.05935,40.39098],[-80.06343,40.39305],[-80.06434,40.39325],[-80.06541,40.3933],[-80.06583,40.39324],[-80.06655,40.39299],[-80.06734,40.39244],[-80.06778,40.39222],[-80.06835,40.39204],[-80.06875,40.39197],[-80.0689,40.3889],[-80.07403,40.38818],[-80.07399,40.38755],[-80.07388,40.38736],[-80.07155,40.38546],[-80.06908,40.3868],[-80.06942,40.38332],[-80.06868,40.38292],[-80.06885,40.38277],[-80.06844,40.38243],[-80.06761,40.38137],[-80.06764,40.38082],[-80.0675,40.38028],[-80.06722,40.37982],[-80.06908,40.37857],[-80.06856,40.3777],[-80.06822,40.37727],[-80.06742,40.3765],[-80.06809,40.37607],[-80.06839,40.37642],[-80.06849,40.37636],[-80.06957,40.37824],[-80.07528,40.37741],[-80.07743,40.37674],[-80.07759,40.3765],[-80.07904,40.3764],[-80.08397,40.37759],[-80.08411,40.37711],[-80.07947,40.37281],[-80.07972,40.37267],[-80.07938,40.37229],[-80.07955,40.3722],[-80.07907,40.37159],[-80.07876,40.37084],[-80.078,40.36966],[-80.07508,40.36671],[-80.07402,40.36591],[-80.07359,40.3655],[-80.07446,40.36504],[-80.07267,40.36379],[-80.07282,40.36344],[-80.08142,40.36429],[-80.08183,40.36307],[-80.08283,40.36302],[-80.08483,40.36317],[-80.08535,40.36313],[-80.0857,40.36304],[-80.08629,40.36388],[-80.08694,40.36399],[-80.08766,40.36373],[-80.08731,40.36276],[-80.08768,40.36284],[-80.08752,40.36225],[-80.08817,40.36198],[-80.08869,40.36186],[-80.0891,40.36182],[-80.09247,40.36209],[-80.09249,40.36204],[-80.09304,40.36208],[-80.09293,40.36241],[-80.0935,40.36257],[-80.09427,40.36255],[-80.0943,40.36243],[-80.09464,40.36264],[-80.095,40.36297],[-80.09511,40.36311],[-80.09503,40.36324],[-80.09513,40.36339],[-80.09527,40.36336],[-80.09542,40.36384],[-80.09476,40.3642],[-80.09452,40.36457],[-80.09426,40.36573],[-80.09423,40.36599],[-80.09442,40.36687],[-80.09458,40.36861],[-80.09477,40.36915],[-80.09509,40.36962],[-80.09564,40.37015],[-80.09608,40.37047],[-80.09681,40.37141],[-80.09695,40.37203],[-80.09723,40.37246],[-80.09822,40.37344],[-80.09822,40.37384],[-80.09821,40.37404],[-80.09802,40.37445],[-80.09765,40.37499],[-80.0973,40.3753],[-80.09707,40.37566],[-80.09549,40.37719],[-80.09469,40.37766],[-80.09438,40.37809],[-80.09339,40.38034],[-80.09334,40.38071],[-80.09338,40.38195],[-80.09308,40.38315],[-80.09215,40.38454],[-80.09238,40.38469],[-80.09351,40.38508],[-80.09515,40.38521],[-80.09623,40.38514],[-80.09669,40.38502],[-80.09756,40.38454],[-80.09849,40.38431],[-80.09892,40.38428],[-80.0992,40.38432],[-80.09942,40.38445],[-80.09967,40.38471],[-80.09986,40.38518],[-80.09928,40.38642],[-80.09885,40.38699],[-80.097,40.38819],[-80.09608,40.38846],[-80.0953,40.38862],[-80.09418,40.38873],[-80.09259,40.38856],[-80.09162,40.38791],[-80.0911,40.38739],[-80.09085,40.38701],[-80.0898,40.38731],[-80.08885,40.38743],[-80.08836,40.38759],[-80.08802,40.38782],[-80.08734,40.38843],[-80.08696,40.38886],[-80.08669,40.38926],[-80.08635,40.3901],[-80.08609,40.39121],[-80.08606,40.39204],[-80.08635,40.39293],[-80.08685,40.3938],[-80.08718,40.39424],[-80.08751,40.39455],[-80.08804,40.39493],[-80.08841,40.39503],[-80.08928,40.39514],[-80.09,40.39515],[-80.09257,40.39511],[-80.09445,40.39479],[-80.09713,40.39416],[-80.09874,40.3939],[-80.09947,40.39387],[-80.09996,40.39409],[-80.10041,40.395],[-80.10051,40.39541],[-80.10021,40.39666],[-80.10008,40.39752],[-80.10013,40.39753],[-80.09993,40.39812],[-80.09916,40.39901],[-80.09855,40.39999],[-80.09777,40.40027],[-80.09692,40.40044],[-80.09526,40.4006],[-80.09232,40.40137],[-80.09064,40.40143],[-80.08969,40.40184],[-80.08807,40.40237],[-80.0874,40.40267],[-80.08712,40.40294],[-80.08698,40.40327],[-80.08669,40.39874],[-80.07992,40.39923],[-80.07988,40.39988],[-80.07435,40.3992],[-80.06967,40.39857],[-80.06732,40.40101],[-80.06766,40.40174],[-80.0677,40.40206],[-80.06794,40.40259],[-80.06835,40.40287],[-80.06867,40.4034],[-80.06896,40.40426],[-80.06924,40.40483],[-80.07026,40.40641],[-80.07329,40.4078],[-80.07679,40.40998],[-80.08102,40.41283],[-80.07953,40.41327],[-80.07931,40.41335],[-80.07907,40.41356],[-80.07896,40.41386],[-80.07905,40.41419],[-80.07959,40.41499],[-80.07964,40.41518],[-80.07959,40.4156],[-80.0793,40.4161],[-80.07866,40.41647],[-80.07739,40.4153],[-80.07718,40.41547],[-80.07677,40.41517],[-80.07667,40.41524],[-80.07593,40.41466],[-80.07584,40.41473],[-80.07512,40.41419],[-80.07503,40.41425],[-80.07385,40.41342]]]]}},{"type":"Feature","properties":{"id":"851","name":"Sewickley Borough","type":"borough","fips":69376},"geometry":{"type":"MultiPolygon","coordinates":[[[[-80.16948,40.53703],[-80.17225,40.53763],[-80.17515,40.53498],[-80.17865,40.52995],[-80.1833,40.53121],[-80.18682,40.53236],[-80.18875,40.53331],[-80.18996,40.53378],[-80.19104,40.53448],[-80.19271,40.53647],[-80.19525,40.54047],[-80.19331,40.54145],[-80.19055,40.54308],[-80.18687,40.54542],[-80.18152,40.5486],[-80.17831,40.54532],[-80.178,40.54544],[-80.17712,40.54587],[-80.17684,40.54638],[-80.17677,40.54669],[-80.17671,40.54672],[-80.17598,40.54662],[-80.17519,40.54807],[-80.17487,40.54763],[-80.17424,40.54814],[-80.17426,40.54916],[-80.17461,40.54974],[-80.1746,40.54987],[-80.17445,40.55002],[-80.17422,40.5501],[-80.17375,40.54998],[-80.17353,40.55003],[-80.17298,40.55076],[-80.17228,40.55047],[-80.17176,40.5507],[-80.17166,40.5484],[-80.17315,40.54884],[-80.17319,40.54798],[-80.17303,40.5476],[-80.17326,40.54716],[-80.17406,40.54656],[-80.17496,40.54565],[-80.17561,40.54518],[-80.17723,40.54426],[-80.17464,40.54162],[-80.17286,40.54054],[-80.17264,40.54077],[-80.17156,40.54128],[-80.16969,40.54074],[-80.16871,40.54057],[-80.1688,40.54078],[-80.16865,40.54084],[-80.16853,40.54058],[-80.16612,40.54123],[-80.16614,40.54155],[-80.16431,40.54256],[-80.16281,40.54399],[-80.1639,40.54667],[-80.1631,40.54769],[-80.16238,40.5478],[-80.16209,40.54754],[-80.16164,40.54743],[-80.16078,40.54531],[-80.15947,40.54534],[-80.159,40.54616],[-80.15894,40.54835],[-80.15629,40.54756],[-80.15634,40.5456],[-80.15726,40.54463],[-80.15434,40.54472],[-80.15471,40.54403],[-80.15547,40.54299],[-80.15587,40.54277],[-80.15653,40.5426],[-80.15872,40.54289],[-80.15917,40.54291],[-80.16027,40.54282],[-80.16075,40.54289],[-80.16102,40.54285],[-80.16144,40.54262],[-80.16258,40.54176],[-80.1628,40.54165],[-80.16373,40.54138],[-80.16441,40.54094],[-80.16497,40.54066],[-80.16682,40.5402],[-80.16789,40.5395],[-80.16825,40.53946],[-80.16869,40.5396],[-80.16948,40.53703]]]]}},{"type":"Feature","properties":{"id":"869","name":"Sewickley Heights Borough","type":"borough","fips":69400},"geometry":{"type":"MultiPolygon","coordinates":[[[[-80.17154,40.54128],[-80.17264,40.54077],[-80.17286,40.54054],[-80.17464,40.54162],[-80.17723,40.54426],[-80.17561,40.54518],[-80.17496,40.54565],[-80.17406,40.54656],[-80.17326,40.54716],[-80.17303,40.5476],[-80.17319,40.54798],[-80.17315,40.54884],[-80.17166,40.5484],[-80.17176,40.5507],[-80.17228,40.55047],[-80.17298,40.55076],[-80.17353,40.55003],[-80.17375,40.54998],[-80.17422,40.5501],[-80.17445,40.55002],[-80.1746,40.54987],[-80.17461,40.54974],[-80.17426,40.54916],[-80.17424,40.54814],[-80.17487,40.54763],[-80.17519,40.54807],[-80.17598,40.54662],[-80.17671,40.54672],[-80.17677,40.54669],[-80.17684,40.54638],[-80.17712,40.54587],[-80.17831,40.54532],[-80.18152,40.5486],[-80.18056,40.54916],[-80.18087,40.55461],[-80.18075,40.55619],[-80.18177,40.55673],[-80.18066,40.55723],[-80.18065,40.5573],[-80.18067,40.55761],[-80.18106,40.55924],[-80.18105,40.55954],[-80.18152,40.56178],[-80.18092,40.56218],[-80.18124,40.57023],[-80.18145,40.57332],[-80.18152,40.57613],[-80.17053,40.57622],[-80.15664,40.57707],[-80.15614,40.57752],[-80.15539,40.57778],[-80.15602,40.58794],[-80.15221,40.58803],[-80.15165,40.584],[-80.14211,40.58436],[-80.14207,40.58334],[-80.14314,40.58332],[-80.14291,40.57824],[-80.1398,40.57832],[-80.1395,40.57755],[-80.13913,40.57693],[-80.13868,40.57647],[-80.13808,40.57607],[-80.13791,40.57582],[-80.13772,40.57534],[-80.13767,40.5749],[-80.13757,40.57461],[-80.13715,40.57395],[-80.13686,40.57273],[-80.13657,40.57204],[-80.13344,40.57299],[-80.13346,40.57339],[-80.12854,40.5735],[-80.12838,40.57089],[-80.12909,40.57087],[-80.12917,40.56916],[-80.12867,40.56919],[-80.12862,40.56758],[-80.12338,40.56775],[-80.1233,40.56595],[-80.12295,40.56517],[-80.1229,40.5649],[-80.12311,40.56364],[-80.12326,40.56325],[-80.1247,40.56127],[-80.12501,40.56077],[-80.12509,40.56052],[-80.12503,40.56028],[-80.12466,40.55956],[-80.12491,40.55814],[-80.12479,40.5577],[-80.12475,40.55702],[-80.12444,40.55648],[-80.12498,40.55666],[-80.12629,40.55672],[-80.128,40.55708],[-80.12734,40.55307],[-80.12882,40.55292],[-80.12898,40.55233],[-80.12784,40.55158],[-80.12707,40.55114],[-80.12645,40.55093],[-80.12622,40.55093],[-80.12641,40.54547],[-80.13171,40.54528],[-80.13172,40.54297],[-80.13165,40.54108],[-80.13397,40.54104],[-80.13396,40.53902],[-80.13271,40.53525],[-80.13463,40.53519],[-80.1346,40.53476],[-80.13348,40.53478],[-80.13321,40.53297],[-80.14031,40.5328],[-80.14043,40.53447],[-80.14592,40.53441],[-80.14641,40.54116],[-80.14916,40.54103],[-80.14918,40.54125],[-80.15046,40.54119],[-80.15118,40.54126],[-80.15732,40.54095],[-80.15735,40.54162],[-80.15974,40.54153],[-80.15974,40.54168],[-80.16314,40.54157],[-80.16276,40.54166],[-80.16258,40.54176],[-80.16127,40.54273],[-80.16082,40.54289],[-80.16027,40.54282],[-80.15917,40.54291],[-80.15872,40.54289],[-80.15675,40.5426],[-80.15649,40.5426],[-80.15608,40.5427],[-80.15547,40.54299],[-80.15461,40.54418],[-80.15434,40.54472],[-80.15726,40.54463],[-80.15634,40.5456],[-80.15629,40.54756],[-80.15894,40.54835],[-80.159,40.54616],[-80.15947,40.54534],[-80.16078,40.54531],[-80.16164,40.54743],[-80.16209,40.54754],[-80.16238,40.5478],[-80.1631,40.54769],[-80.1639,40.54667],[-80.16281,40.54399],[-80.16431,40.54256],[-80.16614,40.54155],[-80.16612,40.54123],[-80.16853,40.54058],[-80.16865,40.54084],[-80.1688,40.54078],[-80.16871,40.54057],[-80.16969,40.54074],[-80.17154,40.54128]]]]}},{"type":"Feature","properties":{"id":"882","name":"Sewickley Hills Borough","type":"borough","fips":69416},"geometry":{"type":"MultiPolygon","coordinates":[[[[-80.11389,40.57547],[-80.11364,40.57056],[-80.11667,40.57047],[-80.11395,40.5668],[-80.11353,40.56228],[-80.11402,40.56022],[-80.11403,40.55953],[-80.11388,40.55865],[-80.11408,40.5578],[-80.11439,40.55707],[-80.11453,40.55641],[-80.11525,40.55484],[-80.11548,40.55421],[-80.11569,40.55318],[-80.11567,40.55287],[-80.11683,40.55222],[-80.11818,40.55192],[-80.11882,40.55152],[-80.12008,40.5511],[-80.12061,40.55053],[-80.12129,40.55008],[-80.12153,40.54966],[-80.1218,40.54934],[-80.12209,40.5491],[-80.12245,40.54892],[-80.12166,40.53916],[-80.12156,40.53626],[-80.12454,40.53716],[-80.13396,40.5402],[-80.13397,40.54104],[-80.13165,40.54108],[-80.13172,40.54297],[-80.13171,40.54528],[-80.12641,40.54547],[-80.12622,40.55093],[-80.12645,40.55093],[-80.12707,40.55114],[-80.12784,40.55158],[-80.12898,40.55233],[-80.12882,40.55292],[-80.12734,40.55307],[-80.128,40.55708],[-80.12629,40.55672],[-80.12498,40.55666],[-80.12444,40.55648],[-80.12475,40.55702],[-80.12479,40.5577],[-80.12491,40.55814],[-80.12466,40.55956],[-80.12503,40.56028],[-80.12509,40.56052],[-80.12501,40.56077],[-80.1247,40.56127],[-80.12326,40.56325],[-80.12311,40.56364],[-80.1229,40.5649],[-80.12295,40.56517],[-80.1233,40.56595],[-80.12338,40.56775],[-80.12862,40.56758],[-80.12867,40.56919],[-80.12917,40.56916],[-80.12909,40.57087],[-80.12838,40.57089],[-80.12854,40.5735],[-80.13346,40.57339],[-80.13344,40.57299],[-80.13657,40.57204],[-80.13686,40.57273],[-80.13715,40.57395],[-80.13757,40.57461],[-80.13767,40.5749],[-80.13772,40.57534],[-80.13791,40.57582],[-80.13808,40.57607],[-80.13868,40.57647],[-80.13913,40.57693],[-80.1395,40.57755],[-80.1398,40.57832],[-80.14291,40.57824],[-80.14314,40.58332],[-80.14207,40.58334],[-80.14211,40.58436],[-80.15165,40.584],[-80.15221,40.58803],[-80.14366,40.58819],[-80.13813,40.58817],[-80.13397,40.58825],[-80.12831,40.58483],[-80.12409,40.58221],[-80.11389,40.57547]]]]}},{"type":"Feature","properties":{"id":"944","name":"Shaler Township","type":"township","fips":69584},"geometry":{"type":"MultiPolygon","coordinates":[[[[-79.93772,40.53413],[-79.93733,40.52618],[-79.93726,40.52586],[-79.93714,40.52217],[-79.93663,40.51223],[-79.93608,40.49729],[-79.94046,40.4964],[-79.94055,40.50149],[-79.94189,40.50152],[-79.94249,40.50149],[-79.94415,40.50334],[-79.94368,40.50325],[-79.94354,40.50395],[-79.94479,40.50418],[-79.94459,40.50493],[-79.94464,40.50563],[-79.94453,40.50602],[-79.94439,40.50623],[-79.94324,40.50733],[-79.94613,40.50761],[-79.94615,40.50735],[-79.94766,40.5075],[-79.94814,40.50736],[-79.94819,40.50788],[-79.94862,40.50867],[-79.9521,40.50852],[-79.95186,40.5082],[-79.95243,40.5081],[-79.95205,40.50748],[-79.95178,40.50674],[-79.95161,40.50675],[-79.95076,40.50553],[-79.95622,40.50537],[-79.9558,40.50447],[-79.95539,40.50398],[-79.95828,40.50391],[-79.95821,40.50145],[-79.95821,40.50142],[-79.95588,40.50148],[-79.95591,40.50192],[-79.95461,40.50209],[-79.95415,40.50199],[-79.95217,40.50242],[-79.95217,40.50238],[-79.95068,40.50212],[-79.94991,40.50163],[-79.94981,40.50138],[-79.94997,40.50115],[-79.94966,40.5006],[-79.94942,40.5006],[-79.94853,40.49913],[-79.94819,40.49914],[-79.94809,40.49816],[-79.94819,40.49801],[-79.94887,40.49744],[-79.94903,40.49722],[-79.94943,40.49713],[-79.95035,40.49707],[-79.95024,40.49672],[-79.95559,40.49339],[-79.95656,40.49334],[-79.95567,40.49168],[-79.95529,40.4919],[-79.95445,40.49083],[-79.95432,40.4909],[-79.95128,40.4876],[-79.9532,40.48696],[-79.95535,40.48592],[-79.9564,40.48529],[-79.95857,40.48381],[-79.96066,40.48209],[-79.963,40.47997],[-79.96384,40.47905],[-79.96476,40.47793],[-79.96742,40.47899],[-79.96963,40.48025],[-79.97049,40.48069],[-79.97084,40.48083],[-79.97181,40.48107],[-79.97219,40.48124],[-79.97266,40.48157],[-79.97285,40.48186],[-79.97288,40.48208],[-79.9728,40.48225],[-79.97221,40.48262],[-79.97203,40.4828],[-79.97189,40.48309],[-79.97181,40.48358],[-79.96985,40.48361],[-79.9699,40.4853],[-79.97037,40.49104],[-79.97047,40.4929],[-79.97118,40.49551],[-79.97614,40.49532],[-79.97601,40.4937],[-79.98528,40.49346],[-79.9857,40.50325],[-79.98647,40.50326],[-79.98658,40.50594],[-79.98686,40.50986],[-79.98699,40.51449],[-79.98812,40.52319],[-79.98826,40.52459],[-79.98823,40.53598],[-79.98844,40.54371],[-79.98893,40.55395],[-79.98269,40.55396],[-79.98272,40.55515],[-79.97903,40.55508],[-79.97929,40.5538],[-79.97199,40.55394],[-79.97187,40.55416],[-79.96734,40.55407],[-79.9626,40.55423],[-79.95811,40.55427],[-79.95022,40.55455],[-79.95017,40.55363],[-79.94962,40.55358],[-79.94965,40.55393],[-79.94849,40.55388],[-79.94434,40.55391],[-79.93868,40.55406],[-79.93868,40.55219],[-79.9383,40.54546],[-79.93818,40.53985],[-79.93812,40.53972],[-79.93798,40.53968],[-79.93772,40.53413]]]]}},{"type":"Feature","properties":{"id":"852","name":"Sharpsburg Borough","type":"borough","fips":69776},"geometry":{"type":"MultiPolygon","coordinates":[[[[-79.90912,40.4943],[-79.90932,40.49337],[-79.9077,40.49235],[-79.9077,40.4923],[-79.9083,40.49182],[-79.90853,40.49189],[-79.90886,40.49167],[-79.90936,40.4922],[-79.9098,40.49252],[-79.91021,40.49272],[-79.91015,40.4929],[-79.90998,40.49309],[-79.91019,40.4934],[-79.91042,40.49354],[-79.91074,40.49355],[-79.91103,40.49335],[-79.91152,40.49319],[-79.91374,40.49329],[-79.91423,40.49165],[-79.91519,40.48884],[-79.92104,40.49004],[-79.92357,40.49072],[-79.92793,40.49155],[-79.92974,40.49165],[-79.93218,40.4917],[-79.93399,40.4916],[-79.93558,40.4915],[-79.93711,40.49126],[-79.93836,40.49099],[-79.93899,40.49296],[-79.93931,40.49426],[-79.93947,40.49461],[-79.93861,40.49518],[-79.93883,40.49539],[-79.94018,40.49585],[-79.94046,40.4964],[-79.93627,40.49728],[-79.93119,40.49739],[-79.92737,40.49768],[-79.92737,40.499],[-79.92549,40.49906],[-79.92542,40.4973],[-79.91763,40.49663],[-79.91224,40.49584],[-79.90992,40.49543],[-79.90877,40.49511],[-79.90912,40.4943]]]]}},{"type":"Feature","properties":{"id":"946","name":"South Fayette Township","type":"township","fips":72160},"geometry":{"type":"MultiPolygon","coordinates":[[[[-80.12006,40.36201],[-80.12161,40.36031],[-80.12063,40.35931],[-80.12055,40.35903],[-80.12039,40.35879],[-80.12,40.35833],[-80.11977,40.35823],[-80.11934,40.35813],[-80.11866,40.35818],[-80.11803,40.35814],[-80.11762,40.35791],[-80.11539,40.35578],[-80.11368,40.35492],[-80.11267,40.35435],[-80.11155,40.35354],[-80.11086,40.35311],[-80.11029,40.35263],[-80.11007,40.35235],[-80.10988,40.3519],[-80.11009,40.35162],[-80.11052,40.35122],[-80.11059,40.35105],[-80.11033,40.35069],[-80.11026,40.34997],[-80.11032,40.34946],[-80.1101,40.34893],[-80.10992,40.34878],[-80.10933,40.34855],[-80.10888,40.34842],[-80.10832,40.3483],[-80.108,40.34829],[-80.10774,40.3482],[-80.1076,40.3481],[-80.10756,40.34794],[-80.10759,40.3476],[-80.10769,40.34735],[-80.108,40.34688],[-80.10876,40.34587],[-80.10908,40.34563],[-80.10929,40.34472],[-80.10942,40.34442],[-80.10985,40.34382],[-80.11125,40.34126],[-80.11176,40.3405],[-80.11235,40.33944],[-80.11261,40.3388],[-80.11343,40.3375],[-80.11374,40.3372],[-80.114,40.33683],[-80.11489,40.33524],[-80.11534,40.3341],[-80.11538,40.33376],[-80.11534,40.33353],[-80.11501,40.33301],[-80.11472,40.33231],[-80.11434,40.33188],[-80.11401,40.33169],[-80.11353,40.33156],[-80.11206,40.33145],[-80.10982,40.33152],[-80.10871,40.33148],[-80.10755,40.33169],[-80.10686,40.33197],[-80.10497,40.33252],[-80.10387,40.33251],[-80.1024,40.33273],[-80.10202,40.33275],[-80.10138,40.33263],[-80.10104,40.3325],[-80.10095,40.33234],[-80.10101,40.33185],[-80.10154,40.3314],[-80.10162,40.33125],[-80.1015,40.3307],[-80.10129,40.33031],[-80.10114,40.3302],[-80.10107,40.33006],[-80.10105,40.32982],[-80.10116,40.32959],[-80.10117,40.32928],[-80.10094,40.32854],[-80.10074,40.32829],[-80.10072,40.32797],[-80.10095,40.32755],[-80.10121,40.32729],[-80.10149,40.32676],[-80.10179,40.32645],[-80.10224,40.32609],[-80.10259,40.3259],[-80.1034,40.32523],[-80.10389,40.3252],[-80.1045,40.32508],[-80.10548,40.32503],[-80.10624,40.3248],[-80.10676,40.32455],[-80.10847,40.32413],[-80.11037,40.32393],[-80.11064,40.324],[-80.1118,40.32456],[-80.11241,40.32459],[-80.11272,40.32457],[-80.11358,40.32409],[-80.11401,40.32354],[-80.11422,40.32307],[-80.11451,40.32295],[-80.11531,40.32303],[-80.11559,40.32294],[-80.11566,40.32285],[-80.11584,40.32256],[-80.11586,40.3224],[-80.1158,40.32206],[-80.11553,40.32145],[-80.11543,40.32082],[-80.11546,40.32047],[-80.11596,40.31914],[-80.11585,40.31876],[-80.11574,40.31867],[-80.11545,40.3186],[-80.11523,40.31848],[-80.11521,40.31815],[-80.11528,40.31797],[-80.11549,40.31782],[-80.11565,40.31778],[-80.11597,40.31778],[-80.11644,40.3179],[-80.11711,40.31779],[-80.11787,40.31748],[-80.11823,40.31715],[-80.11834,40.31685],[-80.11824,40.31646],[-80.11788,40.3161],[-80.11693,40.31582],[-80.11645,40.31554],[-80.1163,40.3152],[-80.1163,40.31491],[-80.11637,40.3146],[-80.11664,40.31413],[-80.11673,40.31372],[-80.11664,40.3133],[-80.11634,40.31269],[-80.13258,40.31733],[-80.16247,40.32648],[-80.17625,40.33053],[-80.18461,40.33315],[-80.2006,40.34752],[-80.22296,40.3659],[-80.22211,40.36645],[-80.22186,40.36639],[-80.22177,40.36659],[-80.22124,40.36638],[-80.22096,40.36669],[-80.22197,40.36707],[-80.22221,40.36756],[-80.22166,40.36764],[-80.22044,40.36852],[-80.22292,40.37273],[-80.22244,40.37252],[-80.22236,40.37254],[-80.22217,40.37274],[-80.22168,40.37289],[-80.21928,40.37306],[-80.21895,40.37314],[-80.21716,40.3741],[-80.2168,40.37448],[-80.21649,40.37473],[-80.21652,40.37501],[-80.21645,40.37521],[-80.21595,40.37532],[-80.2157,40.37585],[-80.21537,40.37618],[-80.21523,40.37648],[-80.21523,40.37677],[-80.21537,40.37677],[-80.21566,40.37663],[-80.21584,40.37668],[-80.21591,40.37689],[-80.21617,40.3772],[-80.21623,40.37753],[-80.21618,40.3776],[-80.21584,40.37775],[-80.21579,40.37785],[-80.21574,40.37818],[-80.21531,40.37896],[-80.21524,40.37936],[-80.21498,40.37987],[-80.21498,40.3803],[-80.21484,40.38065],[-80.21477,40.38071],[-80.21445,40.3807],[-80.21404,40.38057],[-80.2136,40.38074],[-80.21314,40.38113],[-80.21258,40.38222],[-80.21219,40.38246],[-80.21162,40.38319],[-80.21158,40.38333],[-80.2112,40.38364],[-80.21093,40.38376],[-80.21079,40.38374],[-80.21069,40.38366],[-80.21058,40.38339],[-80.21041,40.38332],[-80.21023,40.38355],[-80.2098,40.38379],[-80.20972,40.38397],[-80.20985,40.38437],[-80.20978,40.38473],[-80.20923,40.38496],[-80.20799,40.38504],[-80.20761,40.38501],[-80.20727,40.38523],[-80.20678,40.38533],[-80.20645,40.38557],[-80.20635,40.38572],[-80.20631,40.386],[-80.20617,40.38614],[-80.20537,40.38635],[-80.205,40.38675],[-80.20474,40.38686],[-80.20459,40.38698],[-80.20452,40.38721],[-80.20472,40.38743],[-80.20474,40.38754],[-80.20468,40.3877],[-80.20455,40.38786],[-80.20415,40.38798],[-80.2036,40.38804],[-80.20346,40.38811],[-80.20318,40.38843],[-80.20285,40.38854],[-80.20266,40.38881],[-80.20225,40.38895],[-80.20203,40.38913],[-80.20171,40.38911],[-80.20123,40.38899],[-80.20103,40.389],[-80.20058,40.38911],[-80.1995,40.38955],[-80.19901,40.3897],[-80.19855,40.38953],[-80.19826,40.38965],[-80.19738,40.39036],[-80.19625,40.39105],[-80.19602,40.39111],[-80.19571,40.39141],[-80.19553,40.3915],[-80.19544,40.39169],[-80.19507,40.39199],[-80.19525,40.3922],[-80.19523,40.39228],[-80.19485,40.39256],[-80.19407,40.39301],[-80.19379,40.39357],[-80.19364,40.3937],[-80.1935,40.3938],[-80.1924,40.39412],[-80.19217,40.39426],[-80.19074,40.39527],[-80.19023,40.39553],[-80.19011,40.39569],[-80.18954,40.39605],[-80.18955,40.39494],[-80.19036,40.39441],[-80.19179,40.39416],[-80.18996,40.39229],[-80.18835,40.39327],[-80.18778,40.39265],[-80.18561,40.39393],[-80.18587,40.39421],[-80.18111,40.39636],[-80.18154,40.39685],[-80.18211,40.39767],[-80.17928,40.39873],[-80.17945,40.39885],[-80.17765,40.39956],[-80.17746,40.39973],[-80.17667,40.4001],[-80.17575,40.40077],[-80.17526,40.40097],[-80.1747,40.40111],[-80.17363,40.40128],[-80.17317,40.40126],[-80.17256,40.40099],[-80.17237,40.40055],[-80.17224,40.39988],[-80.17213,40.39888],[-80.17221,40.39844],[-80.17215,40.39827],[-80.17192,40.39819],[-80.17173,40.39801],[-80.17155,40.39793],[-80.17121,40.39799],[-80.17109,40.39795],[-80.17096,40.39781],[-80.1707,40.39777],[-80.17035,40.39787],[-80.17026,40.39793],[-80.1702,40.39811],[-80.16959,40.39894],[-80.16948,40.39928],[-80.16938,40.39999],[-80.16913,40.40054],[-80.16912,40.40072],[-80.16929,40.40115],[-80.16873,40.40181],[-80.16981,40.3951],[-80.17011,40.39073],[-80.16868,40.38377],[-80.16388,40.38236],[-80.15723,40.38028],[-80.15048,40.3796],[-80.14954,40.37937],[-80.14899,40.3792],[-80.14883,40.3791],[-80.14858,40.37907],[-80.1484,40.37899],[-80.14389,40.37779],[-80.14241,40.37748],[-80.1402,40.37713],[-80.13977,40.37699],[-80.13937,40.37695],[-80.13914,40.37684],[-80.13874,40.37679],[-80.13841,40.37659],[-80.13784,40.37643],[-80.13741,40.37615],[-80.13683,40.37592],[-80.13607,40.37543],[-80.13569,40.37511],[-80.13507,40.37474],[-80.13489,40.37457],[-80.13437,40.37431],[-80.13361,40.37381],[-80.13354,40.37368],[-80.13334,40.37359],[-80.13321,40.37345],[-80.13212,40.37286],[-80.13053,40.37249],[-80.13028,40.37216],[-80.12997,40.37212],[-80.12979,40.37204],[-80.12939,40.372],[-80.12869,40.37213],[-80.12798,40.37218],[-80.12766,40.37216],[-80.1268,40.37248],[-80.1261,40.37259],[-80.1254,40.3726],[-80.12498,40.37294],[-80.12475,40.37302],[-80.12429,40.37306],[-80.12334,40.37291],[-80.12298,40.37266],[-80.12242,40.37256],[-80.12178,40.37255],[-80.12092,40.37229],[-80.12055,40.37231],[-80.12031,40.37227],[-80.12016,40.37232],[-80.11969,40.3723],[-80.1195,40.37221],[-80.12007,40.37177],[-80.12134,40.37124],[-80.12194,40.37085],[-80.12214,40.37062],[-80.12223,40.37033],[-80.12219,40.37001],[-80.12202,40.36969],[-80.12159,40.36917],[-80.12102,40.36869],[-80.12083,40.36864],[-80.12029,40.36835],[-80.12009,40.36817],[-80.11998,40.36794],[-80.11981,40.36581],[-80.11987,40.36504],[-80.11977,40.36479],[-80.11975,40.3643],[-80.1198,40.36307],[-80.12006,40.36201]]]]}},{"type":"Feature","properties":{"id":"945","name":"South Park Township","type":"township","fips":6064},"geometry":{"type":"MultiPolygon","coordinates":[[[[-79.98542,40.3295],[-79.98508,40.3284],[-79.98029,40.32329],[-79.97902,40.31674],[-79.9789,40.31505],[-79.97903,40.31169],[-79.97636,40.3092],[-79.97642,40.30762],[-79.97638,40.30605],[-79.97392,40.30163],[-79.97279,40.29975],[-79.97296,40.29762],[-79.97266,40.29632],[-79.9715,40.2933],[-79.97105,40.29233],[-79.97015,40.2918],[-79.9655,40.28878],[-79.96521,40.28527],[-79.96395,40.28228],[-79.96497,40.2811],[-79.96028,40.27967],[-79.95615,40.27804],[-79.9631,40.27277],[-79.96912,40.26865],[-80.00474,40.27899],[-80.0208,40.28381],[-80.02627,40.28534],[-80.03327,40.28755],[-80.03202,40.28968],[-80.03048,40.292],[-80.03039,40.29202],[-80.02926,40.29298],[-80.02683,40.29484],[-80.02554,40.29789],[-80.02511,40.29779],[-80.02494,40.29782],[-80.02397,40.29824],[-80.02384,40.2984],[-80.02327,40.30059],[-80.02294,40.30088],[-80.02101,40.30222],[-80.02136,40.30254],[-80.02143,40.30273],[-80.02076,40.30339],[-80.02109,40.30353],[-80.02077,40.30405],[-80.02093,40.30408],[-80.02054,40.30471],[-80.02046,40.30467],[-80.0196,40.30587],[-80.01951,40.3058],[-80.01549,40.31179],[-79.99808,40.33823],[-79.99628,40.33696],[-79.99451,40.33585],[-79.98989,40.33309],[-79.98672,40.33127],[-79.98542,40.3295]]]]}},{"type":"Feature","properties":{"id":"947","name":"South Versailles Township","type":"township","fips":72568},"geometry":{"type":"MultiPolygon","coordinates":[[[[-79.8072,40.29951],[-79.80694,40.30161],[-79.80677,40.30225],[-79.80615,40.30294],[-79.80553,40.30352],[-79.80462,40.30405],[-79.79973,40.30562],[-79.79774,40.30619],[-79.79606,40.30659],[-79.79489,40.30707],[-79.79267,40.30838],[-79.79177,40.30908],[-79.79023,40.31099],[-79.79004,40.31233],[-79.79028,40.31379],[-79.79052,40.31447],[-79.79106,40.31522],[-79.79247,40.31658],[-79.79331,40.31708],[-79.79541,40.31795],[-79.79632,40.31825],[-79.79357,40.32021],[-79.79224,40.31948],[-79.7919,40.31847],[-79.79043,40.31796],[-79.78768,40.31506],[-79.78376,40.31545],[-79.78866,40.29775],[-79.78907,40.29785],[-79.79108,40.29808],[-79.79207,40.29809],[-79.7929,40.298],[-79.79359,40.29765],[-79.79486,40.29655],[-79.79675,40.29461],[-79.79877,40.29287],[-79.79956,40.29261],[-79.80106,40.29258],[-79.80173,40.29279],[-79.80248,40.29322],[-79.80304,40.29365],[-79.80425,40.29482],[-79.80504,40.29549],[-79.80645,40.29703],[-79.80689,40.29788],[-79.80714,40.29882],[-79.8072,40.29951]]]]}},{"type":"Feature","properties":{"id":"853","name":"Springdale Borough","type":"borough","fips":72960},"geometry":{"type":"MultiPolygon","coordinates":[[[[-79.76418,40.54427],[-79.76531,40.54176],[-79.7661,40.54072],[-79.76848,40.53879],[-79.77001,40.53782],[-79.77277,40.53634],[-79.77662,40.53494],[-79.77891,40.5345],[-79.78149,40.53424],[-79.78376,40.53412],[-79.78817,40.53463],[-79.7918,40.53524],[-79.79479,40.53579],[-79.79472,40.53844],[-79.79506,40.54539],[-79.78875,40.54557],[-79.78887,40.54833],[-79.78149,40.54847],[-79.78014,40.54721],[-79.77957,40.54679],[-79.77801,40.54623],[-79.77616,40.54515],[-79.77521,40.5448],[-79.77456,40.54406],[-79.77441,40.54412],[-79.77436,40.54405],[-79.77096,40.54417],[-79.76418,40.54427]]]]}},{"type":"Feature","properties":{"id":"948","name":"Springdale Township","type":"township","fips":72968},"geometry":{"type":"MultiPolygon","coordinates":[[[[-79.76509,40.54925],[-79.76414,40.54776],[-79.76384,40.54695],[-79.7637,40.54603],[-79.76378,40.54501],[-79.76418,40.54427],[-79.77096,40.54417],[-79.77436,40.54405],[-79.77441,40.54412],[-79.77456,40.54406],[-79.77521,40.5448],[-79.77616,40.54515],[-79.77801,40.54623],[-79.77957,40.54679],[-79.78014,40.54721],[-79.78149,40.54847],[-79.78887,40.54833],[-79.78875,40.54557],[-79.79506,40.54539],[-79.79526,40.54727],[-79.79704,40.54799],[-79.79795,40.54852],[-79.79867,40.54913],[-79.80258,40.54909],[-79.80785,40.54892],[-79.80805,40.554],[-79.81117,40.55398],[-79.8113,40.56194],[-79.80639,40.56207],[-79.80157,40.56227],[-79.79874,40.56228],[-79.77204,40.56292],[-79.76988,40.55824],[-79.76856,40.55502],[-79.76661,40.55158],[-79.76509,40.54925]]]]}},{"type":"Feature","properties":{"id":"949","name":"Stowe Township","type":"township","fips":74648},"geometry":{"type":"MultiPolygon","coordinates":[[[[-80.07907,40.49122],[-80.07818,40.49111],[-80.07578,40.49123],[-80.07382,40.49153],[-80.0719,40.49174],[-80.06989,40.4919],[-80.06753,40.49228],[-80.06607,40.49081],[-80.0636,40.48894],[-80.06152,40.48749],[-80.05931,40.48615],[-80.05787,40.48519],[-80.05464,40.48298],[-80.05318,40.48218],[-80.05172,40.4813],[-80.04974,40.47915],[-80.04848,40.47731],[-80.04787,40.47582],[-80.05256,40.47586],[-80.06583,40.47573],[-80.06565,40.47097],[-80.07107,40.4696],[-80.07293,40.46922],[-80.07318,40.46894],[-80.07503,40.46998],[-80.0761,40.47035],[-80.07646,40.46975],[-80.07682,40.47004],[-80.07743,40.47036],[-80.07774,40.47034],[-80.07829,40.47005],[-80.0786,40.47005],[-80.07876,40.47022],[-80.07866,40.47059],[-80.07868,40.47074],[-80.07877,40.47084],[-80.07919,40.47104],[-80.07986,40.47053],[-80.07942,40.47022],[-80.07954,40.46916],[-80.07943,40.47022],[-80.07986,40.47053],[-80.07919,40.47104],[-80.08085,40.4723],[-80.08168,40.47406],[-80.0821,40.47463],[-80.08257,40.47501],[-80.08351,40.47554],[-80.08415,40.47572],[-80.08384,40.47717],[-80.08348,40.47974],[-80.08751,40.4857],[-80.0876,40.48641],[-80.09141,40.49174],[-80.09989,40.49485],[-80.09995,40.49504],[-80.09996,40.49559],[-80.09971,40.49731],[-80.0997,40.49817],[-80.09914,40.49944],[-80.09751,40.49875],[-80.09569,40.4981],[-80.09366,40.49726],[-80.09162,40.49662],[-80.08696,40.49451],[-80.08325,40.49257],[-80.08104,40.49152],[-80.07907,40.49122]]]]}},{"type":"Feature","properties":{"id":"854","name":"Swissvale Borough","type":"borough","fips":75816},"geometry":{"type":"MultiPolygon","coordinates":[[[[-79.89457,40.43354],[-79.89274,40.43103],[-79.89223,40.42989],[-79.89211,40.42955],[-79.89238,40.42829],[-79.89093,40.42757],[-79.89028,40.42681],[-79.88801,40.42469],[-79.88775,40.42502],[-79.88666,40.42465],[-79.88674,40.42438],[-79.88646,40.42432],[-79.88619,40.42397],[-79.88522,40.42691],[-79.88286,40.42676],[-79.8815,40.42608],[-79.8799,40.42852],[-79.87818,40.42895],[-79.87627,40.42789],[-79.87582,40.42809],[-79.87506,40.42629],[-79.87389,40.42384],[-79.87341,40.42306],[-79.87382,40.42222],[-79.87397,40.42156],[-79.874,40.4207],[-79.8724,40.41784],[-79.87208,40.4174],[-79.87199,40.41669],[-79.87116,40.41688],[-79.87068,40.41681],[-79.87011,40.41641],[-79.86877,40.41592],[-79.86769,40.41513],[-79.86799,40.41454],[-79.86918,40.41428],[-79.87203,40.41258],[-79.87205,40.41267],[-79.87285,40.41312],[-79.87406,40.41363],[-79.87515,40.41391],[-79.8771,40.41416],[-79.87833,40.4144],[-79.8802,40.41504],[-79.88097,40.41541],[-79.88187,40.41593],[-79.88314,40.41603],[-79.88373,40.41619],[-79.88733,40.4169],[-79.88869,40.4151],[-79.88816,40.41481],[-79.88989,40.41154],[-79.89063,40.41041],[-79.89431,40.41269],[-79.89619,40.414],[-79.8979,40.41496],[-79.89963,40.41546],[-79.89749,40.42594],[-79.89675,40.42627],[-79.89672,40.42647],[-79.89612,40.42626],[-79.89525,40.42605],[-79.8947,40.42567],[-79.8942,40.42556],[-79.8934,40.42565],[-79.89209,40.4263],[-79.89101,40.4272],[-79.89115,40.4274],[-79.89227,40.42793],[-79.89233,40.42798],[-79.89232,40.42807],[-79.89288,40.42827],[-79.89377,40.42693],[-79.89426,40.42702],[-79.8951,40.42817],[-79.89663,40.42752],[-79.89711,40.42762],[-79.89665,40.43014],[-79.89557,40.43497],[-79.89457,40.43354]]]]}},{"type":"Feature","properties":{"id":"855","name":"Tarentum Borough","type":"borough","fips":76104},"geometry":{"type":"MultiPolygon","coordinates":[[[[-79.75659,40.61182],[-79.75714,40.61074],[-79.75586,40.60904],[-79.75417,40.60989],[-79.75373,40.60953],[-79.75325,40.60886],[-79.7528,40.60909],[-79.75262,40.60886],[-79.75232,40.60902],[-79.75219,40.60885],[-79.75106,40.60886],[-79.74636,40.6051],[-79.74125,40.60078],[-79.74455,40.59992],[-79.74944,40.59887],[-79.75701,40.5965],[-79.76018,40.59517],[-79.76198,40.59436],[-79.76316,40.59365],[-79.76405,40.59288],[-79.76554,40.59671],[-79.76655,40.59761],[-79.76799,40.59879],[-79.76988,40.59972],[-79.77206,40.60124],[-79.77992,40.60608],[-79.7728,40.60619],[-79.7723,40.60604],[-79.77197,40.60602],[-79.77085,40.6062],[-79.77095,40.60919],[-79.76675,40.60927],[-79.76689,40.61422],[-79.76418,40.61425],[-79.76598,40.6165],[-79.76491,40.61649],[-79.76262,40.61609],[-79.76227,40.61614],[-79.7622,40.61599],[-79.76079,40.61531],[-79.76138,40.61465],[-79.76137,40.61428],[-79.75923,40.61433],[-79.75659,40.61182]]]]}},{"type":"Feature","properties":{"id":"856","name":"Thornburg Borough","type":"borough","fips":76560},"geometry":{"type":"MultiPolygon","coordinates":[[[[-80.0834,40.43977],[-80.0828,40.43939],[-80.08273,40.43923],[-80.08119,40.43923],[-80.08038,40.43965],[-80.07959,40.43944],[-80.07877,40.43903],[-80.07813,40.43864],[-80.07555,40.43504],[-80.07538,40.43423],[-80.07639,40.43169],[-80.07692,40.43165],[-80.08038,40.43208],[-80.08377,40.43087],[-80.0853,40.4299],[-80.08633,40.42839],[-80.09273,40.43235],[-80.09123,40.4371],[-80.08957,40.43629],[-80.08877,40.437],[-80.08847,40.43745],[-80.08779,40.43779],[-80.08694,40.43777],[-80.08601,40.43836],[-80.08567,40.43885],[-80.0865,40.43947],[-80.08636,40.43958],[-80.08522,40.43959],[-80.08379,40.44002],[-80.0834,40.43977]]]]}},{"type":"Feature","properties":{"id":"857","name":"Trafford Borough","type":"borough","fips":77272},"geometry":{"type":"MultiPolygon","coordinates":[[[[-79.76561,40.38448],[-79.7673,40.38213],[-79.76816,40.38039],[-79.77109,40.37543],[-79.77277,40.37667],[-79.773,40.37803],[-79.77307,40.37813],[-79.77503,40.37907],[-79.77348,40.38305],[-79.77202,40.38557],[-79.76807,40.38426],[-79.76561,40.38448]]],[[[-79.76561,40.38448],[-79.76483,40.38765],[-79.76576,40.3888],[-79.76594,40.38937],[-79.76574,40.38965],[-79.76484,40.39046],[-79.7642,40.39118],[-79.76377,40.39156],[-79.76284,40.39269],[-79.76167,40.39319],[-79.76003,40.39371],[-79.75972,40.39372],[-79.75929,40.3936],[-79.75819,40.39274],[-79.75724,40.39207],[-79.75468,40.39001],[-79.75407,40.38969],[-79.75363,40.38977],[-79.75218,40.38929],[-79.75097,40.38915],[-79.75099,40.3886],[-79.75108,40.38825],[-79.75107,40.38736],[-79.75123,40.38708],[-79.75149,40.38695],[-79.75173,40.38695],[-79.75202,40.38742],[-79.75247,40.38786],[-79.75356,40.38833],[-79.7566,40.38923],[-79.75883,40.39038],[-79.76112,40.39233],[-79.76213,40.39227],[-79.76301,40.39194],[-79.76359,40.39131],[-79.76464,40.39033],[-79.76481,40.39003],[-79.7649,40.38894],[-79.76448,40.38773],[-79.76401,40.38679],[-79.76361,40.38559],[-79.76371,40.38526],[-79.76396,40.38492],[-79.76439,40.384],[-79.76457,40.38385],[-79.7649,40.38378],[-79.76522,40.38387],[-79.76555,40.38419],[-79.76561,40.38448]]]]}},{"type":"Feature","properties":{"id":"858","name":"Turtle Creek Borough","type":"borough","fips":77912},"geometry":{"type":"MultiPolygon","coordinates":[[[[-79.81421,40.41884],[-79.81365,40.41844],[-79.81364,40.41832],[-79.81378,40.41812],[-79.8132,40.41743],[-79.81209,40.41761],[-79.81166,40.41787],[-79.81066,40.4164],[-79.81228,40.41379],[-79.81149,40.41315],[-79.8116,40.41296],[-79.8107,40.41272],[-79.81018,40.41248],[-79.80958,40.4123],[-79.8113,40.41104],[-79.81162,40.41045],[-79.81187,40.40971],[-79.81308,40.40819],[-79.81478,40.40624],[-79.81518,40.40579],[-79.81544,40.40564],[-79.8152,40.40521],[-79.81491,40.4053],[-79.81308,40.40552],[-79.81178,40.40336],[-79.81273,40.40235],[-79.81343,40.40268],[-79.81415,40.40182],[-79.81476,40.40132],[-79.81516,40.4011],[-79.81697,40.40237],[-79.81869,40.40046],[-79.82451,40.40303],[-79.82668,40.40424],[-79.8278,40.4043],[-79.82781,40.40288],[-79.82991,40.40065],[-79.83078,40.39956],[-79.83368,40.40041],[-79.83336,40.40445],[-79.8333,40.40594],[-79.83321,40.40657],[-79.83335,40.40674],[-79.83339,40.4069],[-79.83328,40.40794],[-79.83336,40.40885],[-79.83265,40.40984],[-79.83192,40.40927],[-79.83121,40.41068],[-79.82755,40.41008],[-79.82752,40.41092],[-79.82675,40.41397],[-79.82483,40.4125],[-79.82504,40.41309],[-79.82508,40.41353],[-79.82451,40.41476],[-79.82422,40.41518],[-79.82361,40.41593],[-79.82344,40.41599],[-79.82322,40.41622],[-79.8226,40.41647],[-79.82237,40.4165],[-79.82183,40.4167],[-79.82131,40.41675],[-79.82182,40.4163],[-79.82087,40.41649],[-79.82035,40.41599],[-79.81989,40.41629],[-79.81937,40.4158],[-79.81904,40.416],[-79.81852,40.41549],[-79.8161,40.41704],[-79.81486,40.41758],[-79.81499,40.41814],[-79.81421,40.41884]]]]}},{"type":"Feature","properties":{"id":"950","name":"Upper St. Clair Municipality","type":"municipality","fips":79274},"geometry":{"type":"MultiPolygon","coordinates":[[[[-80.07267,40.36379],[-80.0725,40.36407],[-80.06436,40.36176],[-80.05848,40.35783],[-80.05093,40.35301],[-80.05117,40.35105],[-80.05288,40.35074],[-80.05358,40.34901],[-80.05469,40.34654],[-80.05601,40.34325],[-80.05591,40.34312],[-80.05652,40.34283],[-80.05594,40.34211],[-80.0567,40.34175],[-80.05757,40.33968],[-80.05875,40.33579],[-80.05997,40.33262],[-80.06278,40.32624],[-80.06465,40.32148],[-80.06582,40.31876],[-80.06601,40.31816],[-80.0677,40.3141],[-80.0694,40.30981],[-80.07096,40.30609],[-80.07402,40.29972],[-80.08603,40.30326],[-80.10727,40.30977],[-80.11634,40.31269],[-80.11664,40.3133],[-80.11673,40.31372],[-80.11664,40.31413],[-80.11637,40.3146],[-80.1163,40.31491],[-80.1163,40.3152],[-80.11645,40.31554],[-80.11693,40.31582],[-80.11788,40.3161],[-80.11818,40.31637],[-80.11835,40.31675],[-80.11823,40.31715],[-80.11787,40.31748],[-80.11762,40.3176],[-80.11711,40.31779],[-80.11662,40.31789],[-80.11644,40.3179],[-80.11597,40.31778],[-80.11565,40.31778],[-80.11549,40.31782],[-80.11528,40.31797],[-80.11521,40.31815],[-80.11523,40.31848],[-80.11545,40.3186],[-80.11574,40.31867],[-80.11585,40.31876],[-80.11596,40.31914],[-80.11546,40.32047],[-80.11543,40.32082],[-80.11553,40.32145],[-80.1158,40.32206],[-80.11586,40.3224],[-80.11584,40.32256],[-80.11559,40.32294],[-80.11531,40.32303],[-80.11451,40.32295],[-80.11422,40.32307],[-80.11401,40.32354],[-80.11358,40.32409],[-80.11272,40.32457],[-80.11241,40.32459],[-80.1118,40.32456],[-80.11064,40.324],[-80.11037,40.32393],[-80.10847,40.32413],[-80.10676,40.32455],[-80.10624,40.3248],[-80.10548,40.32503],[-80.1045,40.32508],[-80.10389,40.3252],[-80.1034,40.32523],[-80.10259,40.3259],[-80.10224,40.32609],[-80.10179,40.32645],[-80.10149,40.32676],[-80.10121,40.32729],[-80.10095,40.32755],[-80.10072,40.32797],[-80.10074,40.32829],[-80.10094,40.32854],[-80.10117,40.32928],[-80.10116,40.32959],[-80.10105,40.32982],[-80.10107,40.33006],[-80.10114,40.3302],[-80.10129,40.33031],[-80.1015,40.3307],[-80.10162,40.33125],[-80.10154,40.3314],[-80.10101,40.33185],[-80.10095,40.33211],[-80.10095,40.33234],[-80.10104,40.3325],[-80.10138,40.33263],[-80.10202,40.33275],[-80.10283,40.33269],[-80.10387,40.33251],[-80.10497,40.33252],[-80.10686,40.33197],[-80.10755,40.33169],[-80.10871,40.33148],[-80.10982,40.33152],[-80.11206,40.33145],[-80.11353,40.33156],[-80.11401,40.33169],[-80.11434,40.33188],[-80.11472,40.33231],[-80.11501,40.33301],[-80.11534,40.33353],[-80.11534,40.3341],[-80.11489,40.33524],[-80.114,40.33683],[-80.11374,40.3372],[-80.11343,40.3375],[-80.11261,40.3388],[-80.11235,40.33944],[-80.11176,40.3405],[-80.11125,40.34126],[-80.10985,40.34382],[-80.10942,40.34442],[-80.10929,40.34472],[-80.10908,40.34563],[-80.10876,40.34587],[-80.10851,40.34617],[-80.10769,40.34735],[-80.10759,40.3476],[-80.1076,40.3481],[-80.10774,40.3482],[-80.108,40.34829],[-80.10832,40.3483],[-80.10888,40.34842],[-80.10933,40.34855],[-80.10992,40.34878],[-80.1101,40.34893],[-80.11032,40.34946],[-80.11026,40.34997],[-80.11033,40.35069],[-80.11059,40.35105],[-80.11052,40.35122],[-80.11013,40.35157],[-80.10818,40.35143],[-80.1075,40.35088],[-80.10686,40.35005],[-80.10618,40.3488],[-80.10451,40.34893],[-80.10395,40.34914],[-80.10245,40.34932],[-80.10246,40.34939],[-80.09971,40.34942],[-80.09909,40.34956],[-80.09877,40.34968],[-80.09798,40.35016],[-80.09562,40.35327],[-80.09207,40.35176],[-80.09023,40.35044],[-80.08993,40.35058],[-80.08769,40.35239],[-80.09525,40.3554],[-80.09539,40.35631],[-80.09624,40.35627],[-80.09693,40.35643],[-80.0982,40.35701],[-80.09866,40.3571],[-80.09904,40.35759],[-80.09777,40.35753],[-80.09539,40.3621],[-80.09496,40.3627],[-80.09536,40.36317],[-80.09513,40.36322],[-80.09519,40.36338],[-80.09513,40.36339],[-80.09505,40.36331],[-80.09503,40.3632],[-80.09511,40.36311],[-80.095,40.36297],[-80.09446,40.36253],[-80.0943,40.36243],[-80.09427,40.36255],[-80.0935,40.36257],[-80.09326,40.36252],[-80.09293,40.36241],[-80.09304,40.36208],[-80.09249,40.36204],[-80.09247,40.36209],[-80.0891,40.36182],[-80.08834,40.36193],[-80.08752,40.36225],[-80.08768,40.36284],[-80.08731,40.36276],[-80.08766,40.36373],[-80.08694,40.36399],[-80.08629,40.36388],[-80.0857,40.36304],[-80.08535,40.36313],[-80.08483,40.36317],[-80.08283,40.36302],[-80.08183,40.36307],[-80.08142,40.36429],[-80.07282,40.36344],[-80.07267,40.36379]]]]}},{"type":"Feature","properties":{"id":"859","name":"Verona Borough","type":"borough","fips":80032},"geometry":{"type":"MultiPolygon","coordinates":[[[[-79.85034,40.49595],[-79.84968,40.4976],[-79.84938,40.49887],[-79.84903,40.50126],[-79.84892,40.50245],[-79.84886,40.50367],[-79.84918,40.50612],[-79.84946,40.50743],[-79.84754,40.50776],[-79.84653,40.5082],[-79.84586,40.50882],[-79.84518,40.51014],[-79.84445,40.51119],[-79.84341,40.51131],[-79.84252,40.51152],[-79.8419,40.51186],[-79.84138,40.51191],[-79.83816,40.51184],[-79.83697,40.51174],[-79.83645,40.5115],[-79.83551,40.51149],[-79.83442,40.51204],[-79.83401,40.51262],[-79.83375,40.51032],[-79.83346,40.50139],[-79.8338,40.50136],[-79.8338,40.50085],[-79.83409,40.50085],[-79.83444,40.50122],[-79.83499,40.5015],[-79.83641,40.50187],[-79.83692,40.50209],[-79.83779,40.50221],[-79.83829,40.5026],[-79.83844,40.50279],[-79.83904,40.50308],[-79.84033,40.50361],[-79.84088,40.50365],[-79.84141,40.50345],[-79.84287,40.50337],[-79.84332,40.50232],[-79.84335,40.50139],[-79.84354,40.49951],[-79.84368,40.49867],[-79.84389,40.49798],[-79.84416,40.49748],[-79.84484,40.49645],[-79.84524,40.49599],[-79.85034,40.49595]]]]}},{"type":"Feature","properties":{"id":"860","name":"Versailles Borough","type":"borough","fips":80040},"geometry":{"type":"MultiPolygon","coordinates":[[[[-79.82001,40.3181],[-79.82107,40.31755],[-79.82281,40.31638],[-79.82608,40.31405],[-79.82707,40.31345],[-79.82825,40.31289],[-79.829,40.31258],[-79.83019,40.31227],[-79.83152,40.31212],[-79.8328,40.31212],[-79.83403,40.31218],[-79.83512,40.31233],[-79.83588,40.31249],[-79.83628,40.31277],[-79.83675,40.31322],[-79.8376,40.31439],[-79.83809,40.31515],[-79.83841,40.31587],[-79.83932,40.31721],[-79.83986,40.31774],[-79.84031,40.31846],[-79.84117,40.32016],[-79.84047,40.32031],[-79.83886,40.32085],[-79.83706,40.32155],[-79.83279,40.32425],[-79.83252,40.32354],[-79.83171,40.32087],[-79.83078,40.32059],[-79.83002,40.32046],[-79.82813,40.32056],[-79.82718,40.32043],[-79.82368,40.32324],[-79.8227,40.32277],[-79.82149,40.32056],[-79.82001,40.3181]]]]}},{"type":"Feature","properties":{"id":"861","name":"Wall Borough","type":"borough","fips":80600},"geometry":{"type":"MultiPolygon","coordinates":[[[[-79.8026,40.39143],[-79.80365,40.39261],[-79.80476,40.39358],[-79.80103,40.39352],[-79.80102,40.39333],[-79.79705,40.39364],[-79.79341,40.39416],[-79.79312,40.39399],[-79.79285,40.3939],[-79.79258,40.39389],[-79.77943,40.39579],[-79.77872,40.39579],[-79.77758,40.39544],[-79.77711,40.39516],[-79.77699,40.39497],[-79.77899,40.39334],[-79.77668,40.39176],[-79.77485,40.3904],[-79.77331,40.38831],[-79.77311,40.38791],[-79.77314,40.38758],[-79.77329,40.38732],[-79.77372,40.38699],[-79.77438,40.3866],[-79.7805,40.38997],[-79.78596,40.38802],[-79.78881,40.38715],[-79.79026,40.38594],[-79.79041,40.38615],[-79.79052,40.38667],[-79.79075,40.38772],[-79.79082,40.38849],[-79.79074,40.38944],[-79.7905,40.39038],[-79.791,40.39201],[-79.79109,40.39206],[-79.79317,40.39288],[-79.79466,40.39253],[-79.79657,40.39218],[-79.8026,40.39143]]]]}},{"type":"Feature","properties":{"id":"952","name":"West Deer Township","type":"township","fips":82800},"geometry":{"type":"MultiPolygon","coordinates":[[[[-79.84225,40.672],[-79.82945,40.67115],[-79.82205,40.67143],[-79.81873,40.67172],[-79.81696,40.67171],[-79.81652,40.6509],[-79.81638,40.63879],[-79.81612,40.63514],[-79.81313,40.6136],[-79.81285,40.60791],[-79.81287,40.60357],[-79.81264,40.60109],[-79.81264,40.59912],[-79.82062,40.59908],[-79.84509,40.59833],[-79.85947,40.59795],[-79.86935,40.59777],[-79.90296,40.59671],[-79.91974,40.59629],[-79.9201,40.60497],[-79.92013,40.60671],[-79.92043,40.61095],[-79.92061,40.61608],[-79.92115,40.62003],[-79.92135,40.62227],[-79.92211,40.63384],[-79.92237,40.63384],[-79.92267,40.64017],[-79.92293,40.64332],[-79.92389,40.6637],[-79.92418,40.67305],[-79.92169,40.6732],[-79.91438,40.6733],[-79.89117,40.67287],[-79.88291,40.67257],[-79.87517,40.6724],[-79.86014,40.67238],[-79.85132,40.67229],[-79.84225,40.672]]]]}},{"type":"Feature","properties":{"id":"862","name":"West Elizabeth Borough","type":"borough","fips":82848},"geometry":{"type":"MultiPolygon","coordinates":[[[[-79.8863,40.27692],[-79.88708,40.27594],[-79.88816,40.27494],[-79.88897,40.27405],[-79.89007,40.27308],[-79.89497,40.26893],[-79.89737,40.26717],[-79.89987,40.26921],[-79.90154,40.26804],[-79.90455,40.26984],[-79.9034,40.27046],[-79.90206,40.27105],[-79.899,40.27261],[-79.89674,40.27384],[-79.89352,40.27465],[-79.8909,40.2763],[-79.88942,40.27717],[-79.88789,40.2783],[-79.88736,40.27778],[-79.8863,40.27692]]]]}},{"type":"Feature","properties":{"id":"863","name":"West Homestead Borough","type":"borough","fips":83200},"geometry":{"type":"MultiPolygon","coordinates":[[[[-79.90738,40.39958],[-79.9067,40.39907],[-79.90633,40.39858],[-79.90662,40.39833],[-79.90745,40.39683],[-79.90644,40.39621],[-79.90608,40.39604],[-79.90567,40.396],[-79.90463,40.39613],[-79.90299,40.39489],[-79.90531,40.39317],[-79.90764,40.38918],[-79.90821,40.38935],[-79.90789,40.38807],[-79.90878,40.38758],[-79.91059,40.3896],[-79.91202,40.38979],[-79.91347,40.39015],[-79.91787,40.38804],[-79.91847,40.38848],[-79.91679,40.39079],[-79.91709,40.39092],[-79.91669,40.39151],[-79.91637,40.39137],[-79.9149,40.3934],[-79.91692,40.39393],[-79.91331,40.39698],[-79.9164,40.39879],[-79.9166,40.39862],[-79.91825,40.39931],[-79.92965,40.38972],[-79.93236,40.39151],[-79.93301,40.39764],[-79.93157,40.39817],[-79.92916,40.39926],[-79.92723,40.40093],[-79.92554,40.40289],[-79.92406,40.40449],[-79.9212,40.40822],[-79.9196,40.40977],[-79.91847,40.40897],[-79.91539,40.40664],[-79.91328,40.40519],[-79.91174,40.40314],[-79.91284,40.40276],[-79.91367,40.40235],[-79.91553,40.40093],[-79.91435,40.40031],[-79.91203,40.39956],[-79.91217,40.39944],[-79.91146,40.39893],[-79.90969,40.39915],[-79.90877,40.39986],[-79.90776,40.39905],[-79.90738,40.39958]]]]}},{"type":"Feature","properties":{"id":"870","name":"West Mifflin Borough","type":"borough","fips":83512},"geometry":{"type":"MultiPolygon","coordinates":[[[[-79.86411,40.39228],[-79.86219,40.39177],[-79.86043,40.39087],[-79.8545,40.38878],[-79.85835,40.38689],[-79.86886,40.38194],[-79.86644,40.37989],[-79.86469,40.37859],[-79.86168,40.3761],[-79.86194,40.37588],[-79.85723,40.37089],[-79.85784,40.3705],[-79.85778,40.36921],[-79.85824,40.36792],[-79.85965,40.36813],[-79.8595,40.36698],[-79.85681,40.3656],[-79.8557,40.3639],[-79.85431,40.36107],[-79.85345,40.36132],[-79.84697,40.36035],[-79.84751,40.35862],[-79.84795,40.35694],[-79.85048,40.35661],[-79.85312,40.35646],[-79.85555,40.35641],[-79.86062,40.35642],[-79.86339,40.35632],[-79.86663,40.356],[-79.87296,40.35511],[-79.87511,40.35471],[-79.87668,40.35435],[-79.87724,40.35771],[-79.88043,40.35731],[-79.88118,40.35715],[-79.88137,40.35758],[-79.88311,40.35758],[-79.88482,40.3574],[-79.88588,40.3593],[-79.88688,40.35929],[-79.88748,40.35919],[-79.88846,40.35896],[-79.89185,40.35787],[-79.89245,40.35777],[-79.89388,40.3577],[-79.89434,40.35763],[-79.89599,40.3568],[-79.89758,40.3563],[-79.89822,40.35602],[-79.89947,40.35606],[-79.89996,40.35575],[-79.90139,40.35385],[-79.90192,40.35292],[-79.90206,40.35274],[-79.9023,40.35258],[-79.9035,40.35228],[-79.90397,40.35224],[-79.90567,40.35251],[-79.90617,40.35247],[-79.9062,40.35243],[-79.89727,40.34631],[-79.8973,40.34622],[-79.89699,40.3457],[-79.89499,40.34439],[-79.89623,40.34187],[-79.896,40.34167],[-79.89584,40.34141],[-79.89558,40.34126],[-79.89345,40.34076],[-79.89386,40.33999],[-79.89189,40.339],[-79.89247,40.33817],[-79.89448,40.33563],[-79.89505,40.33473],[-79.89551,40.33378],[-79.89587,40.33281],[-79.89649,40.33044],[-79.89709,40.32701],[-79.89731,40.32488],[-79.89754,40.32374],[-79.89763,40.32185],[-79.89741,40.32102],[-79.89668,40.31975],[-79.89846,40.31949],[-79.92581,40.32561],[-79.92624,40.32458],[-79.92709,40.32448],[-79.92743,40.32499],[-79.9277,40.32523],[-79.92831,40.32556],[-79.92917,40.32589],[-79.93092,40.32521],[-79.93132,40.32547],[-79.9315,40.32687],[-79.93416,40.32805],[-79.9373,40.32996],[-79.9407,40.33178],[-79.9473,40.3357],[-79.95126,40.33776],[-79.95958,40.34254],[-79.9613,40.34345],[-79.96247,40.34416],[-79.96538,40.34575],[-79.96343,40.3478],[-79.9613,40.35018],[-79.96001,40.3506],[-79.96062,40.35158],[-79.96067,40.35181],[-79.95898,40.35231],[-79.95822,40.35298],[-79.9566,40.35528],[-79.9569,40.35623],[-79.95609,40.35674],[-79.95515,40.3581],[-79.95393,40.35887],[-79.95154,40.35968],[-79.95026,40.36071],[-79.94886,40.36463],[-79.94877,40.36682],[-79.94787,40.36887],[-79.94577,40.36954],[-79.94324,40.37189],[-79.94063,40.37467],[-79.93944,40.37395],[-79.92663,40.375],[-79.92499,40.3751],[-79.92469,40.37307],[-79.92344,40.37054],[-79.92236,40.37072],[-79.92229,40.36864],[-79.92068,40.36543],[-79.91372,40.36552],[-79.9133,40.36465],[-79.912,40.36499],[-79.91139,40.364],[-79.91088,40.36282],[-79.90821,40.36358],[-79.90718,40.36153],[-79.90591,40.36208],[-79.90495,40.36217],[-79.90526,40.36287],[-79.9003,40.36526],[-79.90132,40.36752],[-79.90344,40.3719],[-79.90854,40.37046],[-79.91184,40.3728],[-79.90885,40.3767],[-79.90594,40.37557],[-79.90527,40.3754],[-79.90246,40.37541],[-79.89823,40.37517],[-79.89784,40.37522],[-79.89749,40.37538],[-79.89639,40.37637],[-79.89567,40.37695],[-79.89547,40.37702],[-79.89531,40.37702],[-79.89317,40.37646],[-79.89241,40.37632],[-79.89131,40.37636],[-79.89116,40.37728],[-79.89096,40.37939],[-79.89025,40.38019],[-79.8894,40.38082],[-79.89082,40.38169],[-79.8901,40.38285],[-79.88999,40.3833],[-79.89,40.3837],[-79.88977,40.38376],[-79.89037,40.38385],[-79.89048,40.38328],[-79.89092,40.38327],[-79.89094,40.38297],[-79.8946,40.38421],[-79.89439,40.38642],[-79.89473,40.3871],[-79.89486,40.38776],[-79.89469,40.38774],[-79.89435,40.38987],[-79.89357,40.39121],[-79.89366,40.39275],[-79.89433,40.39344],[-79.89428,40.39399],[-79.89375,40.39459],[-79.89352,40.39536],[-79.89368,40.3954],[-79.89141,40.39632],[-79.88982,40.39523],[-79.88939,40.39552],[-79.88452,40.3975],[-79.88533,40.39875],[-79.88311,40.39971],[-79.87672,40.40219],[-79.87285,40.39825],[-79.87098,40.39666],[-79.869,40.39514],[-79.86661,40.39355],[-79.86411,40.39228]]]]}},{"type":"Feature","properties":{"id":"864","name":"West View Borough","type":"borough","fips":84144},"geometry":{"type":"MultiPolygon","coordinates":[[[[-80.03897,40.5272],[-80.03867,40.52723],[-80.03767,40.52761],[-80.0373,40.52759],[-80.037,40.52743],[-80.03682,40.52711],[-80.03685,40.52693],[-80.03704,40.52649],[-80.03692,40.52584],[-80.03677,40.5257],[-80.03657,40.52564],[-80.0356,40.52576],[-80.03525,40.52438],[-80.03504,40.52389],[-80.03229,40.52412],[-80.02895,40.52427],[-80.02881,40.52225],[-80.02688,40.52223],[-80.02671,40.52147],[-80.02579,40.52103],[-80.02411,40.52092],[-80.02327,40.52108],[-80.01777,40.51442],[-80.02389,40.50977],[-80.0251,40.5101],[-80.02655,40.50899],[-80.0282,40.50947],[-80.02867,40.51014],[-80.03001,40.51119],[-80.03148,40.51164],[-80.03157,40.5118],[-80.0314,40.51257],[-80.03105,40.51275],[-80.03079,40.51322],[-80.03018,40.5138],[-80.03272,40.51671],[-80.0351,40.5159],[-80.03995,40.5153],[-80.04309,40.51438],[-80.04732,40.51301],[-80.04737,40.51354],[-80.04733,40.5136],[-80.0478,40.51869],[-80.04804,40.52051],[-80.04812,40.5219],[-80.0479,40.52185],[-80.04584,40.52171],[-80.04227,40.52171],[-80.04116,40.52207],[-80.03997,40.52226],[-80.04224,40.52706],[-80.04091,40.52852],[-80.0401,40.52789],[-80.03958,40.52739],[-80.03927,40.52724],[-80.03897,40.5272]]]]}},{"type":"Feature","properties":{"id":"865","name":"Whitaker Borough","type":"borough","fips":84440},"geometry":{"type":"MultiPolygon","coordinates":[[[[-79.87944,40.40424],[-79.87672,40.40219],[-79.88311,40.39971],[-79.88533,40.39875],[-79.88452,40.3975],[-79.88939,40.39552],[-79.88982,40.39523],[-79.89141,40.39632],[-79.89368,40.3954],[-79.89559,40.39767],[-79.89612,40.39845],[-79.89029,40.40081],[-79.89053,40.40108],[-79.88837,40.4017],[-79.88425,40.40302],[-79.88437,40.40395],[-79.88677,40.4058],[-79.88728,40.40613],[-79.88747,40.40633],[-79.88754,40.40646],[-79.88706,40.40705],[-79.88541,40.40653],[-79.88451,40.4072],[-79.88121,40.40555],[-79.87944,40.40424]]]]}},{"type":"Feature","properties":{"id":"875","name":"White Oak Borough","type":"borough","fips":84704},"geometry":{"type":"MultiPolygon","coordinates":[[[[-79.77441,40.35969],[-79.77952,40.3351],[-79.7798,40.33321],[-79.782,40.32379],[-79.78223,40.32177],[-79.78376,40.31545],[-79.78768,40.31506],[-79.79043,40.31796],[-79.7919,40.31847],[-79.79224,40.31948],[-79.79357,40.32021],[-79.79632,40.31825],[-79.79982,40.31917],[-79.80332,40.31981],[-79.81051,40.32017],[-79.81248,40.32007],[-79.81442,40.31988],[-79.81607,40.31961],[-79.81674,40.32066],[-79.8177,40.32201],[-79.81769,40.32245],[-79.81748,40.32291],[-79.81611,40.32438],[-79.81557,40.3252],[-79.81605,40.3254],[-79.81584,40.3269],[-79.8159,40.32739],[-79.81602,40.32768],[-79.81632,40.32809],[-79.81669,40.32838],[-79.81715,40.32864],[-79.81806,40.32776],[-79.81821,40.32749],[-79.8196,40.33011],[-79.82,40.3321],[-79.82,40.33329],[-79.8203,40.33815],[-79.81883,40.33817],[-79.81912,40.34379],[-79.82195,40.34389],[-79.82177,40.3447],[-79.8226,40.34471],[-79.82458,40.34486],[-79.82862,40.34471],[-79.82919,40.3454],[-79.831,40.3479],[-79.83077,40.34811],[-79.83029,40.34922],[-79.8302,40.3496],[-79.83012,40.35077],[-79.83006,40.35101],[-79.82984,40.35125],[-79.8297,40.35189],[-79.82799,40.35225],[-79.82644,40.35198],[-79.8244,40.35418],[-79.82647,40.3552],[-79.82773,40.35607],[-79.82879,40.35667],[-79.83003,40.3571],[-79.83165,40.35755],[-79.83198,40.35805],[-79.8312,40.35908],[-79.83067,40.35967],[-79.82987,40.36026],[-79.829,40.36081],[-79.82918,40.36121],[-79.82191,40.36111],[-79.81347,40.36069],[-79.81262,40.361],[-79.80163,40.3603],[-79.79601,40.36023],[-79.78585,40.3599],[-79.77441,40.35969]]]]}},{"type":"Feature","properties":{"id":"874","name":"Whitehall Borough","type":"borough","fips":84512},"geometry":{"type":"MultiPolygon","coordinates":[[[[-79.98604,40.37783],[-79.98619,40.37754],[-79.98571,40.37723],[-79.98542,40.37674],[-79.98694,40.37509],[-79.98477,40.37212],[-79.98617,40.37026],[-79.9859,40.36942],[-79.98499,40.36823],[-79.98782,40.36556],[-79.98886,40.36395],[-79.98772,40.36201],[-79.98692,40.36226],[-79.98335,40.36257],[-79.98269,40.36152],[-79.98239,40.36086],[-79.98177,40.36119],[-79.97485,40.3643],[-79.97112,40.36676],[-79.96961,40.36748],[-79.96448,40.36971],[-79.95891,40.36431],[-79.96433,40.36343],[-79.966,40.36509],[-79.96773,40.36339],[-79.96811,40.36343],[-79.96804,40.36307],[-79.96784,40.36257],[-79.96661,40.36053],[-79.96582,40.3584],[-79.96528,40.35779],[-79.96843,40.35635],[-79.96946,40.3577],[-79.97136,40.35541],[-79.97284,40.35379],[-79.97142,40.35208],[-79.97416,40.35038],[-79.97549,40.35041],[-79.97668,40.35051],[-79.97646,40.35015],[-79.97593,40.3495],[-79.9743,40.34787],[-79.97382,40.34714],[-79.97314,40.34562],[-79.97564,40.345],[-79.97578,40.34457],[-79.97775,40.34442],[-79.98119,40.34481],[-79.98122,40.34475],[-79.98442,40.34522],[-79.98507,40.34538],[-79.98563,40.34567],[-79.98597,40.34596],[-79.98781,40.34835],[-79.98846,40.34891],[-79.98909,40.3493],[-79.99009,40.3497],[-79.99078,40.34987],[-79.99492,40.35045],[-79.99547,40.35067],[-79.99621,40.35074],[-79.99712,40.35074],[-79.9982,40.35058],[-79.99824,40.35064],[-79.99913,40.35044],[-79.99974,40.3502],[-80.00413,40.34817],[-80.00428,40.34941],[-80.00372,40.34937],[-80.00415,40.34988],[-80.00391,40.34999],[-80.00418,40.35032],[-80.00371,40.3505],[-80.00379,40.35063],[-80.00352,40.35075],[-80.00343,40.35064],[-80.00311,40.3508],[-80.00537,40.35286],[-80.00677,40.35233],[-80.00739,40.35288],[-80.00904,40.35238],[-80.00917,40.35226],[-80.00945,40.35233],[-80.0105,40.3517],[-80.01041,40.35161],[-80.01093,40.35135],[-80.01067,40.35046],[-80.01141,40.35049],[-80.01148,40.35175],[-80.01166,40.35205],[-80.01709,40.35904],[-80.01641,40.359],[-80.01629,40.35955],[-80.01596,40.35986],[-80.01277,40.36194],[-80.01111,40.36199],[-80.00957,40.36035],[-80.00488,40.3648],[-80.00795,40.36665],[-80.00354,40.36941],[-80.00081,40.37104],[-80.00159,40.37485],[-80.00114,40.37503],[-79.99913,40.37735],[-79.99805,40.37648],[-79.99495,40.37567],[-79.99441,40.37573],[-79.994,40.37585],[-79.99413,40.37674],[-79.99401,40.3773],[-79.99358,40.37833],[-79.9929,40.37861],[-79.99251,40.37864],[-79.99113,40.37893],[-79.99022,40.3788],[-79.98604,40.37783]]]]}},{"type":"Feature","properties":{"id":"953","name":"Wilkins Township","type":"township","fips":85184},"geometry":{"type":"MultiPolygon","coordinates":[[[[-79.80231,40.43098],[-79.8024,40.42951],[-79.80258,40.4291],[-79.80277,40.42791],[-79.80311,40.42723],[-79.80338,40.42696],[-79.8053,40.42599],[-79.80624,40.42565],[-79.80694,40.42554],[-79.80801,40.4251],[-79.80881,40.42437],[-79.80934,40.42364],[-79.80962,40.42351],[-79.80997,40.42345],[-79.81023,40.42326],[-79.81049,40.42298],[-79.81069,40.42288],[-79.81084,40.42282],[-79.81144,40.42275],[-79.81175,40.42259],[-79.81617,40.41974],[-79.81676,40.41922],[-79.81722,40.41872],[-79.81783,40.41789],[-79.81817,40.41765],[-79.81953,40.41705],[-79.82014,40.41689],[-79.82183,40.4167],[-79.82237,40.4165],[-79.8226,40.41647],[-79.82322,40.41622],[-79.82344,40.41599],[-79.82361,40.41593],[-79.82422,40.41518],[-79.82451,40.41476],[-79.82508,40.41353],[-79.82504,40.41309],[-79.82483,40.4125],[-79.82675,40.41397],[-79.82752,40.41092],[-79.82755,40.41008],[-79.83121,40.41068],[-79.83192,40.40927],[-79.83265,40.40984],[-79.83336,40.40885],[-79.83328,40.40794],[-79.83339,40.4069],[-79.83335,40.40674],[-79.83321,40.40657],[-79.83326,40.4065],[-79.83333,40.40533],[-79.83709,40.40252],[-79.83814,40.4041],[-79.83827,40.4052],[-79.83897,40.4058],[-79.83396,40.40947],[-79.83443,40.4104],[-79.83722,40.41306],[-79.83847,40.41507],[-79.83898,40.41488],[-79.83871,40.41524],[-79.83854,40.41534],[-79.83921,40.41648],[-79.84,40.4162],[-79.84049,40.41694],[-79.83966,40.41723],[-79.84066,40.41892],[-79.84129,40.41866],[-79.84152,40.41902],[-79.84091,40.41932],[-79.84145,40.42018],[-79.84302,40.42212],[-79.8436,40.4245],[-79.84405,40.42511],[-79.84716,40.42857],[-79.84484,40.42931],[-79.84389,40.42813],[-79.83456,40.42867],[-79.83389,40.42771],[-79.83373,40.42873],[-79.83304,40.4294],[-79.83256,40.43031],[-79.83181,40.43045],[-79.83063,40.42853],[-79.82992,40.4275],[-79.83096,40.42392],[-79.83132,40.42295],[-79.82969,40.42318],[-79.8288,40.42585],[-79.82812,40.42538],[-79.82643,40.42571],[-79.82775,40.42969],[-79.8292,40.42932],[-79.83005,40.43082],[-79.83001,40.43092],[-79.82895,40.4313],[-79.82883,40.4314],[-79.82703,40.43202],[-79.82558,40.43151],[-79.82481,40.43129],[-79.82458,40.43057],[-79.82338,40.43087],[-79.8223,40.43171],[-79.82105,40.43292],[-79.82089,40.43331],[-79.821,40.43361],[-79.82097,40.43388],[-79.82115,40.43419],[-79.82191,40.43464],[-79.82238,40.43559],[-79.82615,40.43908],[-79.82496,40.43999],[-79.82472,40.44091],[-79.82814,40.44168],[-79.82732,40.445],[-79.82004,40.4432],[-79.80267,40.43859],[-79.80287,40.43849],[-79.8031,40.43773],[-79.80309,40.43738],[-79.80294,40.43668],[-79.80296,40.4365],[-79.80316,40.43626],[-79.80355,40.43595],[-79.80447,40.43494],[-79.80454,40.43475],[-79.80456,40.43424],[-79.80422,40.43356],[-79.80359,40.43297],[-79.80209,40.43202],[-79.80198,40.43154],[-79.80231,40.43098]]]]}},{"type":"Feature","properties":{"id":"866","name":"Wilkinsburg Borough","type":"borough","fips":85188},"geometry":{"type":"MultiPolygon","coordinates":[[[[-79.85788,40.45898],[-79.85729,40.45725],[-79.85695,40.45736],[-79.85553,40.4574],[-79.8555,40.45641],[-79.85556,40.4548],[-79.85548,40.45361],[-79.85424,40.45362],[-79.85405,40.44582],[-79.8585,40.44517],[-79.85789,40.44287],[-79.8621,40.44154],[-79.86161,40.4394],[-79.86284,40.43867],[-79.86512,40.43746],[-79.86148,40.43825],[-79.86675,40.43133],[-79.872,40.43355],[-79.87192,40.43369],[-79.87403,40.4342],[-79.87424,40.43502],[-79.87418,40.43527],[-79.87637,40.43479],[-79.87754,40.43551],[-79.87918,40.434],[-79.88266,40.43609],[-79.8859,40.43688],[-79.88958,40.43562],[-79.89457,40.43354],[-79.89557,40.43497],[-79.89446,40.44057],[-79.89243,40.45027],[-79.89177,40.45011],[-79.89045,40.44947],[-79.88982,40.44906],[-79.88901,40.44834],[-79.88855,40.44785],[-79.8881,40.44764],[-79.88593,40.44692],[-79.88458,40.44931],[-79.88409,40.44915],[-79.88403,40.44893],[-79.87832,40.44993],[-79.87269,40.44938],[-79.86714,40.4494],[-79.86585,40.45575],[-79.86828,40.45636],[-79.86706,40.45854],[-79.86063,40.4586],[-79.86065,40.45888],[-79.85962,40.45891],[-79.85962,40.45937],[-79.85802,40.45942],[-79.85788,40.45898]]]]}},{"type":"Feature","properties":{"id":"867","name":"Wilmerding Borough","type":"borough","fips":85496},"geometry":{"type":"MultiPolygon","coordinates":[[[[-79.815,40.40119],[-79.81407,40.4006],[-79.81361,40.40105],[-79.81243,40.39998],[-79.81143,40.39931],[-79.81164,40.39901],[-79.81124,40.39877],[-79.80917,40.39704],[-79.80765,40.39681],[-79.80646,40.39681],[-79.80646,40.39692],[-79.80597,40.39786],[-79.80563,40.39822],[-79.80544,40.39864],[-79.80432,40.39843],[-79.80454,40.3968],[-79.80366,40.39653],[-79.80209,40.39565],[-79.80217,40.39559],[-79.80149,40.39514],[-79.80181,40.39482],[-79.80146,40.39463],[-79.80145,40.39411],[-79.80453,40.39424],[-79.80492,40.39408],[-79.80496,40.39396],[-79.80499,40.39376],[-79.80365,40.39261],[-79.8026,40.39143],[-79.81152,40.3867],[-79.81439,40.38988],[-79.81445,40.39097],[-79.81441,40.39293],[-79.813,40.39514],[-79.81631,40.3971],[-79.81597,40.39793],[-79.81617,40.39849],[-79.81735,40.39982],[-79.81818,40.40016],[-79.81869,40.40046],[-79.81697,40.40237],[-79.81516,40.4011],[-79.815,40.40119]]]]}}]}